users_count,traffic_level,team_size,update_frequency,integrations,security_level,scalability_need,architecture,deployment_method,api_style
119799,High,34,Daily,12,High,High,Kubernetes Deployment,Kubernetes Orchestration Deployment,REST API + gRPC/Event-Driven
167911,High,36,Daily,13,High,High,Kubernetes Deployment,Kubernetes Orchestration Deployment,REST API + gRPC/Event-Driven
72556,High,21,Daily,22,High,High,Kubernetes Deployment,Kubernetes Orchestration Deployment,REST API + gRPC/Event-Driven
16437,Low,13,Weekly,7,Medium,Medium,Containerized App,Docker Container Deployment,REST API
40804,Medium,23,Weekly,15,High,High,Microservices,Microservices with Docker,REST API + gRPC
47202,Medium,24,Weekly,13,Medium,High,Microservices,Microservices with Docker,REST API + gRPC
1894,Low,3,Monthly,3,Medium,Low,Monolithic,Single Server Deployment,REST API
3531,Low,2,Monthly,3,Low,Low,Monolithic,Single Server Deployment,REST API
16875,Medium,8,Weekly,7,High,Low,Containerized App,Docker Container Deployment,REST API
119489,High,34,Daily,12,High,High,Kubernetes Deployment,Kubernetes Orchestration Deployment,REST API + gRPC/Event-Driven
5191,Low,7,Monthly,3,High,Low,Containerized App,Docker Container Deployment,REST API
32057,High,25,Daily,9,High,High,Microservices,Microservices with Docker,REST API + gRPC
67755,High,42,Daily,21,High,High,Kubernetes Deployment,Kubernetes Orchestration Deployment,REST API + gRPC/Event-Driven
192636,High,42,Daily,10,High,High,Kubernetes Deployment,Kubernetes Orchestration Deployment,REST API + gRPC/Event-Driven
6257,Low,7,Monthly,7,Medium,Low,Containerized App,Docker Container Deployment,REST API
4889,Low,2,Monthly,2,Low,Low,Monolithic,Single Server Deployment,REST API
72044,High,26,Daily,21,High,High,Kubernetes Deployment,Kubernetes Orchestration Deployment,REST API + gRPC/Event-Driven
42457,High,22,Daily,15,Medium,High,Microservices,Microservices with Docker,REST API + gRPC
16724,Low,10,Weekly,3,High,Medium,Containerized App,Docker Container Deployment,REST API
39643,High,30,Daily,15,High,High,Microservices,Microservices with Docker,REST API + gRPC
2751,Low,4,Monthly,2,Medium,Low,Monolithic,Single Server Deployment,REST API
171577,High,34,Daily,17,High,High,Kubernetes Deployment,Kubernetes Orchestration Deployment,REST API + gRPC/Event-Driven
15900,Medium,12,Weekly,5,Medium,Medium,Containerized App,Docker Container Deployment,REST API
22958,Medium,28,Weekly,15,Medium,High,Microservices,Microservices with Docker,REST API + gRPC
745,Low,5,Monthly,2,Medium,Low,Monolithic,Single Server Deployment,REST API
57201,High,34,Daily,20,High,High,Kubernetes Deployment,Kubernetes Orchestration Deployment,REST API + gRPC/Event-Driven
2949,Low,5,Monthly,1,Low,Low,Monolithic,Single Server Deployment,REST API
1101,Low,5,Monthly,2,Medium,Low,Monolithic,Single Server Deployment,REST API
5017,Medium,15,Weekly,8,Medium,Low,Containerized App,Docker Container Deployment,REST API
25086,High,28,Daily,14,High,Medium,Microservices,Microservices with Docker,REST API + gRPC
18299,Medium,6,Weekly,6,High,Medium,Containerized App,Docker Container Deployment,REST API
45975,Medium,19,Weekly,9,Medium,High,Microservices,Microservices with Docker,REST API + gRPC
8472,Low,13,Weekly,3,Medium,Medium,Containerized App,Docker Container Deployment,REST API
10806,Low,12,Monthly,8,High,Low,Containerized App,Docker Container Deployment,REST API
4517,Low,4,Monthly,3,Low,Low,Monolithic,Single Server Deployment,REST API
17326,Low,10,Weekly,8,Medium,Low,Containerized App,Docker Container Deployment,REST API
18227,Medium,9,Monthly,4,High,Low,Containerized App,Docker Container Deployment,REST API
199419,High,23,Daily,14,High,High,Kubernetes Deployment,Kubernetes Orchestration Deployment,REST API + gRPC/Event-Driven
177425,High,37,Daily,19,High,High,Kubernetes Deployment,Kubernetes Orchestration Deployment,REST API + gRPC/Event-Driven
52040,High,29,Daily,12,High,High,Kubernetes Deployment,Kubernetes Orchestration Deployment,REST API + gRPC/Event-Driven
96484,High,20,Daily,15,High,High,Kubernetes Deployment,Kubernetes Orchestration Deployment,REST API + gRPC/Event-Driven
4177,Low,3,Monthly,3,Low,Low,Monolithic,Single Server Deployment,REST API
177391,High,40,Daily,20,High,High,Kubernetes Deployment,Kubernetes Orchestration Deployment,REST API + gRPC/Event-Driven
23016,Medium,18,Daily,15,High,High,Microservices,Microservices with Docker,REST API + gRPC
47304,High,26,Weekly,14,High,Medium,Microservices,Microservices with Docker,REST API + gRPC
45410,Medium,22,Weekly,10,High,Medium,Microservices,Microservices with Docker,REST API + gRPC
64908,High,20,Daily,17,High,High,Kubernetes Deployment,Kubernetes Orchestration Deployment,REST API + gRPC/Event-Driven
5417,Medium,9,Weekly,3,High,Medium,Containerized App,Docker Container Deployment,REST API
4849,Low,4,Monthly,2,Low,Low,Monolithic,Single Server Deployment,REST API
3827,Low,4,Monthly,2,Medium,Low,Monolithic,Single Server Deployment,REST API
32946,Medium,27,Daily,9,Medium,Medium,Microservices,Microservices with Docker,REST API + gRPC
18640,Low,13,Monthly,3,Medium,Low,Containerized App,Docker Container Deployment,REST API
1108,Low,4,Monthly,3,Low,Low,Monolithic,Single Server Deployment,REST API
25382,Medium,23,Weekly,13,Medium,High,Microservices,Microservices with Docker,REST API + gRPC
59441,High,34,Daily,23,High,High,Kubernetes Deployment,Kubernetes Orchestration Deployment,REST API + gRPC/Event-Driven
183296,High,22,Daily,24,High,High,Kubernetes Deployment,Kubernetes Orchestration Deployment,REST API + gRPC/Event-Driven
47387,Medium,28,Daily,10,High,Medium,Microservices,Microservices with Docker,REST API + gRPC
2459,Low,3,Monthly,2,Medium,Low,Monolithic,Single Server Deployment,REST API
51629,High,43,Daily,20,High,High,Kubernetes Deployment,Kubernetes Orchestration Deployment,REST API + gRPC/Event-Driven
14817,Medium,8,Weekly,3,Medium,Low,Containerized App,Docker Container Deployment,REST API
11792,Low,12,Monthly,7,High,Medium,Containerized App,Docker Container Deployment,REST API
13243,Low,14,Weekly,8,High,Low,Containerized App,Docker Container Deployment,REST API
31677,Medium,27,Weekly,9,High,High,Microservices,Microservices with Docker,REST API + gRPC
14237,Medium,6,Monthly,5,Medium,Medium,Containerized App,Docker Container Deployment,REST API
3280,Low,2,Monthly,3,Low,Low,Monolithic,Single Server Deployment,REST API
130537,High,33,Daily,22,High,High,Kubernetes Deployment,Kubernetes Orchestration Deployment,REST API + gRPC/Event-Driven
22502,Medium,16,Weekly,11,High,Medium,Microservices,Microservices with Docker,REST API + gRPC
92868,High,48,Daily,18,High,High,Kubernetes Deployment,Kubernetes Orchestration Deployment,REST API + gRPC/Event-Driven
3418,Low,3,Monthly,1,Medium,Low,Monolithic,Single Server Deployment,REST API
166286,High,31,Daily,25,High,High,Kubernetes Deployment,Kubernetes Orchestration Deployment,REST API + gRPC/Event-Driven
12911,Low,9,Monthly,5,High,Medium,Containerized App,Docker Container Deployment,REST API
18246,Low,9,Weekly,3,High,Low,Containerized App,Docker Container Deployment,REST API
109735,High,45,Daily,21,High,High,Kubernetes Deployment,Kubernetes Orchestration Deployment,REST API + gRPC/Event-Driven
61674,High,24,Daily,12,High,High,Kubernetes Deployment,Kubernetes Orchestration Deployment,REST API + gRPC/Event-Driven
6553,Medium,12,Monthly,5,Medium,Medium,Containerized App,Docker Container Deployment,REST API
38032,Medium,26,Daily,15,High,High,Microservices,Microservices with Docker,REST API + gRPC
2592,Low,2,Monthly,1,Medium,Low,Monolithic,Single Server Deployment,REST API
44292,Medium,18,Weekly,15,High,High,Microservices,Microservices with Docker,REST API + gRPC
17428,Medium,12,Monthly,8,Medium,Low,Containerized App,Docker Container Deployment,REST API
34977,High,29,Weekly,11,High,High,Microservices,Microservices with Docker,REST API + gRPC
1531,Low,2,Monthly,1,Medium,Low,Monolithic,Single Server Deployment,REST API
45543,High,30,Daily,13,High,High,Microservices,Microservices with Docker,REST API + gRPC
11770,Medium,12,Monthly,8,Medium,Low,Containerized App,Docker Container Deployment,REST API
169556,High,32,Daily,23,High,High,Kubernetes Deployment,Kubernetes Orchestration Deployment,REST API + gRPC/Event-Driven
25168,High,28,Weekly,15,Medium,High,Microservices,Microservices with Docker,REST API + gRPC
3162,Low,3,Monthly,3,Low,Low,Monolithic,Single Server Deployment,REST API
47211,Medium,16,Weekly,10,High,Medium,Microservices,Microservices with Docker,REST API + gRPC
17408,Medium,6,Weekly,6,High,Low,Containerized App,Docker Container Deployment,REST API
30183,Medium,20,Daily,15,High,High,Microservices,Microservices with Docker,REST API + gRPC
2968,Low,4,Monthly,1,Medium,Low,Monolithic,Single Server Deployment,REST API
30469,Medium,27,Weekly,15,High,Medium,Microservices,Microservices with Docker,REST API + gRPC
7555,Low,15,Weekly,7,High,Medium,Containerized App,Docker Container Deployment,REST API
7352,Low,12,Monthly,6,High,Low,Containerized App,Docker Container Deployment,REST API
17409,Low,9,Weekly,3,Medium,Medium,Containerized App,Docker Container Deployment,REST API
81800,High,32,Daily,16,High,High,Kubernetes Deployment,Kubernetes Orchestration Deployment,REST API + gRPC/Event-Driven
449,Low,5,Monthly,1,Low,Low,Monolithic,Single Server Deployment,REST API
83052,High,44,Daily,19,High,High,Kubernetes Deployment,Kubernetes Orchestration Deployment,REST API + gRPC/Event-Driven
7231,Medium,6,Monthly,5,High,Low,Containerized App,Docker Container Deployment,REST API
13130,Low,9,Monthly,7,Medium,Medium,Containerized App,Docker Container Deployment,REST API
120906,High,34,Daily,15,High,High,Kubernetes Deployment,Kubernetes Orchestration Deployment,REST API + gRPC/Event-Driven
22383,Medium,23,Weekly,10,Medium,High,Microservices,Microservices with Docker,REST API + gRPC
4087,Low,4,Monthly,3,Medium,Low,Monolithic,Single Server Deployment,REST API
1061,Low,3,Monthly,1,Medium,Low,Monolithic,Single Server Deployment,REST API
102257,High,40,Daily,24,High,High,Kubernetes Deployment,Kubernetes Orchestration Deployment,REST API + gRPC/Event-Driven
6805,Low,11,Weekly,4,High,Medium,Containerized App,Docker Container Deployment,REST API
4634,Low,3,Monthly,1,Low,Low,Monolithic,Single Server Deployment,REST API
3598,Low,2,Monthly,1,Low,Low,Monolithic,Single Server Deployment,REST API
4535,Low,3,Monthly,2,Medium,Low,Monolithic,Single Server Deployment,REST API
8956,Low,10,Weekly,8,Medium,Medium,Containerized App,Docker Container Deployment,REST API
4717,Low,2,Monthly,3,Medium,Low,Monolithic,Single Server Deployment,REST API
3451,Low,5,Monthly,2,Medium,Low,Monolithic,Single Server Deployment,REST API
6664,Low,8,Monthly,8,Medium,Medium,Containerized App,Docker Container Deployment,REST API
1109,Low,2,Monthly,1,Medium,Low,Monolithic,Single Server Deployment,REST API
25937,Medium,19,Weekly,12,Medium,Medium,Microservices,Microservices with Docker,REST API + gRPC
40151,High,28,Daily,10,Medium,Medium,Microservices,Microservices with Docker,REST API + gRPC
115909,High,44,Daily,20,High,High,Kubernetes Deployment,Kubernetes Orchestration Deployment,REST API + gRPC/Event-Driven
7337,Low,6,Monthly,7,High,Low,Containerized App,Docker Container Deployment,REST API
172887,High,26,Daily,10,High,High,Kubernetes Deployment,Kubernetes Orchestration Deployment,REST API + gRPC/Event-Driven
7362,Medium,9,Monthly,4,Medium,Low,Containerized App,Docker Container Deployment,REST API
10029,Low,9,Monthly,5,Medium,Low,Containerized App,Docker Container Deployment,REST API
98330,High,32,Daily,22,High,High,Kubernetes Deployment,Kubernetes Orchestration Deployment,REST API + gRPC/Event-Driven
1287,Low,3,Monthly,3,Medium,Low,Monolithic,Single Server Deployment,REST API
23135,High,19,Weekly,15,Medium,Medium,Microservices,Microservices with Docker,REST API + gRPC
190865,High,39,Daily,14,High,High,Kubernetes Deployment,Kubernetes Orchestration Deployment,REST API + gRPC/Event-Driven
908,Low,3,Monthly,3,Medium,Low,Monolithic,Single Server Deployment,REST API
16319,Low,8,Monthly,8,Medium,Low,Containerized App,Docker Container Deployment,REST API
5820,Medium,12,Weekly,4,Medium,Medium,Containerized App,Docker Container Deployment,REST API
127727,High,26,Daily,18,High,High,Kubernetes Deployment,Kubernetes Orchestration Deployment,REST API + gRPC/Event-Driven
5421,Low,13,Monthly,6,Medium,Medium,Containerized App,Docker Container Deployment,REST API
147140,High,49,Daily,20,High,High,Kubernetes Deployment,Kubernetes Orchestration Deployment,REST API + gRPC/Event-Driven
62484,High,44,Daily,18,High,High,Kubernetes Deployment,Kubernetes Orchestration Deployment,REST API + gRPC/Event-Driven
63186,High,50,Daily,24,High,High,Kubernetes Deployment,Kubernetes Orchestration Deployment,REST API + gRPC/Event-Driven
149002,High,34,Daily,18,High,High,Kubernetes Deployment,Kubernetes Orchestration Deployment,REST API + gRPC/Event-Driven
163319,High,32,Daily,17,High,High,Kubernetes Deployment,Kubernetes Orchestration Deployment,REST API + gRPC/Event-Driven
14837,Medium,12,Monthly,3,Medium,Medium,Containerized App,Docker Container Deployment,REST API
831,Low,2,Monthly,1,Medium,Low,Monolithic,Single Server Deployment,REST API
110051,High,28,Daily,22,High,High,Kubernetes Deployment,Kubernetes Orchestration Deployment,REST API + gRPC/Event-Driven
161884,High,40,Daily,22,High,High,Kubernetes Deployment,Kubernetes Orchestration Deployment,REST API + gRPC/Event-Driven
4512,Low,5,Monthly,2,Medium,Low,Monolithic,Single Server Deployment,REST API
45059,Medium,28,Weekly,9,Medium,High,Microservices,Microservices with Docker,REST API + gRPC
4070,Low,2,Monthly,1,Low,Low,Monolithic,Single Server Deployment,REST API
35105,High,27,Daily,13,Medium,Medium,Microservices,Microservices with Docker,REST API + gRPC
17261,Medium,14,Weekly,4,High,Low,Containerized App,Docker Container Deployment,REST API
1884,Low,2,Monthly,1,Medium,Low,Monolithic,Single Server Deployment,REST API
3128,Low,3,Monthly,1,Low,Low,Monolithic,Single Server Deployment,REST API
35226,Medium,26,Weekly,9,Medium,High,Microservices,Microservices with Docker,REST API + gRPC
2473,Low,5,Monthly,1,Low,Low,Monolithic,Single Server Deployment,REST API
145178,High,39,Daily,25,High,High,Kubernetes Deployment,Kubernetes Orchestration Deployment,REST API + gRPC/Event-Driven
4602,Low,2,Monthly,2,Medium,Low,Monolithic,Single Server Deployment,REST API
41796,Medium,20,Daily,12,High,High,Microservices,Microservices with Docker,REST API + gRPC
41711,High,19,Weekly,13,High,Medium,Microservices,Microservices with Docker,REST API + gRPC
10481,Low,11,Weekly,6,Medium,Medium,Containerized App,Docker Container Deployment,REST API
10768,Low,12,Weekly,5,High,Low,Containerized App,Docker Container Deployment,REST API
34293,High,27,Weekly,13,High,High,Microservices,Microservices with Docker,REST API + gRPC
4219,Low,2,Monthly,1,Low,Low,Monolithic,Single Server Deployment,REST API
3076,Low,3,Monthly,1,Low,Low,Monolithic,Single Server Deployment,REST API
17795,Medium,14,Weekly,7,High,Low,Containerized App,Docker Container Deployment,REST API
15439,Low,12,Weekly,4,High,Low,Containerized App,Docker Container Deployment,REST API
14647,Medium,11,Weekly,6,High,Low,Containerized App,Docker Container Deployment,REST API
36934,Medium,23,Weekly,14,Medium,High,Microservices,Microservices with Docker,REST API + gRPC
2226,Low,3,Monthly,3,Low,Low,Monolithic,Single Server Deployment,REST API
18539,Low,14,Monthly,3,High,Medium,Containerized App,Docker Container Deployment,REST API
2962,Low,4,Monthly,3,Low,Low,Monolithic,Single Server Deployment,REST API
3111,Low,4,Monthly,1,Medium,Low,Monolithic,Single Server Deployment,REST API
3225,Low,5,Monthly,2,Medium,Low,Monolithic,Single Server Deployment,REST API
4210,Low,4,Monthly,2,Medium,Low,Monolithic,Single Server Deployment,REST API
165456,High,34,Daily,14,High,High,Kubernetes Deployment,Kubernetes Orchestration Deployment,REST API + gRPC/Event-Driven
22161,Medium,19,Daily,14,Medium,Medium,Microservices,Microservices with Docker,REST API + gRPC
922,Low,5,Monthly,1,Medium,Low,Monolithic,Single Server Deployment,REST API
3865,Low,4,Monthly,3,Medium,Low,Monolithic,Single Server Deployment,REST API
36044,Medium,22,Weekly,9,High,High,Microservices,Microservices with Docker,REST API + gRPC
32479,High,30,Daily,11,Medium,High,Microservices,Microservices with Docker,REST API + gRPC
4746,Low,4,Monthly,1,Medium,Low,Monolithic,Single Server Deployment,REST API
1180,Low,2,Monthly,2,Medium,Low,Monolithic,Single Server Deployment,REST API
59910,High,24,Daily,17,High,High,Kubernetes Deployment,Kubernetes Orchestration Deployment,REST API + gRPC/Event-Driven
520,Low,5,Monthly,1,Medium,Low,Monolithic,Single Server Deployment,REST API
12112,Medium,7,Monthly,3,Medium,Low,Containerized App,Docker Container Deployment,REST API
120730,High,23,Daily,16,High,High,Kubernetes Deployment,Kubernetes Orchestration Deployment,REST API + gRPC/Event-Driven
6921,Medium,11,Weekly,7,Medium,Low,Containerized App,Docker Container Deployment,REST API
15661,Low,12,Weekly,7,Medium,Low,Containerized App,Docker Container Deployment,REST API
37651,High,25,Daily,9,Medium,High,Microservices,Microservices with Docker,REST API + gRPC
52629,High,24,Daily,20,High,High,Kubernetes Deployment,Kubernetes Orchestration Deployment,REST API + gRPC/Event-Driven
1368,Low,3,Monthly,2,Low,Low,Monolithic,Single Server Deployment,REST API
47491,Medium,22,Weekly,10,High,Medium,Microservices,Microservices with Docker,REST API + gRPC
2310,Low,5,Monthly,1,Low,Low,Monolithic,Single Server Deployment,REST API
36284,High,18,Daily,14,Medium,High,Microservices,Microservices with Docker,REST API + gRPC
135920,High,48,Daily,15,High,High,Kubernetes Deployment,Kubernetes Orchestration Deployment,REST API + gRPC/Event-Driven
6582,Low,13,Weekly,5,Medium,Low,Containerized App,Docker Container Deployment,REST API
1125,Low,4,Monthly,3,Low,Low,Monolithic,Single Server Deployment,REST API
34878,Medium,21,Daily,13,High,High,Microservices,Microservices with Docker,REST API + gRPC
4335,Low,3,Monthly,2,Medium,Low,Monolithic,Single Server Deployment,REST API
38855,High,22,Weekly,9,Medium,Medium,Microservices,Microservices with Docker,REST API + gRPC
1465,Low,4,Monthly,2,Medium,Low,Monolithic,Single Server Deployment,REST API
3266,Low,3,Monthly,2,Low,Low,Monolithic,Single Server Deployment,REST API
16623,Low,12,Monthly,5,Medium,Medium,Containerized App,Docker Container Deployment,REST API
6516,Medium,9,Weekly,5,Medium,Low,Containerized App,Docker Container Deployment,REST API
79816,High,25,Daily,15,High,High,Kubernetes Deployment,Kubernetes Orchestration Deployment,REST API + gRPC/Event-Driven
38371,High,29,Weekly,15,High,Medium,Microservices,Microservices with Docker,REST API + gRPC
35789,High,27,Weekly,13,Medium,Medium,Microservices,Microservices with Docker,REST API + gRPC
4423,Low,4,Monthly,3,Medium,Low,Monolithic,Single Server Deployment,REST API
71538,High,40,Daily,15,High,High,Kubernetes Deployment,Kubernetes Orchestration Deployment,REST API + gRPC/Event-Driven
5448,Medium,6,Weekly,3,High,Medium,Containerized App,Docker Container Deployment,REST API
16877,Medium,6,Monthly,4,High,Medium,Containerized App,Docker Container Deployment,REST API
47827,High,23,Daily,10,Medium,Medium,Microservices,Microservices with Docker,REST API + gRPC
4382,Low,2,Monthly,1,Medium,Low,Monolithic,Single Server Deployment,REST API
132854,High,23,Daily,11,High,High,Kubernetes Deployment,Kubernetes Orchestration Deployment,REST API + gRPC/Event-Driven
19472,Medium,8,Weekly,6,Medium,Low,Containerized App,Docker Container Deployment,REST API
27781,High,18,Weekly,15,Medium,High,Microservices,Microservices with Docker,REST API + gRPC
134671,High,42,Daily,19,High,High,Kubernetes Deployment,Kubernetes Orchestration Deployment,REST API + gRPC/Event-Driven
41461,High,26,Weekly,15,High,High,Microservices,Microservices with Docker,REST API + gRPC
20160,Medium,17,Daily,11,Medium,High,Microservices,Microservices with Docker,REST API + gRPC
4066,Low,4,Monthly,2,Low,Low,Monolithic,Single Server Deployment,REST API
269,Low,2,Monthly,3,Low,Low,Monolithic,Single Server Deployment,REST API
30443,High,30,Weekly,10,Medium,Medium,Microservices,Microservices with Docker,REST API + gRPC
33312,High,25,Weekly,13,High,Medium,Microservices,Microservices with Docker,REST API + gRPC
30258,Medium,30,Daily,15,High,High,Microservices,Microservices with Docker,REST API + gRPC
45793,High,17,Daily,15,High,High,Microservices,Microservices with Docker,REST API + gRPC
10675,Medium,8,Weekly,8,High,Low,Containerized App,Docker Container Deployment,REST API
2088,Low,3,Monthly,1,Low,Low,Monolithic,Single Server Deployment,REST API
713,Low,5,Monthly,2,Low,Low,Monolithic,Single Server Deployment,REST API
1367,Low,5,Monthly,1,Low,Low,Monolithic,Single Server Deployment,REST API
3157,Low,2,Monthly,3,Medium,Low,Monolithic,Single Server Deployment,REST API
40403,High,24,Daily,10,High,High,Microservices,Microservices with Docker,REST API + gRPC
154327,High,42,Daily,17,High,High,Kubernetes Deployment,Kubernetes Orchestration Deployment,REST API + gRPC/Event-Driven
1394,Low,5,Monthly,2,Medium,Low,Monolithic,Single Server Deployment,REST API
4492,Low,4,Monthly,1,Low,Low,Monolithic,Single Server Deployment,REST API
32875,Medium,23,Weekly,10,Medium,High,Microservices,Microservices with Docker,REST API + gRPC
138156,High,20,Daily,16,High,High,Kubernetes Deployment,Kubernetes Orchestration Deployment,REST API + gRPC/Event-Driven
162482,High,23,Daily,14,High,High,Kubernetes Deployment,Kubernetes Orchestration Deployment,REST API + gRPC/Event-Driven
2719,Low,2,Monthly,1,Low,Low,Monolithic,Single Server Deployment,REST API
75494,High,45,Daily,22,High,High,Kubernetes Deployment,Kubernetes Orchestration Deployment,REST API + gRPC/Event-Driven
5256,Medium,6,Monthly,5,Medium,Low,Containerized App,Docker Container Deployment,REST API
1202,Low,2,Monthly,3,Medium,Low,Monolithic,Single Server Deployment,REST API
8997,Medium,13,Monthly,7,Medium,Medium,Containerized App,Docker Container Deployment,REST API
988,Low,3,Monthly,3,Medium,Low,Monolithic,Single Server Deployment,REST API
47619,High,22,Weekly,15,High,Medium,Microservices,Microservices with Docker,REST API + gRPC
42140,High,21,Weekly,10,Medium,High,Microservices,Microservices with Docker,REST API + gRPC
23820,Medium,22,Daily,12,High,Medium,Microservices,Microservices with Docker,REST API + gRPC
3055,Low,2,Monthly,2,Low,Low,Monolithic,Single Server Deployment,REST API
158326,High,26,Daily,21,High,High,Kubernetes Deployment,Kubernetes Orchestration Deployment,REST API + gRPC/Event-Driven
25594,Medium,30,Daily,11,Medium,Medium,Microservices,Microservices with Docker,REST API + gRPC
130716,High,40,Daily,19,High,High,Kubernetes Deployment,Kubernetes Orchestration Deployment,REST API + gRPC/Event-Driven
22094,High,30,Daily,9,Medium,Medium,Microservices,Microservices with Docker,REST API + gRPC
33649,High,16,Daily,9,High,High,Microservices,Microservices with Docker,REST API + gRPC
22662,Medium,16,Daily,15,Medium,High,Microservices,Microservices with Docker,REST API + gRPC
30391,High,28,Weekly,14,Medium,Medium,Microservices,Microservices with Docker,REST API + gRPC
40943,Medium,21,Weekly,9,High,Medium,Microservices,Microservices with Docker,REST API + gRPC
58786,High,34,Daily,23,High,High,Kubernetes Deployment,Kubernetes Orchestration Deployment,REST API + gRPC/Event-Driven
4270,Low,5,Monthly,3,Low,Low,Monolithic,Single Server Deployment,REST API
26731,High,20,Daily,9,High,Medium,Microservices,Microservices with Docker,REST API + gRPC
11175,Medium,10,Weekly,4,Medium,Low,Containerized App,Docker Container Deployment,REST API
105137,High,31,Daily,20,High,High,Kubernetes Deployment,Kubernetes Orchestration Deployment,REST API + gRPC/Event-Driven
187807,High,50,Daily,10,High,High,Kubernetes Deployment,Kubernetes Orchestration Deployment,REST API + gRPC/Event-Driven
64658,High,49,Daily,21,High,High,Kubernetes Deployment,Kubernetes Orchestration Deployment,REST API + gRPC/Event-Driven
5475,Medium,10,Monthly,6,Medium,Medium,Containerized App,Docker Container Deployment,REST API
5633,Medium,8,Monthly,3,High,Medium,Containerized App,Docker Container Deployment,REST API
33561,Medium,23,Weekly,14,High,Medium,Microservices,Microservices with Docker,REST API + gRPC
1061,Low,4,Monthly,2,Low,Low,Monolithic,Single Server Deployment,REST API
13682,Medium,11,Monthly,7,Medium,Medium,Containerized App,Docker Container Deployment,REST API
24287,High,16,Daily,14,Medium,Medium,Microservices,Microservices with Docker,REST API + gRPC
19024,Medium,8,Weekly,7,High,Medium,Containerized App,Docker Container Deployment,REST API
30511,Medium,24,Weekly,12,Medium,Medium,Microservices,Microservices with Docker,REST API + gRPC
2742,Low,2,Monthly,3,Medium,Low,Monolithic,Single Server Deployment,REST API
44598,High,24,Daily,9,High,Medium,Microservices,Microservices with Docker,REST API + gRPC
124059,High,47,Daily,13,High,High,Kubernetes Deployment,Kubernetes Orchestration Deployment,REST API + gRPC/Event-Driven
3224,Low,2,Monthly,2,Medium,Low,Monolithic,Single Server Deployment,REST API
1423,Low,2,Monthly,3,Medium,Low,Monolithic,Single Server Deployment,REST API
197692,High,43,Daily,12,High,High,Kubernetes Deployment,Kubernetes Orchestration Deployment,REST API + gRPC/Event-Driven
67903,High,34,Daily,14,High,High,Kubernetes Deployment,Kubernetes Orchestration Deployment,REST API + gRPC/Event-Driven
18803,Low,15,Weekly,3,Medium,Low,Containerized App,Docker Container Deployment,REST API
4769,Low,3,Monthly,3,Medium,Low,Monolithic,Single Server Deployment,REST API
142,Low,3,Monthly,2,Medium,Low,Monolithic,Single Server Deployment,REST API
5194,Low,7,Monthly,8,High,Medium,Containerized App,Docker Container Deployment,REST API
15605,Medium,13,Weekly,3,High,Medium,Containerized App,Docker Container Deployment,REST API
15534,Low,13,Monthly,3,Medium,Low,Containerized App,Docker Container Deployment,REST API
7306,Low,8,Monthly,4,Medium,Low,Containerized App,Docker Container Deployment,REST API
149788,High,20,Daily,10,High,High,Kubernetes Deployment,Kubernetes Orchestration Deployment,REST API + gRPC/Event-Driven
3472,Low,3,Monthly,2,Low,Low,Monolithic,Single Server Deployment,REST API
176531,High,32,Daily,21,High,High,Kubernetes Deployment,Kubernetes Orchestration Deployment,REST API + gRPC/Event-Driven
11985,Low,15,Monthly,3,Medium,Medium,Containerized App,Docker Container Deployment,REST API
11574,Low,11,Monthly,6,Medium,Low,Containerized App,Docker Container Deployment,REST API
154985,High,31,Daily,18,High,High,Kubernetes Deployment,Kubernetes Orchestration Deployment,REST API + gRPC/Event-Driven
9095,Medium,11,Weekly,3,High,Medium,Containerized App,Docker Container Deployment,REST API
7978,Low,9,Monthly,6,High,Low,Containerized App,Docker Container Deployment,REST API
20759,Medium,22,Weekly,15,Medium,Medium,Microservices,Microservices with Docker,REST API + gRPC
82251,High,33,Daily,16,High,High,Kubernetes Deployment,Kubernetes Orchestration Deployment,REST API + gRPC/Event-Driven
1691,Low,2,Monthly,1,Low,Low,Monolithic,Single Server Deployment,REST API
20891,Medium,21,Daily,11,High,Medium,Microservices,Microservices with Docker,REST API + gRPC
9812,Medium,7,Weekly,5,Medium,Low,Containerized App,Docker Container Deployment,REST API
97281,High,32,Daily,22,High,High,Kubernetes Deployment,Kubernetes Orchestration Deployment,REST API + gRPC/Event-Driven
94239,High,44,Daily,24,High,High,Kubernetes Deployment,Kubernetes Orchestration Deployment,REST API + gRPC/Event-Driven
746,Low,5,Monthly,3,Low,Low,Monolithic,Single Server Deployment,REST API
77999,High,47,Daily,12,High,High,Kubernetes Deployment,Kubernetes Orchestration Deployment,REST API + gRPC/Event-Driven
18407,Medium,7,Monthly,3,High,Low,Containerized App,Docker Container Deployment,REST API
130423,High,29,Daily,14,High,High,Kubernetes Deployment,Kubernetes Orchestration Deployment,REST API + gRPC/Event-Driven
41820,Medium,16,Daily,12,Medium,Medium,Microservices,Microservices with Docker,REST API + gRPC
132373,High,23,Daily,11,High,High,Kubernetes Deployment,Kubernetes Orchestration Deployment,REST API + gRPC/Event-Driven
86783,High,28,Daily,22,High,High,Kubernetes Deployment,Kubernetes Orchestration Deployment,REST API + gRPC/Event-Driven
8669,Medium,11,Monthly,3,High,Medium,Containerized App,Docker Container Deployment,REST API
44349,High,16,Daily,10,Medium,Medium,Microservices,Microservices with Docker,REST API + gRPC
2900,Low,3,Monthly,2,Low,Low,Monolithic,Single Server Deployment,REST API
1998,Low,2,Monthly,2,Medium,Low,Monolithic,Single Server Deployment,REST API
3337,Low,2,Monthly,1,Low,Low,Monolithic,Single Server Deployment,REST API
65020,High,45,Daily,19,High,High,Kubernetes Deployment,Kubernetes Orchestration Deployment,REST API + gRPC/Event-Driven
3590,Low,4,Monthly,2,Medium,Low,Monolithic,Single Server Deployment,REST API
5259,Medium,10,Monthly,6,High,Medium,Containerized App,Docker Container Deployment,REST API
6506,Medium,11,Weekly,3,High,Medium,Containerized App,Docker Container Deployment,REST API
19910,Low,11,Weekly,5,High,Low,Containerized App,Docker Container Deployment,REST API
12121,Low,8,Weekly,8,High,Medium,Containerized App,Docker Container Deployment,REST API
135556,High,38,Daily,18,High,High,Kubernetes Deployment,Kubernetes Orchestration Deployment,REST API + gRPC/Event-Driven
10001,Low,10,Weekly,5,Medium,Low,Containerized App,Docker Container Deployment,REST API
2327,Low,3,Monthly,1,Low,Low,Monolithic,Single Server Deployment,REST API
1740,Low,5,Monthly,1,Low,Low,Monolithic,Single Server Deployment,REST API
934,Low,4,Monthly,3,Low,Low,Monolithic,Single Server Deployment,REST API
41713,High,21,Daily,9,Medium,Medium,Microservices,Microservices with Docker,REST API + gRPC
8026,Low,14,Weekly,3,Medium,Low,Containerized App,Docker Container Deployment,REST API
17092,Low,9,Weekly,3,Medium,Medium,Containerized App,Docker Container Deployment,REST API
37068,High,27,Daily,15,Medium,High,Microservices,Microservices with Docker,REST API + gRPC
12965,Medium,12,Monthly,5,High,Medium,Containerized App,Docker Container Deployment,REST API
33123,Medium,17,Weekly,10,High,Medium,Microservices,Microservices with Docker,REST API + gRPC
17449,Medium,7,Weekly,8,Medium,Low,Containerized App,Docker Container Deployment,REST API
114927,High,33,Daily,22,High,High,Kubernetes Deployment,Kubernetes Orchestration Deployment,REST API + gRPC/Event-Driven
23145,High,25,Weekly,11,Medium,Medium,Microservices,Microservices with Docker,REST API + gRPC
35813,Medium,22,Daily,13,Medium,High,Microservices,Microservices with Docker,REST API + gRPC
48949,Medium,21,Weekly,9,Medium,Medium,Microservices,Microservices with Docker,REST API + gRPC
28749,Medium,28,Weekly,14,Medium,Medium,Microservices,Microservices with Docker,REST API + gRPC
160404,High,40,Daily,16,High,High,Kubernetes Deployment,Kubernetes Orchestration Deployment,REST API + gRPC/Event-Driven
158259,High,39,Daily,21,High,High,Kubernetes Deployment,Kubernetes Orchestration Deployment,REST API + gRPC/Event-Driven
60642,High,33,Daily,15,High,High,Kubernetes Deployment,Kubernetes Orchestration Deployment,REST API + gRPC/Event-Driven
7636,Medium,8,Weekly,8,High,Low,Containerized App,Docker Container Deployment,REST API
65728,High,41,Daily,23,High,High,Kubernetes Deployment,Kubernetes Orchestration Deployment,REST API + gRPC/Event-Driven
5307,Medium,8,Weekly,5,High,Medium,Containerized App,Docker Container Deployment,REST API
143096,High,26,Daily,18,High,High,Kubernetes Deployment,Kubernetes Orchestration Deployment,REST API + gRPC/Event-Driven
4113,Low,4,Monthly,1,Medium,Low,Monolithic,Single Server Deployment,REST API
112502,High,41,Daily,22,High,High,Kubernetes Deployment,Kubernetes Orchestration Deployment,REST API + gRPC/Event-Driven
7330,Low,7,Weekly,5,High,Low,Containerized App,Docker Container Deployment,REST API
9679,Medium,6,Monthly,7,High,Medium,Containerized App,Docker Container Deployment,REST API
1568,Low,2,Monthly,3,Medium,Low,Monolithic,Single Server Deployment,REST API
15983,Medium,13,Weekly,3,Medium,Low,Containerized App,Docker Container Deployment,REST API
18698,Medium,8,Weekly,6,Medium,Medium,Containerized App,Docker Container Deployment,REST API
12730,Low,15,Weekly,4,High,Medium,Containerized App,Docker Container Deployment,REST API
19506,Low,10,Weekly,7,Medium,Low,Containerized App,Docker Container Deployment,REST API
15717,Low,12,Monthly,4,Medium,Medium,Containerized App,Docker Container Deployment,REST API
28815,Medium,21,Weekly,13,High,Medium,Microservices,Microservices with Docker,REST API + gRPC
8254,Medium,12,Weekly,6,Medium,Medium,Containerized App,Docker Container Deployment,REST API
3900,Low,5,Monthly,3,Medium,Low,Monolithic,Single Server Deployment,REST API
19855,Low,7,Monthly,4,Medium,Low,Containerized App,Docker Container Deployment,REST API
20803,High,27,Weekly,11,High,High,Microservices,Microservices with Docker,REST API + gRPC
67483,High,25,Daily,10,High,High,Kubernetes Deployment,Kubernetes Orchestration Deployment,REST API + gRPC/Event-Driven
61561,High,20,Daily,18,High,High,Kubernetes Deployment,Kubernetes Orchestration Deployment,REST API + gRPC/Event-Driven
155245,High,36,Daily,14,High,High,Kubernetes Deployment,Kubernetes Orchestration Deployment,REST API + gRPC/Event-Driven
147409,High,23,Daily,13,High,High,Kubernetes Deployment,Kubernetes Orchestration Deployment,REST API + gRPC/Event-Driven
3220,Low,3,Monthly,1,Low,Low,Monolithic,Single Server Deployment,REST API
27882,Medium,16,Daily,14,Medium,High,Microservices,Microservices with Docker,REST API + gRPC
4680,Low,4,Monthly,2,Medium,Low,Monolithic,Single Server Deployment,REST API
13373,Low,9,Monthly,5,High,Medium,Containerized App,Docker Container Deployment,REST API
3452,Low,2,Monthly,2,Low,Low,Monolithic,Single Server Deployment,REST API
4802,Low,3,Monthly,1,Low,Low,Monolithic,Single Server Deployment,REST API
98688,High,44,Daily,24,High,High,Kubernetes Deployment,Kubernetes Orchestration Deployment,REST API + gRPC/Event-Driven
33115,Medium,30,Daily,15,Medium,High,Microservices,Microservices with Docker,REST API + gRPC
4617,Low,3,Monthly,3,Medium,Low,Monolithic,Single Server Deployment,REST API
11676,Low,9,Monthly,8,High,Low,Containerized App,Docker Container Deployment,REST API
70206,High,39,Daily,11,High,High,Kubernetes Deployment,Kubernetes Orchestration Deployment,REST API + gRPC/Event-Driven
3014,Low,5,Monthly,2,Low,Low,Monolithic,Single Server Deployment,REST API
49872,Medium,20,Weekly,15,High,Medium,Microservices,Microservices with Docker,REST API + gRPC
14874,Low,7,Monthly,5,Medium,Low,Containerized App,Docker Container Deployment,REST API
45739,High,29,Daily,11,High,High,Microservices,Microservices with Docker,REST API + gRPC
9255,Low,7,Monthly,5,Medium,Medium,Containerized App,Docker Container Deployment,REST API
18935,Low,7,Monthly,3,High,Medium,Containerized App,Docker Container Deployment,REST API
18127,Low,15,Weekly,4,Medium,Medium,Containerized App,Docker Container Deployment,REST API
42128,High,30,Weekly,10,High,Medium,Microservices,Microservices with Docker,REST API + gRPC
197896,High,39,Daily,25,High,High,Kubernetes Deployment,Kubernetes Orchestration Deployment,REST API + gRPC/Event-Driven
5229,Low,7,Monthly,6,High,Medium,Containerized App,Docker Container Deployment,REST API
59850,High,26,Daily,12,High,High,Kubernetes Deployment,Kubernetes Orchestration Deployment,REST API + gRPC/Event-Driven
2834,Low,4,Monthly,3,Low,Low,Monolithic,Single Server Deployment,REST API
46687,Medium,17,Daily,10,Medium,High,Microservices,Microservices with Docker,REST API + gRPC
11650,Medium,12,Weekly,6,Medium,Medium,Containerized App,Docker Container Deployment,REST API
57322,High,36,Daily,18,High,High,Kubernetes Deployment,Kubernetes Orchestration Deployment,REST API + gRPC/Event-Driven
6838,Low,14,Weekly,6,Medium,Low,Containerized App,Docker Container Deployment,REST API
16372,Low,14,Weekly,5,Medium,Low,Containerized App,Docker Container Deployment,REST API
164909,High,24,Daily,10,High,High,Kubernetes Deployment,Kubernetes Orchestration Deployment,REST API + gRPC/Event-Driven
18475,Low,9,Weekly,4,High,Medium,Containerized App,Docker Container Deployment,REST API
44846,High,23,Daily,14,High,High,Microservices,Microservices with Docker,REST API + gRPC
87678,High,34,Daily,13,High,High,Kubernetes Deployment,Kubernetes Orchestration Deployment,REST API + gRPC/Event-Driven
2274,Low,3,Monthly,1,Low,Low,Monolithic,Single Server Deployment,REST API
2684,Low,5,Monthly,1,Medium,Low,Monolithic,Single Server Deployment,REST API
17161,Medium,13,Monthly,5,Medium,Low,Containerized App,Docker Container Deployment,REST API
14826,Medium,15,Monthly,6,Medium,Low,Containerized App,Docker Container Deployment,REST API
10354,Medium,12,Monthly,3,Medium,Medium,Containerized App,Docker Container Deployment,REST API
28131,Medium,30,Weekly,10,Medium,High,Microservices,Microservices with Docker,REST API + gRPC
19924,Low,12,Weekly,4,Medium,Medium,Containerized App,Docker Container Deployment,REST API
2665,Low,3,Monthly,1,Medium,Low,Monolithic,Single Server Deployment,REST API
174942,High,46,Daily,12,High,High,Kubernetes Deployment,Kubernetes Orchestration Deployment,REST API + gRPC/Event-Driven
132186,High,38,Daily,24,High,High,Kubernetes Deployment,Kubernetes Orchestration Deployment,REST API + gRPC/Event-Driven
18616,Medium,10,Monthly,8,Medium,Medium,Containerized App,Docker Container Deployment,REST API
585,Low,4,Monthly,3,Low,Low,Monolithic,Single Server Deployment,REST API
2528,Low,3,Monthly,2,Low,Low,Monolithic,Single Server Deployment,REST API
2806,Low,4,Monthly,2,Medium,Low,Monolithic,Single Server Deployment,REST API
3242,Low,3,Monthly,2,Medium,Low,Monolithic,Single Server Deployment,REST API
17027,Low,12,Weekly,5,Medium,Medium,Containerized App,Docker Container Deployment,REST API
56436,High,24,Daily,11,High,High,Kubernetes Deployment,Kubernetes Orchestration Deployment,REST API + gRPC/Event-Driven
113589,High,47,Daily,12,High,High,Kubernetes Deployment,Kubernetes Orchestration Deployment,REST API + gRPC/Event-Driven
21537,Medium,26,Weekly,13,High,High,Microservices,Microservices with Docker,REST API + gRPC
93569,High,44,Daily,19,High,High,Kubernetes Deployment,Kubernetes Orchestration Deployment,REST API + gRPC/Event-Driven
2676,Low,3,Monthly,1,Medium,Low,Monolithic,Single Server Deployment,REST API
93374,High,29,Daily,13,High,High,Kubernetes Deployment,Kubernetes Orchestration Deployment,REST API + gRPC/Event-Driven
3951,Low,4,Monthly,2,Medium,Low,Monolithic,Single Server Deployment,REST API
1214,Low,2,Monthly,2,Low,Low,Monolithic,Single Server Deployment,REST API
99439,High,41,Daily,16,High,High,Kubernetes Deployment,Kubernetes Orchestration Deployment,REST API + gRPC/Event-Driven
74083,High,31,Daily,22,High,High,Kubernetes Deployment,Kubernetes Orchestration Deployment,REST API + gRPC/Event-Driven
33971,High,20,Daily,12,High,Medium,Microservices,Microservices with Docker,REST API + gRPC
24366,High,23,Daily,11,High,Medium,Microservices,Microservices with Docker,REST API + gRPC
23943,High,17,Daily,11,High,High,Microservices,Microservices with Docker,REST API + gRPC
171070,High,48,Daily,18,High,High,Kubernetes Deployment,Kubernetes Orchestration Deployment,REST API + gRPC/Event-Driven
12955,Low,6,Monthly,7,High,Low,Containerized App,Docker Container Deployment,REST API
49283,High,21,Weekly,14,Medium,High,Microservices,Microservices with Docker,REST API + gRPC
1939,Low,2,Monthly,2,Low,Low,Monolithic,Single Server Deployment,REST API
5224,Low,6,Monthly,7,High,Medium,Containerized App,Docker Container Deployment,REST API
3499,Low,4,Monthly,3,Medium,Low,Monolithic,Single Server Deployment,REST API
39414,High,28,Weekly,12,High,High,Microservices,Microservices with Docker,REST API + gRPC
1209,Low,5,Monthly,2,Medium,Low,Monolithic,Single Server Deployment,REST API
40543,Medium,27,Weekly,15,High,High,Microservices,Microservices with Docker,REST API + gRPC
141852,High,42,Daily,19,High,High,Kubernetes Deployment,Kubernetes Orchestration Deployment,REST API + gRPC/Event-Driven
1573,Low,3,Monthly,3,Low,Low,Monolithic,Single Server Deployment,REST API
127078,High,47,Daily,19,High,High,Kubernetes Deployment,Kubernetes Orchestration Deployment,REST API + gRPC/Event-Driven
1013,Low,4,Monthly,2,Low,Low,Monolithic,Single Server Deployment,REST API
18569,Medium,12,Weekly,3,Medium,Medium,Containerized App,Docker Container Deployment,REST API
33980,High,21,Weekly,9,Medium,High,Microservices,Microservices with Docker,REST API + gRPC
34527,Medium,19,Weekly,13,Medium,High,Microservices,Microservices with Docker,REST API + gRPC
60319,High,29,Daily,17,High,High,Kubernetes Deployment,Kubernetes Orchestration Deployment,REST API + gRPC/Event-Driven
2747,Low,2,Monthly,3,Low,Low,Monolithic,Single Server Deployment,REST API
119879,High,24,Daily,24,High,High,Kubernetes Deployment,Kubernetes Orchestration Deployment,REST API + gRPC/Event-Driven
178676,High,34,Daily,16,High,High,Kubernetes Deployment,Kubernetes Orchestration Deployment,REST API + gRPC/Event-Driven
90146,High,48,Daily,14,High,High,Kubernetes Deployment,Kubernetes Orchestration Deployment,REST API + gRPC/Event-Driven
7656,Low,7,Weekly,4,Medium,Medium,Containerized App,Docker Container Deployment,REST API
6062,Medium,6,Monthly,7,High,Low,Containerized App,Docker Container Deployment,REST API
3525,Low,3,Monthly,1,Medium,Low,Monolithic,Single Server Deployment,REST API
1462,Low,5,Monthly,2,Medium,Low,Monolithic,Single Server Deployment,REST API
49334,High,20,Daily,14,High,High,Microservices,Microservices with Docker,REST API + gRPC
186067,High,36,Daily,20,High,High,Kubernetes Deployment,Kubernetes Orchestration Deployment,REST API + gRPC/Event-Driven
2817,Low,2,Monthly,1,Low,Low,Monolithic,Single Server Deployment,REST API
702,Low,5,Monthly,3,Medium,Low,Monolithic,Single Server Deployment,REST API
165697,High,22,Daily,17,High,High,Kubernetes Deployment,Kubernetes Orchestration Deployment,REST API + gRPC/Event-Driven
1008,Low,4,Monthly,3,Medium,Low,Monolithic,Single Server Deployment,REST API
116255,High,47,Daily,20,High,High,Kubernetes Deployment,Kubernetes Orchestration Deployment,REST API + gRPC/Event-Driven
193991,High,40,Daily,23,High,High,Kubernetes Deployment,Kubernetes Orchestration Deployment,REST API + gRPC/Event-Driven
2594,Low,4,Monthly,2,Low,Low,Monolithic,Single Server Deployment,REST API
153114,High,24,Daily,24,High,High,Kubernetes Deployment,Kubernetes Orchestration Deployment,REST API + gRPC/Event-Driven
39891,High,19,Daily,12,Medium,Medium,Microservices,Microservices with Docker,REST API + gRPC
23264,High,22,Daily,13,High,Medium,Microservices,Microservices with Docker,REST API + gRPC
18759,Medium,8,Weekly,6,Medium,Low,Containerized App,Docker Container Deployment,REST API
4239,Low,2,Monthly,3,Low,Low,Monolithic,Single Server Deployment,REST API
43288,Medium,18,Weekly,11,High,High,Microservices,Microservices with Docker,REST API + gRPC
45432,Medium,25,Weekly,15,High,High,Microservices,Microservices with Docker,REST API + gRPC
11356,Low,7,Monthly,4,High,Low,Containerized App,Docker Container Deployment,REST API
2561,Low,4,Monthly,3,Low,Low,Monolithic,Single Server Deployment,REST API
80313,High,41,Daily,20,High,High,Kubernetes Deployment,Kubernetes Orchestration Deployment,REST API + gRPC/Event-Driven
3687,Low,3,Monthly,1,Low,Low,Monolithic,Single Server Deployment,REST API
93530,High,34,Daily,21,High,High,Kubernetes Deployment,Kubernetes Orchestration Deployment,REST API + gRPC/Event-Driven
41320,High,27,Daily,11,High,Medium,Microservices,Microservices with Docker,REST API + gRPC
12183,Medium,7,Weekly,3,High,Medium,Containerized App,Docker Container Deployment,REST API
19830,Medium,9,Monthly,5,High,Low,Containerized App,Docker Container Deployment,REST API
48219,Medium,20,Weekly,15,High,Medium,Microservices,Microservices with Docker,REST API + gRPC
17412,Medium,10,Monthly,4,High,Low,Containerized App,Docker Container Deployment,REST API
63386,High,25,Daily,22,High,High,Kubernetes Deployment,Kubernetes Orchestration Deployment,REST API + gRPC/Event-Driven
41158,Medium,17,Weekly,13,High,High,Microservices,Microservices with Docker,REST API + gRPC
44310,High,29,Daily,15,High,Medium,Microservices,Microservices with Docker,REST API + gRPC
157655,High,20,Daily,14,High,High,Kubernetes Deployment,Kubernetes Orchestration Deployment,REST API + gRPC/Event-Driven
126863,High,29,Daily,23,High,High,Kubernetes Deployment,Kubernetes Orchestration Deployment,REST API + gRPC/Event-Driven
13498,Medium,11,Monthly,8,High,Medium,Containerized App,Docker Container Deployment,REST API
1108,Low,5,Monthly,2,Medium,Low,Monolithic,Single Server Deployment,REST API
33879,High,23,Daily,10,High,High,Microservices,Microservices with Docker,REST API + gRPC
86575,High,27,Daily,24,High,High,Kubernetes Deployment,Kubernetes Orchestration Deployment,REST API + gRPC/Event-Driven
94686,High,25,Daily,20,High,High,Kubernetes Deployment,Kubernetes Orchestration Deployment,REST API + gRPC/Event-Driven
17371,Medium,14,Weekly,5,Medium,Medium,Containerized App,Docker Container Deployment,REST API
100369,High,42,Daily,17,High,High,Kubernetes Deployment,Kubernetes Orchestration Deployment,REST API + gRPC/Event-Driven
133830,High,31,Daily,14,High,High,Kubernetes Deployment,Kubernetes Orchestration Deployment,REST API + gRPC/Event-Driven
886,Low,3,Monthly,3,Low,Low,Monolithic,Single Server Deployment,REST API
8586,Low,13,Weekly,4,High,Medium,Containerized App,Docker Container Deployment,REST API
4622,Low,4,Monthly,2,Medium,Low,Monolithic,Single Server Deployment,REST API
8902,Medium,13,Weekly,3,Medium,Medium,Containerized App,Docker Container Deployment,REST API
194831,High,45,Daily,21,High,High,Kubernetes Deployment,Kubernetes Orchestration Deployment,REST API + gRPC/Event-Driven
4550,Low,4,Monthly,3,Low,Low,Monolithic,Single Server Deployment,REST API
18040,Low,10,Weekly,7,Medium,Low,Containerized App,Docker Container Deployment,REST API
18706,Low,12,Weekly,4,Medium,Medium,Containerized App,Docker Container Deployment,REST API
15880,Medium,13,Weekly,4,Medium,Low,Containerized App,Docker Container Deployment,REST API
54895,High,42,Daily,25,High,High,Kubernetes Deployment,Kubernetes Orchestration Deployment,REST API + gRPC/Event-Driven
84352,High,38,Daily,19,High,High,Kubernetes Deployment,Kubernetes Orchestration Deployment,REST API + gRPC/Event-Driven
136582,High,45,Daily,23,High,High,Kubernetes Deployment,Kubernetes Orchestration Deployment,REST API + gRPC/Event-Driven
33395,High,27,Weekly,15,High,Medium,Microservices,Microservices with Docker,REST API + gRPC
40711,High,27,Weekly,13,Medium,Medium,Microservices,Microservices with Docker,REST API + gRPC
14890,Low,8,Monthly,8,High,Medium,Containerized App,Docker Container Deployment,REST API
197838,High,25,Daily,15,High,High,Kubernetes Deployment,Kubernetes Orchestration Deployment,REST API + gRPC/Event-Driven
45186,High,29,Daily,13,Medium,High,Microservices,Microservices with Docker,REST API + gRPC
4041,Low,3,Monthly,3,Low,Low,Monolithic,Single Server Deployment,REST API
30805,Medium,28,Daily,10,Medium,Medium,Microservices,Microservices with Docker,REST API + gRPC
4023,Low,2,Monthly,1,Low,Low,Monolithic,Single Server Deployment,REST API
106,Low,4,Monthly,1,Medium,Low,Monolithic,Single Server Deployment,REST API
37999,High,25,Daily,9,Medium,Medium,Microservices,Microservices with Docker,REST API + gRPC
15425,Low,10,Weekly,6,Medium,Low,Containerized App,Docker Container Deployment,REST API
5929,Low,10,Weekly,5,High,Medium,Containerized App,Docker Container Deployment,REST API
45845,High,26,Daily,12,High,Medium,Microservices,Microservices with Docker,REST API + gRPC
10812,Medium,6,Monthly,3,Medium,Medium,Containerized App,Docker Container Deployment,REST API
10587,Medium,12,Monthly,3,High,Medium,Containerized App,Docker Container Deployment,REST API
78993,High,35,Daily,22,High,High,Kubernetes Deployment,Kubernetes Orchestration Deployment,REST API + gRPC/Event-Driven
45868,High,28,Daily,14,High,High,Microservices,Microservices with Docker,REST API + gRPC
44599,High,30,Daily,14,High,Medium,Microservices,Microservices with Docker,REST API + gRPC
13682,Low,12,Monthly,3,Medium,Low,Containerized App,Docker Container Deployment,REST API
41388,High,26,Weekly,10,High,Medium,Microservices,Microservices with Docker,REST API + gRPC
86395,High,41,Daily,21,High,High,Kubernetes Deployment,Kubernetes Orchestration Deployment,REST API + gRPC/Event-Driven
2966,Low,3,Monthly,3,Low,Low,Monolithic,Single Server Deployment,REST API
5136,Medium,8,Weekly,6,Medium,Medium,Containerized App,Docker Container Deployment,REST API
194197,High,29,Daily,16,High,High,Kubernetes Deployment,Kubernetes Orchestration Deployment,REST API + gRPC/Event-Driven
156404,High,29,Daily,11,High,High,Kubernetes Deployment,Kubernetes Orchestration Deployment,REST API + gRPC/Event-Driven
12516,Medium,8,Weekly,3,Medium,Low,Containerized App,Docker Container Deployment,REST API
2390,Low,4,Monthly,3,Low,Low,Monolithic,Single Server Deployment,REST API
34281,Medium,21,Weekly,11,Medium,Medium,Microservices,Microservices with Docker,REST API + gRPC
11294,Low,15,Weekly,3,High,Medium,Containerized App,Docker Container Deployment,REST API
10975,Low,9,Monthly,5,Medium,Low,Containerized App,Docker Container Deployment,REST API
4234,Low,4,Monthly,2,Medium,Low,Monolithic,Single Server Deployment,REST API
7691,Medium,15,Monthly,4,High,Low,Containerized App,Docker Container Deployment,REST API
42882,High,22,Weekly,10,High,Medium,Microservices,Microservices with Docker,REST API + gRPC
95217,High,26,Daily,13,High,High,Kubernetes Deployment,Kubernetes Orchestration Deployment,REST API + gRPC/Event-Driven
28997,High,20,Weekly,14,Medium,High,Microservices,Microservices with Docker,REST API + gRPC
195627,High,50,Daily,22,High,High,Kubernetes Deployment,Kubernetes Orchestration Deployment,REST API + gRPC/Event-Driven
3413,Low,3,Monthly,2,Low,Low,Monolithic,Single Server Deployment,REST API
46395,High,28,Daily,13,Medium,High,Microservices,Microservices with Docker,REST API + gRPC
83763,High,45,Daily,16,High,High,Kubernetes Deployment,Kubernetes Orchestration Deployment,REST API + gRPC/Event-Driven
12112,Low,7,Monthly,8,Medium,Low,Containerized App,Docker Container Deployment,REST API
179279,High,28,Daily,21,High,High,Kubernetes Deployment,Kubernetes Orchestration Deployment,REST API + gRPC/Event-Driven
44295,High,19,Daily,11,High,Medium,Microservices,Microservices with Docker,REST API + gRPC
3332,Low,4,Monthly,1,Medium,Low,Monolithic,Single Server Deployment,REST API
12907,Medium,10,Monthly,4,Medium,Medium,Containerized App,Docker Container Deployment,REST API
41864,Medium,29,Weekly,15,Medium,Medium,Microservices,Microservices with Docker,REST API + gRPC
1752,Low,5,Monthly,3,Low,Low,Monolithic,Single Server Deployment,REST API
1873,Low,5,Monthly,2,Medium,Low,Monolithic,Single Server Deployment,REST API
4264,Low,3,Monthly,3,Medium,Low,Monolithic,Single Server Deployment,REST API
35026,High,29,Weekly,12,Medium,High,Microservices,Microservices with Docker,REST API + gRPC
169602,High,46,Daily,17,High,High,Kubernetes Deployment,Kubernetes Orchestration Deployment,REST API + gRPC/Event-Driven
78743,High,24,Daily,24,High,High,Kubernetes Deployment,Kubernetes Orchestration Deployment,REST API + gRPC/Event-Driven
34237,Medium,19,Daily,10,Medium,High,Microservices,Microservices with Docker,REST API + gRPC
110662,High,21,Daily,21,High,High,Kubernetes Deployment,Kubernetes Orchestration Deployment,REST API + gRPC/Event-Driven
10055,Low,10,Weekly,6,High,Medium,Containerized App,Docker Container Deployment,REST API
63490,High,49,Daily,18,High,High,Kubernetes Deployment,Kubernetes Orchestration Deployment,REST API + gRPC/Event-Driven
42189,High,24,Daily,15,High,High,Microservices,Microservices with Docker,REST API + gRPC
10353,Low,7,Monthly,4,High,Low,Containerized App,Docker Container Deployment,REST API
8939,Low,8,Weekly,3,High,Medium,Containerized App,Docker Container Deployment,REST API
2692,Low,5,Monthly,2,Low,Low,Monolithic,Single Server Deployment,REST API
42610,High,22,Daily,12,High,Medium,Microservices,Microservices with Docker,REST API + gRPC
88982,High,32,Daily,25,High,High,Kubernetes Deployment,Kubernetes Orchestration Deployment,REST API + gRPC/Event-Driven
47672,Medium,29,Daily,9,High,Medium,Microservices,Microservices with Docker,REST API + gRPC
4791,Low,3,Monthly,1,Medium,Low,Monolithic,Single Server Deployment,REST API
127942,High,36,Daily,19,High,High,Kubernetes Deployment,Kubernetes Orchestration Deployment,REST API + gRPC/Event-Driven
117812,High,27,Daily,24,High,High,Kubernetes Deployment,Kubernetes Orchestration Deployment,REST API + gRPC/Event-Driven
7701,Medium,6,Weekly,3,Medium,Low,Containerized App,Docker Container Deployment,REST API
42981,Medium,30,Weekly,11,Medium,Medium,Microservices,Microservices with Docker,REST API + gRPC
148991,High,45,Daily,23,High,High,Kubernetes Deployment,Kubernetes Orchestration Deployment,REST API + gRPC/Event-Driven
19235,Medium,11,Weekly,6,High,Medium,Containerized App,Docker Container Deployment,REST API
787,Low,4,Monthly,3,Medium,Low,Monolithic,Single Server Deployment,REST API
179737,High,39,Daily,23,High,High,Kubernetes Deployment,Kubernetes Orchestration Deployment,REST API + gRPC/Event-Driven
44956,Medium,29,Daily,15,High,High,Microservices,Microservices with Docker,REST API + gRPC
173349,High,42,Daily,23,High,High,Kubernetes Deployment,Kubernetes Orchestration Deployment,REST API + gRPC/Event-Driven
22495,Medium,24,Weekly,12,Medium,High,Microservices,Microservices with Docker,REST API + gRPC
1151,Low,2,Monthly,2,Medium,Low,Monolithic,Single Server Deployment,REST API
7850,Low,10,Monthly,7,Medium,Medium,Containerized App,Docker Container Deployment,REST API
19330,Low,8,Weekly,6,Medium,Medium,Containerized App,Docker Container Deployment,REST API
71372,High,50,Daily,14,High,High,Kubernetes Deployment,Kubernetes Orchestration Deployment,REST API + gRPC/Event-Driven
8875,Medium,9,Weekly,3,High,Medium,Containerized App,Docker Container Deployment,REST API
9805,Medium,12,Monthly,6,High,Medium,Containerized App,Docker Container Deployment,REST API
28008,Medium,28,Weekly,13,Medium,Medium,Microservices,Microservices with Docker,REST API + gRPC
3025,Low,2,Monthly,2,Low,Low,Monolithic,Single Server Deployment,REST API
4498,Low,4,Monthly,2,Medium,Low,Monolithic,Single Server Deployment,REST API
10474,Low,8,Monthly,8,Medium,Medium,Containerized App,Docker Container Deployment,REST API
189034,High,24,Daily,25,High,High,Kubernetes Deployment,Kubernetes Orchestration Deployment,REST API + gRPC/Event-Driven
4313,Low,5,Monthly,2,Low,Low,Monolithic,Single Server Deployment,REST API
4001,Low,4,Monthly,1,Medium,Low,Monolithic,Single Server Deployment,REST API
162632,High,48,Daily,24,High,High,Kubernetes Deployment,Kubernetes Orchestration Deployment,REST API + gRPC/Event-Driven
13227,Low,13,Weekly,6,High,Medium,Containerized App,Docker Container Deployment,REST API
3870,Low,5,Monthly,2,Medium,Low,Monolithic,Single Server Deployment,REST API
91641,High,23,Daily,14,High,High,Kubernetes Deployment,Kubernetes Orchestration Deployment,REST API + gRPC/Event-Driven
3819,Low,2,Monthly,3,Medium,Low,Monolithic,Single Server Deployment,REST API
3050,Low,2,Monthly,1,Medium,Low,Monolithic,Single Server Deployment,REST API
1870,Low,4,Monthly,1,Low,Low,Monolithic,Single Server Deployment,REST API
104845,High,33,Daily,10,High,High,Kubernetes Deployment,Kubernetes Orchestration Deployment,REST API + gRPC/Event-Driven
22932,High,16,Weekly,10,High,High,Microservices,Microservices with Docker,REST API + gRPC
199264,High,21,Daily,23,High,High,Kubernetes Deployment,Kubernetes Orchestration Deployment,REST API + gRPC/Event-Driven
2563,Low,3,Monthly,2,Low,Low,Monolithic,Single Server Deployment,REST API
114827,High,41,Daily,22,High,High,Kubernetes Deployment,Kubernetes Orchestration Deployment,REST API + gRPC/Event-Driven
2940,Low,4,Monthly,1,Medium,Low,Monolithic,Single Server Deployment,REST API
33557,Medium,21,Weekly,11,Medium,Medium,Microservices,Microservices with Docker,REST API + gRPC
163254,High,48,Daily,17,High,High,Kubernetes Deployment,Kubernetes Orchestration Deployment,REST API + gRPC/Event-Driven
6662,Low,11,Weekly,7,High,Medium,Containerized App,Docker Container Deployment,REST API
48777,Medium,28,Weekly,12,High,High,Microservices,Microservices with Docker,REST API + gRPC
2159,Low,3,Monthly,1,Low,Low,Monolithic,Single Server Deployment,REST API
3329,Low,4,Monthly,3,Low,Low,Monolithic,Single Server Deployment,REST API
167970,High,37,Daily,20,High,High,Kubernetes Deployment,Kubernetes Orchestration Deployment,REST API + gRPC/Event-Driven
12546,Medium,13,Weekly,8,Medium,Low,Containerized App,Docker Container Deployment,REST API
101236,High,47,Daily,22,High,High,Kubernetes Deployment,Kubernetes Orchestration Deployment,REST API + gRPC/Event-Driven
40651,Medium,26,Daily,11,High,Medium,Microservices,Microservices with Docker,REST API + gRPC
22347,High,22,Weekly,14,High,Medium,Microservices,Microservices with Docker,REST API + gRPC
189434,High,42,Daily,15,High,High,Kubernetes Deployment,Kubernetes Orchestration Deployment,REST API + gRPC/Event-Driven
530,Low,3,Monthly,1,Low,Low,Monolithic,Single Server Deployment,REST API
30588,Medium,24,Daily,14,Medium,Medium,Microservices,Microservices with Docker,REST API + gRPC
1542,Low,3,Monthly,3,Medium,Low,Monolithic,Single Server Deployment,REST API
46684,High,24,Daily,11,High,High,Microservices,Microservices with Docker,REST API + gRPC
157681,High,43,Daily,20,High,High,Kubernetes Deployment,Kubernetes Orchestration Deployment,REST API + gRPC/Event-Driven
12660,Medium,10,Monthly,8,High,Medium,Containerized App,Docker Container Deployment,REST API
180499,High,22,Daily,17,High,High,Kubernetes Deployment,Kubernetes Orchestration Deployment,REST API + gRPC/Event-Driven
3381,Low,2,Monthly,3,Low,Low,Monolithic,Single Server Deployment,REST API
30145,High,16,Daily,9,High,High,Microservices,Microservices with Docker,REST API + gRPC
184560,High,23,Daily,23,High,High,Kubernetes Deployment,Kubernetes Orchestration Deployment,REST API + gRPC/Event-Driven
9895,Medium,8,Monthly,5,High,Medium,Containerized App,Docker Container Deployment,REST API
123267,High,23,Daily,10,High,High,Kubernetes Deployment,Kubernetes Orchestration Deployment,REST API + gRPC/Event-Driven
3791,Low,4,Monthly,3,Medium,Low,Monolithic,Single Server Deployment,REST API
4966,Low,5,Monthly,1,Medium,Low,Monolithic,Single Server Deployment,REST API
45938,High,20,Weekly,14,High,High,Microservices,Microservices with Docker,REST API + gRPC
45172,High,30,Weekly,10,Medium,High,Microservices,Microservices with Docker,REST API + gRPC
53473,High,33,Daily,23,High,High,Kubernetes Deployment,Kubernetes Orchestration Deployment,REST API + gRPC/Event-Driven
12700,Low,9,Weekly,7,Medium,Medium,Containerized App,Docker Container Deployment,REST API
4306,Low,2,Monthly,2,Low,Low,Monolithic,Single Server Deployment,REST API
16001,Low,15,Monthly,5,Medium,Low,Containerized App,Docker Container Deployment,REST API
3076,Low,5,Monthly,1,Low,Low,Monolithic,Single Server Deployment,REST API
2526,Low,3,Monthly,2,Low,Low,Monolithic,Single Server Deployment,REST API
88029,High,49,Daily,18,High,High,Kubernetes Deployment,Kubernetes Orchestration Deployment,REST API + gRPC/Event-Driven
43789,Medium,19,Daily,14,High,High,Microservices,Microservices with Docker,REST API + gRPC
69467,High,21,Daily,20,High,High,Kubernetes Deployment,Kubernetes Orchestration Deployment,REST API + gRPC/Event-Driven
9564,Low,9,Weekly,5,Medium,Low,Containerized App,Docker Container Deployment,REST API
7936,Medium,10,Weekly,5,High,Low,Containerized App,Docker Container Deployment,REST API
19515,Low,7,Weekly,7,Medium,Low,Containerized App,Docker Container Deployment,REST API
164297,High,46,Daily,10,High,High,Kubernetes Deployment,Kubernetes Orchestration Deployment,REST API + gRPC/Event-Driven
1468,Low,2,Monthly,1,Medium,Low,Monolithic,Single Server Deployment,REST API
4392,Low,2,Monthly,1,Medium,Low,Monolithic,Single Server Deployment,REST API
53373,High,50,Daily,17,High,High,Kubernetes Deployment,Kubernetes Orchestration Deployment,REST API + gRPC/Event-Driven
18355,Medium,12,Weekly,5,Medium,Medium,Containerized App,Docker Container Deployment,REST API
15067,Low,7,Weekly,5,Medium,Low,Containerized App,Docker Container Deployment,REST API
5478,Medium,9,Weekly,8,Medium,Medium,Containerized App,Docker Container Deployment,REST API
666,Low,3,Monthly,1,Medium,Low,Monolithic,Single Server Deployment,REST API
181867,High,32,Daily,23,High,High,Kubernetes Deployment,Kubernetes Orchestration Deployment,REST API + gRPC/Event-Driven
4193,Low,5,Monthly,1,Low,Low,Monolithic,Single Server Deployment,REST API
169415,High,44,Daily,14,High,High,Kubernetes Deployment,Kubernetes Orchestration Deployment,REST API + gRPC/Event-Driven
12087,Medium,11,Weekly,5,High,Medium,Containerized App,Docker Container Deployment,REST API
2748,Low,2,Monthly,2,Low,Low,Monolithic,Single Server Deployment,REST API
4802,Low,4,Monthly,2,Medium,Low,Monolithic,Single Server Deployment,REST API
172039,High,30,Daily,25,High,High,Kubernetes Deployment,Kubernetes Orchestration Deployment,REST API + gRPC/Event-Driven
16389,Medium,7,Weekly,8,High,Low,Containerized App,Docker Container Deployment,REST API
197755,High,36,Daily,21,High,High,Kubernetes Deployment,Kubernetes Orchestration Deployment,REST API + gRPC/Event-Driven
703,Low,2,Monthly,2,Low,Low,Monolithic,Single Server Deployment,REST API
4229,Low,5,Monthly,2,Low,Low,Monolithic,Single Server Deployment,REST API
17110,Low,12,Weekly,5,High,Medium,Containerized App,Docker Container Deployment,REST API
4357,Low,5,Monthly,2,Low,Low,Monolithic,Single Server Deployment,REST API
24969,High,19,Weekly,15,High,Medium,Microservices,Microservices with Docker,REST API + gRPC
1423,Low,5,Monthly,3,Medium,Low,Monolithic,Single Server Deployment,REST API
11541,Low,9,Weekly,7,Medium,Low,Containerized App,Docker Container Deployment,REST API
24577,Medium,19,Daily,12,High,Medium,Microservices,Microservices with Docker,REST API + gRPC
8916,Medium,6,Weekly,3,Medium,Medium,Containerized App,Docker Container Deployment,REST API
6364,Medium,8,Weekly,7,High,Medium,Containerized App,Docker Container Deployment,REST API
406,Low,5,Monthly,1,Low,Low,Monolithic,Single Server Deployment,REST API
2818,Low,3,Monthly,3,Low,Low,Monolithic,Single Server Deployment,REST API
3102,Low,3,Monthly,2,Low,Low,Monolithic,Single Server Deployment,REST API
1731,Low,5,Monthly,2,Low,Low,Monolithic,Single Server Deployment,REST API
35006,High,29,Daily,11,High,High,Microservices,Microservices with Docker,REST API + gRPC
13487,Low,15,Weekly,3,High,Low,Containerized App,Docker Container Deployment,REST API
5283,Medium,12,Weekly,7,Medium,Medium,Containerized App,Docker Container Deployment,REST API
5683,Medium,7,Monthly,4,High,Low,Containerized App,Docker Container Deployment,REST API
40383,Medium,21,Weekly,9,High,High,Microservices,Microservices with Docker,REST API + gRPC
184542,High,40,Daily,23,High,High,Kubernetes Deployment,Kubernetes Orchestration Deployment,REST API + gRPC/Event-Driven
403,Low,5,Monthly,2,Medium,Low,Monolithic,Single Server Deployment,REST API
1354,Low,2,Monthly,3,Medium,Low,Monolithic,Single Server Deployment,REST API
6071,Low,7,Monthly,5,Medium,Medium,Containerized App,Docker Container Deployment,REST API
1033,Low,4,Monthly,3,Medium,Low,Monolithic,Single Server Deployment,REST API
22375,Medium,18,Daily,11,High,High,Microservices,Microservices with Docker,REST API + gRPC
739,Low,2,Monthly,1,Low,Low,Monolithic,Single Server Deployment,REST API
2853,Low,2,Monthly,2,Low,Low,Monolithic,Single Server Deployment,REST API
77663,High,33,Daily,23,High,High,Kubernetes Deployment,Kubernetes Orchestration Deployment,REST API + gRPC/Event-Driven
34489,High,21,Weekly,9,High,Medium,Microservices,Microservices with Docker,REST API + gRPC
21763,Medium,29,Weekly,15,High,High,Microservices,Microservices with Docker,REST API + gRPC
9557,Medium,6,Weekly,8,High,Low,Containerized App,Docker Container Deployment,REST API
58430,High,29,Daily,18,High,High,Kubernetes Deployment,Kubernetes Orchestration Deployment,REST API + gRPC/Event-Driven
2329,Low,5,Monthly,1,Medium,Low,Monolithic,Single Server Deployment,REST API
40247,Medium,24,Daily,14,High,High,Microservices,Microservices with Docker,REST API + gRPC
42918,Medium,26,Daily,12,Medium,Medium,Microservices,Microservices with Docker,REST API + gRPC
3738,Low,4,Monthly,3,Medium,Low,Monolithic,Single Server Deployment,REST API
995,Low,3,Monthly,1,Low,Low,Monolithic,Single Server Deployment,REST API
1622,Low,2,Monthly,3,Low,Low,Monolithic,Single Server Deployment,REST API
67169,High,37,Daily,24,High,High,Kubernetes Deployment,Kubernetes Orchestration Deployment,REST API + gRPC/Event-Driven
2326,Low,5,Monthly,3,Medium,Low,Monolithic,Single Server Deployment,REST API
8520,Medium,15,Weekly,7,High,Low,Containerized App,Docker Container Deployment,REST API
9508,Medium,15,Monthly,3,Medium,Low,Containerized App,Docker Container Deployment,REST API
9368,Low,7,Monthly,7,High,Low,Containerized App,Docker Container Deployment,REST API
18586,Low,6,Weekly,6,Medium,Low,Containerized App,Docker Container Deployment,REST API
180913,High,39,Daily,15,High,High,Kubernetes Deployment,Kubernetes Orchestration Deployment,REST API + gRPC/Event-Driven
2074,Low,5,Monthly,3,Low,Low,Monolithic,Single Server Deployment,REST API
12425,Medium,8,Monthly,7,High,Medium,Containerized App,Docker Container Deployment,REST API
19841,Medium,9,Monthly,5,High,Low,Containerized App,Docker Container Deployment,REST API
1094,Low,3,Monthly,1,Low,Low,Monolithic,Single Server Deployment,REST API
10789,Medium,9,Weekly,8,Medium,Medium,Containerized App,Docker Container Deployment,REST API
57857,High,36,Daily,23,High,High,Kubernetes Deployment,Kubernetes Orchestration Deployment,REST API + gRPC/Event-Driven
30734,High,18,Weekly,10,High,Medium,Microservices,Microservices with Docker,REST API + gRPC
21074,Medium,16,Weekly,13,High,High,Microservices,Microservices with Docker,REST API + gRPC
175319,High,40,Daily,19,High,High,Kubernetes Deployment,Kubernetes Orchestration Deployment,REST API + gRPC/Event-Driven
14206,Low,13,Monthly,5,High,Medium,Containerized App,Docker Container Deployment,REST API
82900,High,44,Daily,22,High,High,Kubernetes Deployment,Kubernetes Orchestration Deployment,REST API + gRPC/Event-Driven
44064,Medium,27,Daily,15,Medium,High,Microservices,Microservices with Docker,REST API + gRPC
19331,Medium,9,Weekly,8,High,Low,Containerized App,Docker Container Deployment,REST API
11313,Medium,14,Weekly,8,High,Low,Containerized App,Docker Container Deployment,REST API
135290,High,49,Daily,21,High,High,Kubernetes Deployment,Kubernetes Orchestration Deployment,REST API + gRPC/Event-Driven
1438,Low,5,Monthly,2,Medium,Low,Monolithic,Single Server Deployment,REST API
17702,Medium,8,Monthly,7,High,Low,Containerized App,Docker Container Deployment,REST API
7466,Medium,9,Weekly,7,High,Low,Containerized App,Docker Container Deployment,REST API
140913,High,24,Daily,17,High,High,Kubernetes Deployment,Kubernetes Orchestration Deployment,REST API + gRPC/Event-Driven
775,Low,3,Monthly,3,Low,Low,Monolithic,Single Server Deployment,REST API
26487,High,23,Weekly,11,High,High,Microservices,Microservices with Docker,REST API + gRPC
9035,Medium,8,Monthly,6,Medium,Medium,Containerized App,Docker Container Deployment,REST API
66432,High,33,Daily,25,High,High,Kubernetes Deployment,Kubernetes Orchestration Deployment,REST API + gRPC/Event-Driven
2666,Low,2,Monthly,3,Low,Low,Monolithic,Single Server Deployment,REST API
14329,Low,14,Monthly,6,Medium,Medium,Containerized App,Docker Container Deployment,REST API
4240,Low,5,Monthly,1,Low,Low,Monolithic,Single Server Deployment,REST API
32353,Medium,25,Weekly,10,High,High,Microservices,Microservices with Docker,REST API + gRPC
17320,Low,12,Weekly,6,High,Low,Containerized App,Docker Container Deployment,REST API
141102,High,31,Daily,24,High,High,Kubernetes Deployment,Kubernetes Orchestration Deployment,REST API + gRPC/Event-Driven
3366,Low,3,Monthly,2,Low,Low,Monolithic,Single Server Deployment,REST API
105265,High,31,Daily,17,High,High,Kubernetes Deployment,Kubernetes Orchestration Deployment,REST API + gRPC/Event-Driven
3623,Low,5,Monthly,1,Medium,Low,Monolithic,Single Server Deployment,REST API
79607,High,45,Daily,23,High,High,Kubernetes Deployment,Kubernetes Orchestration Deployment,REST API + gRPC/Event-Driven
58236,High,38,Daily,17,High,High,Kubernetes Deployment,Kubernetes Orchestration Deployment,REST API + gRPC/Event-Driven
42898,High,18,Weekly,11,Medium,High,Microservices,Microservices with Docker,REST API + gRPC
4500,Low,2,Monthly,2,Low,Low,Monolithic,Single Server Deployment,REST API
39250,High,29,Weekly,12,High,High,Microservices,Microservices with Docker,REST API + gRPC
28464,High,16,Weekly,10,Medium,Medium,Microservices,Microservices with Docker,REST API + gRPC
77641,High,22,Daily,25,High,High,Kubernetes Deployment,Kubernetes Orchestration Deployment,REST API + gRPC/Event-Driven
64186,High,48,Daily,21,High,High,Kubernetes Deployment,Kubernetes Orchestration Deployment,REST API + gRPC/Event-Driven
193670,High,38,Daily,17,High,High,Kubernetes Deployment,Kubernetes Orchestration Deployment,REST API + gRPC/Event-Driven
21450,High,23,Daily,12,High,Medium,Microservices,Microservices with Docker,REST API + gRPC
98803,High,47,Daily,25,High,High,Kubernetes Deployment,Kubernetes Orchestration Deployment,REST API + gRPC/Event-Driven
22252,High,30,Daily,9,Medium,Medium,Microservices,Microservices with Docker,REST API + gRPC
4643,Low,4,Monthly,3,Low,Low,Monolithic,Single Server Deployment,REST API
4026,Low,2,Monthly,2,Medium,Low,Monolithic,Single Server Deployment,REST API
3549,Low,4,Monthly,2,Low,Low,Monolithic,Single Server Deployment,REST API
49897,Medium,26,Daily,10,High,Medium,Microservices,Microservices with Docker,REST API + gRPC
98482,High,49,Daily,10,High,High,Kubernetes Deployment,Kubernetes Orchestration Deployment,REST API + gRPC/Event-Driven
30263,High,25,Weekly,15,Medium,Medium,Microservices,Microservices with Docker,REST API + gRPC
19929,Medium,12,Weekly,3,High,Low,Containerized App,Docker Container Deployment,REST API
4966,Low,5,Monthly,2,Medium,Low,Monolithic,Single Server Deployment,REST API
15252,Low,9,Weekly,6,High,Medium,Containerized App,Docker Container Deployment,REST API
61312,High,38,Daily,17,High,High,Kubernetes Deployment,Kubernetes Orchestration Deployment,REST API + gRPC/Event-Driven
141178,High,36,Daily,11,High,High,Kubernetes Deployment,Kubernetes Orchestration Deployment,REST API + gRPC/Event-Driven
98708,High,42,Daily,25,High,High,Kubernetes Deployment,Kubernetes Orchestration Deployment,REST API + gRPC/Event-Driven
1577,Low,2,Monthly,2,Medium,Low,Monolithic,Single Server Deployment,REST API
20794,Medium,19,Weekly,9,High,High,Microservices,Microservices with Docker,REST API + gRPC
4489,Low,3,Monthly,2,Medium,Low,Monolithic,Single Server Deployment,REST API
11500,Low,6,Weekly,3,Medium,Medium,Containerized App,Docker Container Deployment,REST API
4884,Low,4,Monthly,1,Medium,Low,Monolithic,Single Server Deployment,REST API
171136,High,39,Daily,22,High,High,Kubernetes Deployment,Kubernetes Orchestration Deployment,REST API + gRPC/Event-Driven
14053,Medium,9,Weekly,8,High,Medium,Containerized App,Docker Container Deployment,REST API
865,Low,3,Monthly,3,Medium,Low,Monolithic,Single Server Deployment,REST API
1669,Low,4,Monthly,1,Low,Low,Monolithic,Single Server Deployment,REST API
30190,High,16,Weekly,12,Medium,Medium,Microservices,Microservices with Docker,REST API + gRPC
15062,Low,12,Monthly,5,High,Medium,Containerized App,Docker Container Deployment,REST API
11734,Medium,9,Weekly,6,High,Low,Containerized App,Docker Container Deployment,REST API
46123,High,18,Weekly,12,High,High,Microservices,Microservices with Docker,REST API + gRPC
191383,High,40,Daily,20,High,High,Kubernetes Deployment,Kubernetes Orchestration Deployment,REST API + gRPC/Event-Driven
27882,High,22,Weekly,10,High,High,Microservices,Microservices with Docker,REST API + gRPC
170893,High,40,Daily,21,High,High,Kubernetes Deployment,Kubernetes Orchestration Deployment,REST API + gRPC/Event-Driven
14188,Medium,8,Monthly,3,High,Low,Containerized App,Docker Container Deployment,REST API
1166,Low,2,Monthly,2,Low,Low,Monolithic,Single Server Deployment,REST API
6943,Low,11,Monthly,7,Medium,Medium,Containerized App,Docker Container Deployment,REST API
22321,Medium,29,Daily,9,Medium,Medium,Microservices,Microservices with Docker,REST API + gRPC
119798,High,25,Daily,24,High,High,Kubernetes Deployment,Kubernetes Orchestration Deployment,REST API + gRPC/Event-Driven
19248,Medium,14,Weekly,3,High,Low,Containerized App,Docker Container Deployment,REST API
15240,Medium,15,Monthly,3,High,Low,Containerized App,Docker Container Deployment,REST API
18205,Low,7,Monthly,8,High,Medium,Containerized App,Docker Container Deployment,REST API
4055,Low,3,Monthly,1,Low,Low,Monolithic,Single Server Deployment,REST API
27235,Medium,22,Daily,9,Medium,High,Microservices,Microservices with Docker,REST API + gRPC
29297,Medium,18,Daily,13,High,High,Microservices,Microservices with Docker,REST API + gRPC
5693,Low,10,Weekly,3,Medium,Low,Containerized App,Docker Container Deployment,REST API
18476,Low,13,Weekly,5,High,Medium,Containerized App,Docker Container Deployment,REST API
23073,Medium,23,Daily,11,High,High,Microservices,Microservices with Docker,REST API + gRPC
9318,Low,6,Weekly,4,High,Low,Containerized App,Docker Container Deployment,REST API
45184,Medium,29,Weekly,10,High,Medium,Microservices,Microservices with Docker,REST API + gRPC
660,Low,3,Monthly,1,Medium,Low,Monolithic,Single Server Deployment,REST API
192705,High,36,Daily,11,High,High,Kubernetes Deployment,Kubernetes Orchestration Deployment,REST API + gRPC/Event-Driven
2048,Low,3,Monthly,3,Medium,Low,Monolithic,Single Server Deployment,REST API
4967,Low,2,Monthly,2,Low,Low,Monolithic,Single Server Deployment,REST API
17719,Medium,12,Monthly,6,Medium,Medium,Containerized App,Docker Container Deployment,REST API
35025,High,26,Weekly,10,Medium,Medium,Microservices,Microservices with Docker,REST API + gRPC
27590,Medium,18,Weekly,11,High,Medium,Microservices,Microservices with Docker,REST API + gRPC
22297,High,19,Daily,13,Medium,Medium,Microservices,Microservices with Docker,REST API + gRPC
79669,High,42,Daily,16,High,High,Kubernetes Deployment,Kubernetes Orchestration Deployment,REST API + gRPC/Event-Driven
9274,Low,7,Monthly,6,Medium,Medium,Containerized App,Docker Container Deployment,REST API
20283,Medium,24,Weekly,11,High,Medium,Microservices,Microservices with Docker,REST API + gRPC
18545,Medium,8,Monthly,6,High,Low,Containerized App,Docker Container Deployment,REST API
1566,Low,2,Monthly,3,Medium,Low,Monolithic,Single Server Deployment,REST API
20978,High,16,Daily,15,Medium,High,Microservices,Microservices with Docker,REST API + gRPC
8255,Medium,15,Weekly,8,Medium,Medium,Containerized App,Docker Container Deployment,REST API
17415,Medium,12,Monthly,7,High,Medium,Containerized App,Docker Container Deployment,REST API
22994,High,22,Weekly,15,Medium,Medium,Microservices,Microservices with Docker,REST API + gRPC
2381,Low,5,Monthly,1,Low,Low,Monolithic,Single Server Deployment,REST API
33040,Medium,16,Weekly,13,Medium,High,Microservices,Microservices with Docker,REST API + gRPC
4355,Low,5,Monthly,1,Low,Low,Monolithic,Single Server Deployment,REST API
1963,Low,2,Monthly,2,Low,Low,Monolithic,Single Server Deployment,REST API
2623,Low,2,Monthly,2,Low,Low,Monolithic,Single Server Deployment,REST API
1669,Low,3,Monthly,3,Medium,Low,Monolithic,Single Server Deployment,REST API
62795,High,33,Daily,10,High,High,Kubernetes Deployment,Kubernetes Orchestration Deployment,REST API + gRPC/Event-Driven
3010,Low,3,Monthly,3,Medium,Low,Monolithic,Single Server Deployment,REST API
26556,Medium,22,Daily,11,High,Medium,Microservices,Microservices with Docker,REST API + gRPC
193480,High,30,Daily,11,High,High,Kubernetes Deployment,Kubernetes Orchestration Deployment,REST API + gRPC/Event-Driven
46079,High,20,Daily,12,High,Medium,Microservices,Microservices with Docker,REST API + gRPC
121609,High,47,Daily,25,High,High,Kubernetes Deployment,Kubernetes Orchestration Deployment,REST API + gRPC/Event-Driven
37758,Medium,23,Weekly,9,High,Medium,Microservices,Microservices with Docker,REST API + gRPC
69100,High,49,Daily,24,High,High,Kubernetes Deployment,Kubernetes Orchestration Deployment,REST API + gRPC/Event-Driven
34513,High,28,Daily,13,Medium,Medium,Microservices,Microservices with Docker,REST API + gRPC
2042,Low,4,Monthly,2,Medium,Low,Monolithic,Single Server Deployment,REST API
11989,Medium,11,Monthly,7,Medium,Medium,Containerized App,Docker Container Deployment,REST API
18091,Medium,9,Weekly,5,Medium,Low,Containerized App,Docker Container Deployment,REST API
110552,High,22,Daily,21,High,High,Kubernetes Deployment,Kubernetes Orchestration Deployment,REST API + gRPC/Event-Driven
113700,High,41,Daily,14,High,High,Kubernetes Deployment,Kubernetes Orchestration Deployment,REST API + gRPC/Event-Driven
48972,Medium,28,Daily,11,High,High,Microservices,Microservices with Docker,REST API + gRPC
2290,Low,2,Monthly,1,Medium,Low,Monolithic,Single Server Deployment,REST API
8349,Low,9,Weekly,8,High,Low,Containerized App,Docker Container Deployment,REST API
45880,High,28,Daily,14,Medium,Medium,Microservices,Microservices with Docker,REST API + gRPC
185580,High,30,Daily,11,High,High,Kubernetes Deployment,Kubernetes Orchestration Deployment,REST API + gRPC/Event-Driven
35644,High,21,Daily,11,High,Medium,Microservices,Microservices with Docker,REST API + gRPC
7324,Medium,13,Monthly,3,Medium,Medium,Containerized App,Docker Container Deployment,REST API
3155,Low,4,Monthly,3,Medium,Low,Monolithic,Single Server Deployment,REST API
10353,Low,11,Monthly,6,Medium,Low,Containerized App,Docker Container Deployment,REST API
13909,Low,7,Monthly,8,Medium,Medium,Containerized App,Docker Container Deployment,REST API
165465,High,33,Daily,21,High,High,Kubernetes Deployment,Kubernetes Orchestration Deployment,REST API + gRPC/Event-Driven
6249,Low,7,Monthly,4,Medium,Medium,Containerized App,Docker Container Deployment,REST API
36390,Medium,25,Daily,9,Medium,High,Microservices,Microservices with Docker,REST API + gRPC
2808,Low,3,Monthly,1,Low,Low,Monolithic,Single Server Deployment,REST API
20340,Medium,16,Weekly,15,High,Medium,Microservices,Microservices with Docker,REST API + gRPC
52348,High,33,Daily,12,High,High,Kubernetes Deployment,Kubernetes Orchestration Deployment,REST API + gRPC/Event-Driven
558,Low,4,Monthly,3,Medium,Low,Monolithic,Single Server Deployment,REST API
35441,Medium,24,Daily,14,High,Medium,Microservices,Microservices with Docker,REST API + gRPC
4686,Low,5,Monthly,2,Low,Low,Monolithic,Single Server Deployment,REST API
69567,High,36,Daily,14,High,High,Kubernetes Deployment,Kubernetes Orchestration Deployment,REST API + gRPC/Event-Driven
32069,Medium,22,Daily,14,High,High,Microservices,Microservices with Docker,REST API + gRPC
181363,High,34,Daily,15,High,High,Kubernetes Deployment,Kubernetes Orchestration Deployment,REST API + gRPC/Event-Driven
14437,Low,11,Weekly,8,High,Medium,Containerized App,Docker Container Deployment,REST API
34932,Medium,23,Daily,14,High,Medium,Microservices,Microservices with Docker,REST API + gRPC
41546,High,23,Weekly,15,High,High,Microservices,Microservices with Docker,REST API + gRPC
37897,High,23,Weekly,9,Medium,Medium,Microservices,Microservices with Docker,REST API + gRPC
44036,Medium,22,Daily,11,Medium,Medium,Microservices,Microservices with Docker,REST API + gRPC
28853,High,19,Weekly,15,High,Medium,Microservices,Microservices with Docker,REST API + gRPC
38289,High,24,Weekly,12,Medium,High,Microservices,Microservices with Docker,REST API + gRPC
53704,High,47,Daily,12,High,High,Kubernetes Deployment,Kubernetes Orchestration Deployment,REST API + gRPC/Event-Driven
31317,High,28,Daily,15,Medium,High,Microservices,Microservices with Docker,REST API + gRPC
49845,High,28,Daily,9,High,High,Microservices,Microservices with Docker,REST API + gRPC
38960,Medium,25,Daily,11,High,High,Microservices,Microservices with Docker,REST API + gRPC
44111,Medium,29,Daily,11,Medium,High,Microservices,Microservices with Docker,REST API + gRPC
831,Low,3,Monthly,2,Low,Low,Monolithic,Single Server Deployment,REST API
54863,High,29,Daily,12,High,High,Kubernetes Deployment,Kubernetes Orchestration Deployment,REST API + gRPC/Event-Driven
133801,High,50,Daily,12,High,High,Kubernetes Deployment,Kubernetes Orchestration Deployment,REST API + gRPC/Event-Driven
42669,High,30,Weekly,11,Medium,Medium,Microservices,Microservices with Docker,REST API + gRPC
6571,Medium,11,Monthly,8,High,Medium,Containerized App,Docker Container Deployment,REST API
16516,Low,9,Monthly,5,Medium,Low,Containerized App,Docker Container Deployment,REST API
3360,Low,4,Monthly,3,Medium,Low,Monolithic,Single Server Deployment,REST API
39040,Medium,29,Daily,15,Medium,High,Microservices,Microservices with Docker,REST API + gRPC
14455,Medium,11,Weekly,7,Medium,Low,Containerized App,Docker Container Deployment,REST API
6872,Low,6,Monthly,7,High,Low,Containerized App,Docker Container Deployment,REST API
35363,Medium,19,Weekly,11,High,High,Microservices,Microservices with Docker,REST API + gRPC
11975,Medium,10,Monthly,7,High,Low,Containerized App,Docker Container Deployment,REST API
160970,High,33,Daily,16,High,High,Kubernetes Deployment,Kubernetes Orchestration Deployment,REST API + gRPC/Event-Driven
31772,Medium,24,Daily,10,Medium,High,Microservices,Microservices with Docker,REST API + gRPC
61406,High,33,Daily,11,High,High,Kubernetes Deployment,Kubernetes Orchestration Deployment,REST API + gRPC/Event-Driven
118766,High,39,Daily,14,High,High,Kubernetes Deployment,Kubernetes Orchestration Deployment,REST API + gRPC/Event-Driven
9790,Low,11,Weekly,3,High,Low,Containerized App,Docker Container Deployment,REST API
36463,Medium,27,Daily,15,High,High,Microservices,Microservices with Docker,REST API + gRPC
38766,Medium,28,Daily,12,High,High,Microservices,Microservices with Docker,REST API + gRPC
18196,Low,14,Monthly,8,Medium,Low,Containerized App,Docker Container Deployment,REST API
3355,Low,3,Monthly,2,Medium,Low,Monolithic,Single Server Deployment,REST API
5859,Low,6,Weekly,4,Medium,Medium,Containerized App,Docker Container Deployment,REST API
41643,High,29,Daily,9,Medium,Medium,Microservices,Microservices with Docker,REST API + gRPC
126514,High,29,Daily,12,High,High,Kubernetes Deployment,Kubernetes Orchestration Deployment,REST API + gRPC/Event-Driven
65750,High,37,Daily,22,High,High,Kubernetes Deployment,Kubernetes Orchestration Deployment,REST API + gRPC/Event-Driven
2877,Low,4,Monthly,1,Low,Low,Monolithic,Single Server Deployment,REST API
7660,Low,13,Monthly,8,High,Medium,Containerized App,Docker Container Deployment,REST API
3819,Low,2,Monthly,3,Low,Low,Monolithic,Single Server Deployment,REST API
161241,High,28,Daily,18,High,High,Kubernetes Deployment,Kubernetes Orchestration Deployment,REST API + gRPC/Event-Driven
24097,Medium,28,Weekly,13,Medium,High,Microservices,Microservices with Docker,REST API + gRPC
83006,High,50,Daily,24,High,High,Kubernetes Deployment,Kubernetes Orchestration Deployment,REST API + gRPC/Event-Driven
3279,Low,5,Monthly,2,Medium,Low,Monolithic,Single Server Deployment,REST API
156488,High,41,Daily,15,High,High,Kubernetes Deployment,Kubernetes Orchestration Deployment,REST API + gRPC/Event-Driven
12718,Medium,8,Weekly,7,High,Low,Containerized App,Docker Container Deployment,REST API
26026,Medium,23,Weekly,9,Medium,High,Microservices,Microservices with Docker,REST API + gRPC
44939,High,20,Weekly,10,High,Medium,Microservices,Microservices with Docker,REST API + gRPC
40097,High,24,Weekly,15,High,Medium,Microservices,Microservices with Docker,REST API + gRPC
14238,Low,8,Weekly,7,Medium,Medium,Containerized App,Docker Container Deployment,REST API
79344,High,38,Daily,12,High,High,Kubernetes Deployment,Kubernetes Orchestration Deployment,REST API + gRPC/Event-Driven
35836,High,21,Weekly,10,High,High,Microservices,Microservices with Docker,REST API + gRPC
152076,High,39,Daily,15,High,High,Kubernetes Deployment,Kubernetes Orchestration Deployment,REST API + gRPC/Event-Driven
80795,High,24,Daily,16,High,High,Kubernetes Deployment,Kubernetes Orchestration Deployment,REST API + gRPC/Event-Driven
71149,High,48,Daily,25,High,High,Kubernetes Deployment,Kubernetes Orchestration Deployment,REST API + gRPC/Event-Driven
78222,High,41,Daily,16,High,High,Kubernetes Deployment,Kubernetes Orchestration Deployment,REST API + gRPC/Event-Driven
7271,Low,15,Weekly,3,High,Low,Containerized App,Docker Container Deployment,REST API
48302,Medium,28,Daily,12,Medium,Medium,Microservices,Microservices with Docker,REST API + gRPC
20285,High,25,Daily,13,High,Medium,Microservices,Microservices with Docker,REST API + gRPC
98996,High,42,Daily,24,High,High,Kubernetes Deployment,Kubernetes Orchestration Deployment,REST API + gRPC/Event-Driven
4314,Low,2,Monthly,1,Medium,Low,Monolithic,Single Server Deployment,REST API
2689,Low,3,Monthly,2,Low,Low,Monolithic,Single Server Deployment,REST API
120704,High,47,Daily,19,High,High,Kubernetes Deployment,Kubernetes Orchestration Deployment,REST API + gRPC/Event-Driven
13154,Low,15,Monthly,7,High,Medium,Containerized App,Docker Container Deployment,REST API
582,Low,3,Monthly,1,Low,Low,Monolithic,Single Server Deployment,REST API
27085,High,19,Weekly,15,High,High,Microservices,Microservices with Docker,REST API + gRPC
3058,Low,4,Monthly,1,Medium,Low,Monolithic,Single Server Deployment,REST API
10548,Low,10,Weekly,3,Medium,Low,Containerized App,Docker Container Deployment,REST API
36928,High,21,Weekly,14,High,Medium,Microservices,Microservices with Docker,REST API + gRPC
2982,Low,5,Monthly,2,Medium,Low,Monolithic,Single Server Deployment,REST API
252,Low,3,Monthly,3,Medium,Low,Monolithic,Single Server Deployment,REST API
17181,Medium,14,Weekly,3,High,Low,Containerized App,Docker Container Deployment,REST API
3539,Low,5,Monthly,1,Low,Low,Monolithic,Single Server Deployment,REST API
5939,Low,11,Monthly,8,High,Low,Containerized App,Docker Container Deployment,REST API
11217,Medium,6,Weekly,6,Medium,Low,Containerized App,Docker Container Deployment,REST API
155352,High,44,Daily,17,High,High,Kubernetes Deployment,Kubernetes Orchestration Deployment,REST API + gRPC/Event-Driven
12577,Low,13,Monthly,8,Medium,Low,Containerized App,Docker Container Deployment,REST API
2703,Low,2,Monthly,3,Medium,Low,Monolithic,Single Server Deployment,REST API
1953,Low,2,Monthly,2,Low,Low,Monolithic,Single Server Deployment,REST API
135831,High,27,Daily,13,High,High,Kubernetes Deployment,Kubernetes Orchestration Deployment,REST API + gRPC/Event-Driven
3087,Low,2,Monthly,2,Low,Low,Monolithic,Single Server Deployment,REST API
9740,Medium,8,Monthly,8,Medium,Low,Containerized App,Docker Container Deployment,REST API
14604,Medium,13,Monthly,6,Medium,Medium,Containerized App,Docker Container Deployment,REST API
33638,Medium,21,Daily,11,High,High,Microservices,Microservices with Docker,REST API + gRPC
27118,Medium,16,Weekly,14,Medium,Medium,Microservices,Microservices with Docker,REST API + gRPC
29752,Medium,24,Weekly,10,High,Medium,Microservices,Microservices with Docker,REST API + gRPC
5787,Low,7,Monthly,3,Medium,Medium,Containerized App,Docker Container Deployment,REST API
3603,Low,4,Monthly,1,Medium,Low,Monolithic,Single Server Deployment,REST API
278,Low,2,Monthly,1,Low,Low,Monolithic,Single Server Deployment,REST API
16014,Medium,11,Monthly,8,Medium,Medium,Containerized App,Docker Container Deployment,REST API
26155,High,24,Weekly,13,High,High,Microservices,Microservices with Docker,REST API + gRPC
4404,Low,3,Monthly,1,Low,Low,Monolithic,Single Server Deployment,REST API
16981,Low,12,Monthly,4,High,Low,Containerized App,Docker Container Deployment,REST API
2812,Low,2,Monthly,1,Low,Low,Monolithic,Single Server Deployment,REST API
21466,Medium,30,Weekly,12,High,High,Microservices,Microservices with Docker,REST API + gRPC
3672,Low,2,Monthly,3,Low,Low,Monolithic,Single Server Deployment,REST API
335,Low,4,Monthly,2,Low,Low,Monolithic,Single Server Deployment,REST API
86031,High,38,Daily,17,High,High,Kubernetes Deployment,Kubernetes Orchestration Deployment,REST API + gRPC/Event-Driven
374,Low,2,Monthly,3,Medium,Low,Monolithic,Single Server Deployment,REST API
131613,High,40,Daily,20,High,High,Kubernetes Deployment,Kubernetes Orchestration Deployment,REST API + gRPC/Event-Driven
11002,Low,11,Weekly,4,Medium,Low,Containerized App,Docker Container Deployment,REST API
2440,Low,3,Monthly,2,Medium,Low,Monolithic,Single Server Deployment,REST API
16472,Medium,15,Monthly,7,Medium,Medium,Containerized App,Docker Container Deployment,REST API
40687,Medium,29,Weekly,11,High,Medium,Microservices,Microservices with Docker,REST API + gRPC
41548,High,26,Weekly,9,Medium,High,Microservices,Microservices with Docker,REST API + gRPC
70112,High,34,Daily,25,High,High,Kubernetes Deployment,Kubernetes Orchestration Deployment,REST API + gRPC/Event-Driven
841,Low,3,Monthly,1,Low,Low,Monolithic,Single Server Deployment,REST API
24695,Medium,25,Weekly,14,Medium,High,Microservices,Microservices with Docker,REST API + gRPC
13174,Medium,6,Weekly,5,Medium,Low,Containerized App,Docker Container Deployment,REST API
25447,Medium,17,Daily,14,Medium,High,Microservices,Microservices with Docker,REST API + gRPC
4609,Low,5,Monthly,2,Low,Low,Monolithic,Single Server Deployment,REST API
115568,High,26,Daily,21,High,High,Kubernetes Deployment,Kubernetes Orchestration Deployment,REST API + gRPC/Event-Driven
15029,Low,6,Weekly,6,Medium,Low,Containerized App,Docker Container Deployment,REST API
111764,High,41,Daily,20,High,High,Kubernetes Deployment,Kubernetes Orchestration Deployment,REST API + gRPC/Event-Driven
42805,High,30,Weekly,15,Medium,Medium,Microservices,Microservices with Docker,REST API + gRPC
7904,Low,7,Weekly,5,Medium,Medium,Containerized App,Docker Container Deployment,REST API
56793,High,39,Daily,23,High,High,Kubernetes Deployment,Kubernetes Orchestration Deployment,REST API + gRPC/Event-Driven
1473,Low,4,Monthly,2,Low,Low,Monolithic,Single Server Deployment,REST API
23389,Medium,21,Daily,14,Medium,Medium,Microservices,Microservices with Docker,REST API + gRPC
3753,Low,4,Monthly,1,Medium,Low,Monolithic,Single Server Deployment,REST API
3041,Low,2,Monthly,2,Low,Low,Monolithic,Single Server Deployment,REST API
38741,High,16,Weekly,12,High,High,Microservices,Microservices with Docker,REST API + gRPC
31283,High,24,Weekly,14,Medium,High,Microservices,Microservices with Docker,REST API + gRPC
14721,Low,9,Weekly,4,Medium,Medium,Containerized App,Docker Container Deployment,REST API
80677,High,38,Daily,19,High,High,Kubernetes Deployment,Kubernetes Orchestration Deployment,REST API + gRPC/Event-Driven
179314,High,22,Daily,14,High,High,Kubernetes Deployment,Kubernetes Orchestration Deployment,REST API + gRPC/Event-Driven
4149,Low,4,Monthly,1,Medium,Low,Monolithic,Single Server Deployment,REST API
1366,Low,3,Monthly,1,Low,Low,Monolithic,Single Server Deployment,REST API
2841,Low,2,Monthly,2,Low,Low,Monolithic,Single Server Deployment,REST API
19456,Low,12,Weekly,7,High,Low,Containerized App,Docker Container Deployment,REST API
154727,High,49,Daily,21,High,High,Kubernetes Deployment,Kubernetes Orchestration Deployment,REST API + gRPC/Event-Driven
1446,Low,5,Monthly,1,Medium,Low,Monolithic,Single Server Deployment,REST API
12064,Medium,11,Weekly,8,Medium,Medium,Containerized App,Docker Container Deployment,REST API
1168,Low,4,Monthly,3,Low,Low,Monolithic,Single Server Deployment,REST API
2782,Low,5,Monthly,3,Low,Low,Monolithic,Single Server Deployment,REST API
4304,Low,4,Monthly,3,Medium,Low,Monolithic,Single Server Deployment,REST API
44942,Medium,24,Daily,11,Medium,Medium,Microservices,Microservices with Docker,REST API + gRPC
44048,High,24,Weekly,13,High,Medium,Microservices,Microservices with Docker,REST API + gRPC
1636,Low,2,Monthly,2,Low,Low,Monolithic,Single Server Deployment,REST API
36897,High,19,Weekly,12,Medium,Medium,Microservices,Microservices with Docker,REST API + gRPC
43265,Medium,17,Daily,10,High,Medium,Microservices,Microservices with Docker,REST API + gRPC
131761,High,37,Daily,22,High,High,Kubernetes Deployment,Kubernetes Orchestration Deployment,REST API + gRPC/Event-Driven
35798,Medium,16,Weekly,9,High,High,Microservices,Microservices with Docker,REST API + gRPC
26844,Medium,23,Daily,13,High,Medium,Microservices,Microservices with Docker,REST API + gRPC
126057,High,25,Daily,16,High,High,Kubernetes Deployment,Kubernetes Orchestration Deployment,REST API + gRPC/Event-Driven
108349,High,40,Daily,17,High,High,Kubernetes Deployment,Kubernetes Orchestration Deployment,REST API + gRPC/Event-Driven
40535,Medium,23,Daily,11,High,High,Microservices,Microservices with Docker,REST API + gRPC
2850,Low,2,Monthly,3,Medium,Low,Monolithic,Single Server Deployment,REST API
78331,High,34,Daily,19,High,High,Kubernetes Deployment,Kubernetes Orchestration Deployment,REST API + gRPC/Event-Driven
20043,High,17,Weekly,14,High,High,Microservices,Microservices with Docker,REST API + gRPC
46782,Medium,27,Daily,15,High,High,Microservices,Microservices with Docker,REST API + gRPC
169017,High,32,Daily,24,High,High,Kubernetes Deployment,Kubernetes Orchestration Deployment,REST API + gRPC/Event-Driven
4166,Low,2,Monthly,1,Low,Low,Monolithic,Single Server Deployment,REST API
13701,Low,11,Weekly,5,Medium,Low,Containerized App,Docker Container Deployment,REST API
52046,High,42,Daily,10,High,High,Kubernetes Deployment,Kubernetes Orchestration Deployment,REST API + gRPC/Event-Driven
136297,High,25,Daily,19,High,High,Kubernetes Deployment,Kubernetes Orchestration Deployment,REST API + gRPC/Event-Driven
2985,Low,5,Monthly,3,Medium,Low,Monolithic,Single Server Deployment,REST API
94410,High,28,Daily,18,High,High,Kubernetes Deployment,Kubernetes Orchestration Deployment,REST API + gRPC/Event-Driven
13958,Medium,13,Weekly,5,Medium,Low,Containerized App,Docker Container Deployment,REST API
10275,Medium,9,Monthly,5,High,Low,Containerized App,Docker Container Deployment,REST API
17753,Medium,11,Weekly,5,Medium,Medium,Containerized App,Docker Container Deployment,REST API
2937,Low,5,Monthly,3,Medium,Low,Monolithic,Single Server Deployment,REST API
3855,Low,2,Monthly,3,Low,Low,Monolithic,Single Server Deployment,REST API
38414,High,23,Weekly,15,High,High,Microservices,Microservices with Docker,REST API + gRPC
181420,High,34,Daily,11,High,High,Kubernetes Deployment,Kubernetes Orchestration Deployment,REST API + gRPC/Event-Driven
35624,Medium,22,Weekly,15,Medium,Medium,Microservices,Microservices with Docker,REST API + gRPC
149963,High,40,Daily,16,High,High,Kubernetes Deployment,Kubernetes Orchestration Deployment,REST API + gRPC/Event-Driven
19332,Low,7,Monthly,7,High,Medium,Containerized App,Docker Container Deployment,REST API
55690,High,45,Daily,20,High,High,Kubernetes Deployment,Kubernetes Orchestration Deployment,REST API + gRPC/Event-Driven
19259,Low,12,Weekly,3,High,Low,Containerized App,Docker Container Deployment,REST API
165609,High,45,Daily,11,High,High,Kubernetes Deployment,Kubernetes Orchestration Deployment,REST API + gRPC/Event-Driven
81437,High,23,Daily,23,High,High,Kubernetes Deployment,Kubernetes Orchestration Deployment,REST API + gRPC/Event-Driven
3363,Low,2,Monthly,3,Low,Low,Monolithic,Single Server Deployment,REST API
66816,High,26,Daily,22,High,High,Kubernetes Deployment,Kubernetes Orchestration Deployment,REST API + gRPC/Event-Driven
19054,Low,12,Monthly,8,Medium,Low,Containerized App,Docker Container Deployment,REST API
47202,High,17,Weekly,13,Medium,High,Microservices,Microservices with Docker,REST API + gRPC
1581,Low,4,Monthly,2,Medium,Low,Monolithic,Single Server Deployment,REST API
114871,High,22,Daily,18,High,High,Kubernetes Deployment,Kubernetes Orchestration Deployment,REST API + gRPC/Event-Driven
33957,Medium,23,Weekly,12,Medium,Medium,Microservices,Microservices with Docker,REST API + gRPC
2212,Low,2,Monthly,2,Low,Low,Monolithic,Single Server Deployment,REST API
12727,Low,11,Monthly,5,Medium,Medium,Containerized App,Docker Container Deployment,REST API
150670,High,46,Daily,16,High,High,Kubernetes Deployment,Kubernetes Orchestration Deployment,REST API + gRPC/Event-Driven
44003,High,20,Daily,13,High,High,Microservices,Microservices with Docker,REST API + gRPC
3408,Low,2,Monthly,3,Low,Low,Monolithic,Single Server Deployment,REST API
36535,High,25,Weekly,14,High,High,Microservices,Microservices with Docker,REST API + gRPC
4233,Low,5,Monthly,2,Medium,Low,Monolithic,Single Server Deployment,REST API
132828,High,44,Daily,23,High,High,Kubernetes Deployment,Kubernetes Orchestration Deployment,REST API + gRPC/Event-Driven
2673,Low,3,Monthly,2,Medium,Low,Monolithic,Single Server Deployment,REST API
181683,High,45,Daily,24,High,High,Kubernetes Deployment,Kubernetes Orchestration Deployment,REST API + gRPC/Event-Driven
179628,High,44,Daily,12,High,High,Kubernetes Deployment,Kubernetes Orchestration Deployment,REST API + gRPC/Event-Driven
77388,High,21,Daily,23,High,High,Kubernetes Deployment,Kubernetes Orchestration Deployment,REST API + gRPC/Event-Driven
7714,Low,10,Weekly,6,High,Low,Containerized App,Docker Container Deployment,REST API
12625,Medium,9,Monthly,6,High,Low,Containerized App,Docker Container Deployment,REST API
171248,High,40,Daily,10,High,High,Kubernetes Deployment,Kubernetes Orchestration Deployment,REST API + gRPC/Event-Driven
164523,High,43,Daily,16,High,High,Kubernetes Deployment,Kubernetes Orchestration Deployment,REST API + gRPC/Event-Driven
4697,Low,3,Monthly,1,Low,Low,Monolithic,Single Server Deployment,REST API
49640,Medium,24,Weekly,11,Medium,High,Microservices,Microservices with Docker,REST API + gRPC
27436,Medium,20,Daily,14,Medium,Medium,Microservices,Microservices with Docker,REST API + gRPC
8978,Medium,9,Weekly,8,High,Low,Containerized App,Docker Container Deployment,REST API
1798,Low,5,Monthly,2,Low,Low,Monolithic,Single Server Deployment,REST API
4434,Low,4,Monthly,3,Low,Low,Monolithic,Single Server Deployment,REST API
15099,Low,6,Monthly,7,Medium,Low,Containerized App,Docker Container Deployment,REST API
21515,Medium,22,Daily,12,Medium,Medium,Microservices,Microservices with Docker,REST API + gRPC
10945,Low,7,Weekly,3,Medium,Low,Containerized App,Docker Container Deployment,REST API
1837,Low,4,Monthly,2,Medium,Low,Monolithic,Single Server Deployment,REST API
10161,Low,12,Monthly,8,Medium,Medium,Containerized App,Docker Container Deployment,REST API
91399,High,21,Daily,18,High,High,Kubernetes Deployment,Kubernetes Orchestration Deployment,REST API + gRPC/Event-Driven
164469,High,25,Daily,12,High,High,Kubernetes Deployment,Kubernetes Orchestration Deployment,REST API + gRPC/Event-Driven
153,Low,3,Monthly,3,Medium,Low,Monolithic,Single Server Deployment,REST API
146751,High,20,Daily,16,High,High,Kubernetes Deployment,Kubernetes Orchestration Deployment,REST API + gRPC/Event-Driven
105492,High,29,Daily,20,High,High,Kubernetes Deployment,Kubernetes Orchestration Deployment,REST API + gRPC/Event-Driven
4713,Low,3,Monthly,2,Medium,Low,Monolithic,Single Server Deployment,REST API
132908,High,30,Daily,25,High,High,Kubernetes Deployment,Kubernetes Orchestration Deployment,REST API + gRPC/Event-Driven
41312,High,29,Daily,10,Medium,Medium,Microservices,Microservices with Docker,REST API + gRPC
12024,Medium,6,Monthly,3,Medium,Medium,Containerized App,Docker Container Deployment,REST API
400,Low,3,Monthly,1,Medium,Low,Monolithic,Single Server Deployment,REST API
6921,Low,12,Monthly,8,High,Medium,Containerized App,Docker Container Deployment,REST API
1095,Low,2,Monthly,2,Medium,Low,Monolithic,Single Server Deployment,REST API
1472,Low,2,Monthly,3,Medium,Low,Monolithic,Single Server Deployment,REST API
4888,Low,5,Monthly,3,Medium,Low,Monolithic,Single Server Deployment,REST API
10157,Medium,11,Weekly,6,High,Low,Containerized App,Docker Container Deployment,REST API
22964,High,27,Weekly,13,High,High,Microservices,Microservices with Docker,REST API + gRPC
25319,High,19,Daily,13,Medium,Medium,Microservices,Microservices with Docker,REST API + gRPC
1538,Low,3,Monthly,2,Medium,Low,Monolithic,Single Server Deployment,REST API
158689,High,33,Daily,11,High,High,Kubernetes Deployment,Kubernetes Orchestration Deployment,REST API + gRPC/Event-Driven
10040,Low,11,Weekly,7,High,Medium,Containerized App,Docker Container Deployment,REST API
3461,Low,5,Monthly,3,Low,Low,Monolithic,Single Server Deployment,REST API
105611,High,41,Daily,21,High,High,Kubernetes Deployment,Kubernetes Orchestration Deployment,REST API + gRPC/Event-Driven
4188,Low,5,Monthly,3,Low,Low,Monolithic,Single Server Deployment,REST API
38686,High,22,Daily,13,Medium,High,Microservices,Microservices with Docker,REST API + gRPC
27047,Medium,29,Daily,14,Medium,Medium,Microservices,Microservices with Docker,REST API + gRPC
88999,High,21,Daily,21,High,High,Kubernetes Deployment,Kubernetes Orchestration Deployment,REST API + gRPC/Event-Driven
3011,Low,4,Monthly,3,Low,Low,Monolithic,Single Server Deployment,REST API
44543,High,29,Weekly,11,High,High,Microservices,Microservices with Docker,REST API + gRPC
2901,Low,2,Monthly,3,Low,Low,Monolithic,Single Server Deployment,REST API
95470,High,21,Daily,21,High,High,Kubernetes Deployment,Kubernetes Orchestration Deployment,REST API + gRPC/Event-Driven
176364,High,36,Daily,10,High,High,Kubernetes Deployment,Kubernetes Orchestration Deployment,REST API + gRPC/Event-Driven
35180,Medium,16,Weekly,11,Medium,Medium,Microservices,Microservices with Docker,REST API + gRPC
19241,Low,10,Weekly,3,High,Medium,Containerized App,Docker Container Deployment,REST API
14063,Medium,7,Weekly,3,High,Low,Containerized App,Docker Container Deployment,REST API
154,Low,2,Monthly,2,Medium,Low,Monolithic,Single Server Deployment,REST API
35162,High,21,Daily,11,High,High,Microservices,Microservices with Docker,REST API + gRPC
17874,Low,11,Weekly,8,High,Low,Containerized App,Docker Container Deployment,REST API
17830,Low,9,Weekly,5,High,Medium,Containerized App,Docker Container Deployment,REST API
32250,High,30,Daily,9,Medium,High,Microservices,Microservices with Docker,REST API + gRPC
18776,Low,8,Monthly,7,High,Low,Containerized App,Docker Container Deployment,REST API
2430,Low,4,Monthly,1,Low,Low,Monolithic,Single Server Deployment,REST API
26945,High,22,Daily,12,High,High,Microservices,Microservices with Docker,REST API + gRPC
2800,Low,4,Monthly,3,Low,Low,Monolithic,Single Server Deployment,REST API
120735,High,20,Daily,19,High,High,Kubernetes Deployment,Kubernetes Orchestration Deployment,REST API + gRPC/Event-Driven
2087,Low,3,Monthly,2,Low,Low,Monolithic,Single Server Deployment,REST API
4299,Low,5,Monthly,3,Medium,Low,Monolithic,Single Server Deployment,REST API
25863,High,21,Weekly,14,Medium,High,Microservices,Microservices with Docker,REST API + gRPC
83497,High,30,Daily,18,High,High,Kubernetes Deployment,Kubernetes Orchestration Deployment,REST API + gRPC/Event-Driven
4322,Low,5,Monthly,2,Medium,Low,Monolithic,Single Server Deployment,REST API
2231,Low,3,Monthly,3,Medium,Low,Monolithic,Single Server Deployment,REST API
19797,Low,15,Monthly,4,Medium,Low,Containerized App,Docker Container Deployment,REST API
2551,Low,4,Monthly,3,Medium,Low,Monolithic,Single Server Deployment,REST API
44473,High,29,Daily,11,Medium,High,Microservices,Microservices with Docker,REST API + gRPC
16412,Medium,10,Weekly,7,High,Low,Containerized App,Docker Container Deployment,REST API
37424,High,28,Daily,10,Medium,Medium,Microservices,Microservices with Docker,REST API + gRPC
161833,High,42,Daily,22,High,High,Kubernetes Deployment,Kubernetes Orchestration Deployment,REST API + gRPC/Event-Driven
9755,Low,11,Weekly,6,Medium,Low,Containerized App,Docker Container Deployment,REST API
13634,Medium,7,Monthly,4,Medium,Low,Containerized App,Docker Container Deployment,REST API
494,Low,5,Monthly,2,Medium,Low,Monolithic,Single Server Deployment,REST API
151554,High,29,Daily,15,High,High,Kubernetes Deployment,Kubernetes Orchestration Deployment,REST API + gRPC/Event-Driven
5655,Low,6,Monthly,5,High,Medium,Containerized App,Docker Container Deployment,REST API
17502,Low,15,Monthly,7,High,Medium,Containerized App,Docker Container Deployment,REST API
5960,Low,10,Weekly,3,High,Low,Containerized App,Docker Container Deployment,REST API
195284,High,37,Daily,19,High,High,Kubernetes Deployment,Kubernetes Orchestration Deployment,REST API + gRPC/Event-Driven
749,Low,2,Monthly,2,Low,Low,Monolithic,Single Server Deployment,REST API
13314,Low,10,Monthly,3,High,Low,Containerized App,Docker Container Deployment,REST API
1646,Low,2,Monthly,2,Medium,Low,Monolithic,Single Server Deployment,REST API
614,Low,2,Monthly,2,Low,Low,Monolithic,Single Server Deployment,REST API
499,Low,4,Monthly,2,Low,Low,Monolithic,Single Server Deployment,REST API
42582,High,25,Daily,14,Medium,Medium,Microservices,Microservices with Docker,REST API + gRPC
11736,Medium,15,Weekly,3,Medium,Medium,Containerized App,Docker Container Deployment,REST API
13740,Medium,6,Monthly,7,Medium,Low,Containerized App,Docker Container Deployment,REST API
37485,Medium,27,Daily,15,Medium,High,Microservices,Microservices with Docker,REST API + gRPC
43969,High,29,Daily,10,High,Medium,Microservices,Microservices with Docker,REST API + gRPC
20259,Medium,20,Weekly,11,High,High,Microservices,Microservices with Docker,REST API + gRPC
40096,High,29,Weekly,15,Medium,High,Microservices,Microservices with Docker,REST API + gRPC
3222,Low,4,Monthly,3,Medium,Low,Monolithic,Single Server Deployment,REST API
153704,High,40,Daily,25,High,High,Kubernetes Deployment,Kubernetes Orchestration Deployment,REST API + gRPC/Event-Driven
1021,Low,5,Monthly,2,Medium,Low,Monolithic,Single Server Deployment,REST API
154012,High,48,Daily,16,High,High,Kubernetes Deployment,Kubernetes Orchestration Deployment,REST API + gRPC/Event-Driven
134606,High,34,Daily,17,High,High,Kubernetes Deployment,Kubernetes Orchestration Deployment,REST API + gRPC/Event-Driven
2242,Low,4,Monthly,3,Low,Low,Monolithic,Single Server Deployment,REST API
9972,Low,10,Weekly,7,Medium,Low,Containerized App,Docker Container Deployment,REST API
48024,Medium,28,Daily,9,Medium,Medium,Microservices,Microservices with Docker,REST API + gRPC
5285,Medium,10,Monthly,6,Medium,Medium,Containerized App,Docker Container Deployment,REST API
11251,Low,7,Weekly,3,Medium,Medium,Containerized App,Docker Container Deployment,REST API
104571,High,41,Daily,21,High,High,Kubernetes Deployment,Kubernetes Orchestration Deployment,REST API + gRPC/Event-Driven
192170,High,37,Daily,23,High,High,Kubernetes Deployment,Kubernetes Orchestration Deployment,REST API + gRPC/Event-Driven
4832,Low,4,Monthly,1,Low,Low,Monolithic,Single Server Deployment,REST API
23615,Medium,23,Daily,13,Medium,High,Microservices,Microservices with Docker,REST API + gRPC
87553,High,44,Daily,20,High,High,Kubernetes Deployment,Kubernetes Orchestration Deployment,REST API + gRPC/Event-Driven
1516,Low,3,Monthly,1,Low,Low,Monolithic,Single Server Deployment,REST API
3335,Low,4,Monthly,1,Low,Low,Monolithic,Single Server Deployment,REST API
8540,Low,6,Weekly,3,High,Medium,Containerized App,Docker Container Deployment,REST API
178291,High,34,Daily,11,High,High,Kubernetes Deployment,Kubernetes Orchestration Deployment,REST API + gRPC/Event-Driven
37723,High,29,Weekly,9,Medium,Medium,Microservices,Microservices with Docker,REST API + gRPC
2714,Low,3,Monthly,2,Low,Low,Monolithic,Single Server Deployment,REST API
104795,High,45,Daily,22,High,High,Kubernetes Deployment,Kubernetes Orchestration Deployment,REST API + gRPC/Event-Driven
19538,Medium,11,Monthly,6,High,Medium,Containerized App,Docker Container Deployment,REST API
337,Low,2,Monthly,2,Low,Low,Monolithic,Single Server Deployment,REST API
43183,High,18,Weekly,9,High,Medium,Microservices,Microservices with Docker,REST API + gRPC
149988,High,34,Daily,22,High,High,Kubernetes Deployment,Kubernetes Orchestration Deployment,REST API + gRPC/Event-Driven
3318,Low,5,Monthly,1,Low,Low,Monolithic,Single Server Deployment,REST API
2633,Low,3,Monthly,1,Low,Low,Monolithic,Single Server Deployment,REST API
176873,High,35,Daily,21,High,High,Kubernetes Deployment,Kubernetes Orchestration Deployment,REST API + gRPC/Event-Driven
87849,High,27,Daily,10,High,High,Kubernetes Deployment,Kubernetes Orchestration Deployment,REST API + gRPC/Event-Driven
1738,Low,5,Monthly,1,Low,Low,Monolithic,Single Server Deployment,REST API
1792,Low,4,Monthly,3,Medium,Low,Monolithic,Single Server Deployment,REST API
162226,High,22,Daily,10,High,High,Kubernetes Deployment,Kubernetes Orchestration Deployment,REST API + gRPC/Event-Driven
2610,Low,5,Monthly,3,Medium,Low,Monolithic,Single Server Deployment,REST API
119326,High,23,Daily,20,High,High,Kubernetes Deployment,Kubernetes Orchestration Deployment,REST API + gRPC/Event-Driven
32329,Medium,23,Daily,13,Medium,High,Microservices,Microservices with Docker,REST API + gRPC
1384,Low,3,Monthly,3,Low,Low,Monolithic,Single Server Deployment,REST API
3841,Low,3,Monthly,2,Low,Low,Monolithic,Single Server Deployment,REST API
4449,Low,2,Monthly,2,Medium,Low,Monolithic,Single Server Deployment,REST API
39619,Medium,28,Daily,13,High,High,Microservices,Microservices with Docker,REST API + gRPC
2677,Low,5,Monthly,3,Low,Low,Monolithic,Single Server Deployment,REST API
4659,Low,4,Monthly,1,Low,Low,Monolithic,Single Server Deployment,REST API
16219,Medium,6,Weekly,4,High,Low,Containerized App,Docker Container Deployment,REST API
145425,High,38,Daily,17,High,High,Kubernetes Deployment,Kubernetes Orchestration Deployment,REST API + gRPC/Event-Driven
19255,Low,13,Monthly,5,High,Low,Containerized App,Docker Container Deployment,REST API
18302,Low,10,Monthly,6,High,Medium,Containerized App,Docker Container Deployment,REST API
10493,Medium,15,Monthly,8,High,Low,Containerized App,Docker Container Deployment,REST API
11266,Low,7,Weekly,3,Medium,Medium,Containerized App,Docker Container Deployment,REST API
180116,High,28,Daily,11,High,High,Kubernetes Deployment,Kubernetes Orchestration Deployment,REST API + gRPC/Event-Driven
154181,High,50,Daily,23,High,High,Kubernetes Deployment,Kubernetes Orchestration Deployment,REST API + gRPC/Event-Driven
1982,Low,5,Monthly,2,Low,Low,Monolithic,Single Server Deployment,REST API
133841,High,40,Daily,13,High,High,Kubernetes Deployment,Kubernetes Orchestration Deployment,REST API + gRPC/Event-Driven
8260,Low,15,Weekly,4,High,Medium,Containerized App,Docker Container Deployment,REST API
10255,Medium,12,Monthly,7,High,Medium,Containerized App,Docker Container Deployment,REST API
1603,Low,4,Monthly,2,Low,Low,Monolithic,Single Server Deployment,REST API
19652,Low,7,Monthly,5,High,Low,Containerized App,Docker Container Deployment,REST API
14791,Low,10,Monthly,8,Medium,Medium,Containerized App,Docker Container Deployment,REST API
186303,High,42,Daily,25,High,High,Kubernetes Deployment,Kubernetes Orchestration Deployment,REST API + gRPC/Event-Driven
34715,Medium,24,Weekly,9,Medium,High,Microservices,Microservices with Docker,REST API + gRPC
41262,High,16,Daily,12,Medium,Medium,Microservices,Microservices with Docker,REST API + gRPC
985,Low,5,Monthly,1,Medium,Low,Monolithic,Single Server Deployment,REST API
16162,Medium,8,Weekly,3,High,Low,Containerized App,Docker Container Deployment,REST API
261,Low,2,Monthly,3,Low,Low,Monolithic,Single Server Deployment,REST API
19077,Low,6,Monthly,3,Medium,Medium,Containerized App,Docker Container Deployment,REST API
12153,Low,9,Monthly,3,Medium,Low,Containerized App,Docker Container Deployment,REST API
4635,Low,2,Monthly,2,Medium,Low,Monolithic,Single Server Deployment,REST API
181806,High,48,Daily,12,High,High,Kubernetes Deployment,Kubernetes Orchestration Deployment,REST API + gRPC/Event-Driven
3349,Low,3,Monthly,1,Low,Low,Monolithic,Single Server Deployment,REST API
101461,High,24,Daily,25,High,High,Kubernetes Deployment,Kubernetes Orchestration Deployment,REST API + gRPC/Event-Driven
14680,Medium,15,Weekly,5,Medium,Low,Containerized App,Docker Container Deployment,REST API
3189,Low,5,Monthly,1,Low,Low,Monolithic,Single Server Deployment,REST API
115959,High,26,Daily,20,High,High,Kubernetes Deployment,Kubernetes Orchestration Deployment,REST API + gRPC/Event-Driven
6390,Low,9,Monthly,4,High,Low,Containerized App,Docker Container Deployment,REST API
4216,Low,4,Monthly,2,Low,Low,Monolithic,Single Server Deployment,REST API
42063,Medium,19,Weekly,15,High,Medium,Microservices,Microservices with Docker,REST API + gRPC
3928,Low,3,Monthly,3,Low,Low,Monolithic,Single Server Deployment,REST API
38592,High,19,Weekly,9,High,Medium,Microservices,Microservices with Docker,REST API + gRPC
9670,Medium,10,Monthly,3,Medium,Low,Containerized App,Docker Container Deployment,REST API
127,Low,5,Monthly,3,Medium,Low,Monolithic,Single Server Deployment,REST API
2518,Low,3,Monthly,1,Medium,Low,Monolithic,Single Server Deployment,REST API
1950,Low,5,Monthly,2,Medium,Low,Monolithic,Single Server Deployment,REST API
19196,Low,13,Weekly,8,Medium,Medium,Containerized App,Docker Container Deployment,REST API
132591,High,34,Daily,12,High,High,Kubernetes Deployment,Kubernetes Orchestration Deployment,REST API + gRPC/Event-Driven
12754,Medium,15,Weekly,5,High,Medium,Containerized App,Docker Container Deployment,REST API
85014,High,26,Daily,21,High,High,Kubernetes Deployment,Kubernetes Orchestration Deployment,REST API + gRPC/Event-Driven
35192,Medium,16,Daily,10,High,Medium,Microservices,Microservices with Docker,REST API + gRPC
2812,Low,2,Monthly,1,Medium,Low,Monolithic,Single Server Deployment,REST API
160736,High,46,Daily,23,High,High,Kubernetes Deployment,Kubernetes Orchestration Deployment,REST API + gRPC/Event-Driven
2339,Low,5,Monthly,2,Low,Low,Monolithic,Single Server Deployment,REST API
5877,Low,14,Weekly,8,Medium,Medium,Containerized App,Docker Container Deployment,REST API
7579,Low,13,Weekly,4,High,Medium,Containerized App,Docker Container Deployment,REST API
30293,High,22,Daily,10,High,Medium,Microservices,Microservices with Docker,REST API + gRPC
76249,High,49,Daily,19,High,High,Kubernetes Deployment,Kubernetes Orchestration Deployment,REST API + gRPC/Event-Driven
9120,Low,8,Monthly,5,Medium,Medium,Containerized App,Docker Container Deployment,REST API
2373,Low,2,Monthly,2,Low,Low,Monolithic,Single Server Deployment,REST API
3541,Low,5,Monthly,3,Low,Low,Monolithic,Single Server Deployment,REST API
2693,Low,4,Monthly,3,Medium,Low,Monolithic,Single Server Deployment,REST API
97246,High,27,Daily,21,High,High,Kubernetes Deployment,Kubernetes Orchestration Deployment,REST API + gRPC/Event-Driven
15870,Medium,6,Monthly,5,Medium,Medium,Containerized App,Docker Container Deployment,REST API
20694,Medium,26,Daily,12,Medium,High,Microservices,Microservices with Docker,REST API + gRPC
165181,High,31,Daily,11,High,High,Kubernetes Deployment,Kubernetes Orchestration Deployment,REST API + gRPC/Event-Driven
29851,High,22,Weekly,15,High,High,Microservices,Microservices with Docker,REST API + gRPC
42507,High,20,Daily,9,Medium,Medium,Microservices,Microservices with Docker,REST API + gRPC
22323,High,30,Daily,11,High,High,Microservices,Microservices with Docker,REST API + gRPC
18207,Medium,13,Monthly,5,Medium,Low,Containerized App,Docker Container Deployment,REST API
3675,Low,2,Monthly,2,Low,Low,Monolithic,Single Server Deployment,REST API
1139,Low,4,Monthly,3,Low,Low,Monolithic,Single Server Deployment,REST API
34259,High,17,Weekly,11,Medium,High,Microservices,Microservices with Docker,REST API + gRPC
6751,Low,9,Monthly,5,High,Medium,Containerized App,Docker Container Deployment,REST API
15173,Medium,6,Weekly,4,High,Low,Containerized App,Docker Container Deployment,REST API
808,Low,5,Monthly,3,Medium,Low,Monolithic,Single Server Deployment,REST API
36951,High,25,Weekly,15,High,Medium,Microservices,Microservices with Docker,REST API + gRPC
22094,High,22,Daily,13,High,Medium,Microservices,Microservices with Docker,REST API + gRPC
2759,Low,5,Monthly,1,Medium,Low,Monolithic,Single Server Deployment,REST API
1556,Low,4,Monthly,3,Low,Low,Monolithic,Single Server Deployment,REST API
8678,Low,12,Monthly,7,High,Medium,Containerized App,Docker Container Deployment,REST API
236,Low,2,Monthly,1,Medium,Low,Monolithic,Single Server Deployment,REST API
1716,Low,3,Monthly,3,Low,Low,Monolithic,Single Server Deployment,REST API
15872,Medium,10,Monthly,8,High,Medium,Containerized App,Docker Container Deployment,REST API
48948,High,26,Daily,14,Medium,Medium,Microservices,Microservices with Docker,REST API + gRPC
73151,High,29,Daily,18,High,High,Kubernetes Deployment,Kubernetes Orchestration Deployment,REST API + gRPC/Event-Driven
4144,Low,2,Monthly,2,Medium,Low,Monolithic,Single Server Deployment,REST API
18943,Low,6,Monthly,4,High,Medium,Containerized App,Docker Container Deployment,REST API
7318,Low,14,Weekly,4,High,Medium,Containerized App,Docker Container Deployment,REST API
40292,Medium,30,Weekly,13,Medium,Medium,Microservices,Microservices with Docker,REST API + gRPC
1981,Low,3,Monthly,2,Medium,Low,Monolithic,Single Server Deployment,REST API
141955,High,23,Daily,24,High,High,Kubernetes Deployment,Kubernetes Orchestration Deployment,REST API + gRPC/Event-Driven
45068,Medium,24,Daily,14,High,Medium,Microservices,Microservices with Docker,REST API + gRPC
29420,Medium,25,Weekly,15,Medium,High,Microservices,Microservices with Docker,REST API + gRPC
96305,High,32,Daily,18,High,High,Kubernetes Deployment,Kubernetes Orchestration Deployment,REST API + gRPC/Event-Driven
24658,High,30,Weekly,14,High,High,Microservices,Microservices with Docker,REST API + gRPC
33876,Medium,24,Daily,11,High,Medium,Microservices,Microservices with Docker,REST API + gRPC
4238,Low,3,Monthly,2,Medium,Low,Monolithic,Single Server Deployment,REST API
20275,High,23,Weekly,13,High,High,Microservices,Microservices with Docker,REST API + gRPC
37079,Medium,25,Daily,12,Medium,High,Microservices,Microservices with Docker,REST API + gRPC
1734,Low,2,Monthly,2,Medium,Low,Monolithic,Single Server Deployment,REST API
80722,High,43,Daily,19,High,High,Kubernetes Deployment,Kubernetes Orchestration Deployment,REST API + gRPC/Event-Driven
8086,Medium,7,Weekly,7,High,Medium,Containerized App,Docker Container Deployment,REST API
48028,High,25,Daily,14,Medium,Medium,Microservices,Microservices with Docker,REST API + gRPC
133754,High,37,Daily,13,High,High,Kubernetes Deployment,Kubernetes Orchestration Deployment,REST API + gRPC/Event-Driven
5396,Medium,12,Weekly,7,High,Medium,Containerized App,Docker Container Deployment,REST API
108081,High,41,Daily,19,High,High,Kubernetes Deployment,Kubernetes Orchestration Deployment,REST API + gRPC/Event-Driven
48630,Medium,19,Daily,15,High,High,Microservices,Microservices with Docker,REST API + gRPC
3027,Low,3,Monthly,1,Medium,Low,Monolithic,Single Server Deployment,REST API
51708,High,30,Daily,25,High,High,Kubernetes Deployment,Kubernetes Orchestration Deployment,REST API + gRPC/Event-Driven
46829,High,27,Weekly,14,High,Medium,Microservices,Microservices with Docker,REST API + gRPC
9494,Low,10,Weekly,6,Medium,Low,Containerized App,Docker Container Deployment,REST API
1928,Low,3,Monthly,2,Medium,Low,Monolithic,Single Server Deployment,REST API
2178,Low,4,Monthly,3,Medium,Low,Monolithic,Single Server Deployment,REST API
31718,Medium,17,Daily,14,High,High,Microservices,Microservices with Docker,REST API + gRPC
17861,Medium,12,Monthly,8,High,Medium,Containerized App,Docker Container Deployment,REST API
87905,High,44,Daily,11,High,High,Kubernetes Deployment,Kubernetes Orchestration Deployment,REST API + gRPC/Event-Driven
4549,Low,5,Monthly,1,Low,Low,Monolithic,Single Server Deployment,REST API
40973,Medium,24,Daily,10,Medium,High,Microservices,Microservices with Docker,REST API + gRPC
96631,High,35,Daily,23,High,High,Kubernetes Deployment,Kubernetes Orchestration Deployment,REST API + gRPC/Event-Driven
36150,Medium,17,Daily,9,Medium,Medium,Microservices,Microservices with Docker,REST API + gRPC
127567,High,39,Daily,16,High,High,Kubernetes Deployment,Kubernetes Orchestration Deployment,REST API + gRPC/Event-Driven
39456,Medium,21,Daily,15,Medium,Medium,Microservices,Microservices with Docker,REST API + gRPC
160252,High,49,Daily,17,High,High,Kubernetes Deployment,Kubernetes Orchestration Deployment,REST API + gRPC/Event-Driven
1173,Low,5,Monthly,1,Low,Low,Monolithic,Single Server Deployment,REST API
13760,Medium,8,Monthly,8,Medium,Medium,Containerized App,Docker Container Deployment,REST API
20137,Medium,18,Weekly,9,Medium,Medium,Microservices,Microservices with Docker,REST API + gRPC
94038,High,29,Daily,16,High,High,Kubernetes Deployment,Kubernetes Orchestration Deployment,REST API + gRPC/Event-Driven
182122,High,34,Daily,17,High,High,Kubernetes Deployment,Kubernetes Orchestration Deployment,REST API + gRPC/Event-Driven
178501,High,46,Daily,12,High,High,Kubernetes Deployment,Kubernetes Orchestration Deployment,REST API + gRPC/Event-Driven
68612,High,25,Daily,12,High,High,Kubernetes Deployment,Kubernetes Orchestration Deployment,REST API + gRPC/Event-Driven
104702,High,32,Daily,14,High,High,Kubernetes Deployment,Kubernetes Orchestration Deployment,REST API + gRPC/Event-Driven
12084,Low,6,Monthly,4,Medium,Low,Containerized App,Docker Container Deployment,REST API
4730,Low,5,Monthly,2,Low,Low,Monolithic,Single Server Deployment,REST API
11674,Medium,9,Monthly,5,High,Medium,Containerized App,Docker Container Deployment,REST API
51281,High,38,Daily,20,High,High,Kubernetes Deployment,Kubernetes Orchestration Deployment,REST API + gRPC/Event-Driven
29479,High,27,Weekly,15,High,Medium,Microservices,Microservices with Docker,REST API + gRPC
9191,Medium,12,Monthly,6,High,Medium,Containerized App,Docker Container Deployment,REST API
28315,High,26,Daily,10,High,High,Microservices,Microservices with Docker,REST API + gRPC
13713,Low,14,Monthly,7,High,Low,Containerized App,Docker Container Deployment,REST API
14379,Medium,15,Weekly,5,Medium,Medium,Containerized App,Docker Container Deployment,REST API
27073,High,22,Daily,13,High,Medium,Microservices,Microservices with Docker,REST API + gRPC
38513,Medium,26,Daily,14,High,Medium,Microservices,Microservices with Docker,REST API + gRPC
11983,Low,12,Monthly,4,Medium,Medium,Containerized App,Docker Container Deployment,REST API
26598,High,28,Weekly,9,Medium,Medium,Microservices,Microservices with Docker,REST API + gRPC
48909,Medium,20,Weekly,12,High,High,Microservices,Microservices with Docker,REST API + gRPC
20961,Medium,30,Daily,9,High,Medium,Microservices,Microservices with Docker,REST API + gRPC
21905,Medium,18,Daily,12,Medium,High,Microservices,Microservices with Docker,REST API + gRPC
18373,Low,12,Weekly,6,Medium,Medium,Containerized App,Docker Container Deployment,REST API
2133,Low,4,Monthly,1,Medium,Low,Monolithic,Single Server Deployment,REST API
43611,High,27,Daily,12,High,Medium,Microservices,Microservices with Docker,REST API + gRPC
22511,High,30,Daily,15,High,High,Microservices,Microservices with Docker,REST API + gRPC
5425,Low,7,Weekly,3,Medium,Medium,Containerized App,Docker Container Deployment,REST API
2208,Low,3,Monthly,1,Medium,Low,Monolithic,Single Server Deployment,REST API
53749,High,34,Daily,13,High,High,Kubernetes Deployment,Kubernetes Orchestration Deployment,REST API + gRPC/Event-Driven
47100,High,16,Daily,10,Medium,High,Microservices,Microservices with Docker,REST API + gRPC
66254,High,36,Daily,14,High,High,Kubernetes Deployment,Kubernetes Orchestration Deployment,REST API + gRPC/Event-Driven
555,Low,5,Monthly,1,Medium,Low,Monolithic,Single Server Deployment,REST API
33683,High,17,Daily,15,High,Medium,Microservices,Microservices with Docker,REST API + gRPC
13014,Medium,13,Monthly,4,High,Medium,Containerized App,Docker Container Deployment,REST API
9329,Medium,11,Monthly,4,Medium,Low,Containerized App,Docker Container Deployment,REST API
4937,Low,2,Monthly,3,Low,Low,Monolithic,Single Server Deployment,REST API
4000,Low,5,Monthly,2,Low,Low,Monolithic,Single Server Deployment,REST API
15681,Medium,14,Monthly,8,Medium,Low,Containerized App,Docker Container Deployment,REST API
43381,High,16,Weekly,10,Medium,Medium,Microservices,Microservices with Docker,REST API + gRPC
3064,Low,3,Monthly,2,Low,Low,Monolithic,Single Server Deployment,REST API
28475,High,17,Weekly,9,Medium,High,Microservices,Microservices with Docker,REST API + gRPC
46115,Medium,25,Weekly,9,Medium,High,Microservices,Microservices with Docker,REST API + gRPC
19407,Low,14,Monthly,8,High,Low,Containerized App,Docker Container Deployment,REST API
15468,Medium,12,Weekly,8,High,Low,Containerized App,Docker Container Deployment,REST API
188901,High,35,Daily,13,High,High,Kubernetes Deployment,Kubernetes Orchestration Deployment,REST API + gRPC/Event-Driven
26816,Medium,28,Weekly,13,Medium,High,Microservices,Microservices with Docker,REST API + gRPC
177960,High,38,Daily,16,High,High,Kubernetes Deployment,Kubernetes Orchestration Deployment,REST API + gRPC/Event-Driven
41814,Medium,23,Weekly,12,High,Medium,Microservices,Microservices with Docker,REST API + gRPC
73012,High,41,Daily,23,High,High,Kubernetes Deployment,Kubernetes Orchestration Deployment,REST API + gRPC/Event-Driven
66158,High,36,Daily,20,High,High,Kubernetes Deployment,Kubernetes Orchestration Deployment,REST API + gRPC/Event-Driven
23387,High,25,Daily,13,High,Medium,Microservices,Microservices with Docker,REST API + gRPC
2509,Low,5,Monthly,1,Low,Low,Monolithic,Single Server Deployment,REST API
1586,Low,3,Monthly,3,Medium,Low,Monolithic,Single Server Deployment,REST API
21016,High,19,Daily,13,Medium,High,Microservices,Microservices with Docker,REST API + gRPC
158452,High,20,Daily,23,High,High,Kubernetes Deployment,Kubernetes Orchestration Deployment,REST API + gRPC/Event-Driven
7876,Low,10,Weekly,5,Medium,Medium,Containerized App,Docker Container Deployment,REST API
417,Low,5,Monthly,2,Low,Low,Monolithic,Single Server Deployment,REST API
1812,Low,2,Monthly,1,Low,Low,Monolithic,Single Server Deployment,REST API
24038,Medium,24,Daily,10,Medium,Medium,Microservices,Microservices with Docker,REST API + gRPC
670,Low,3,Monthly,3,Low,Low,Monolithic,Single Server Deployment,REST API
3339,Low,4,Monthly,2,Medium,Low,Monolithic,Single Server Deployment,REST API
1384,Low,4,Monthly,1,Medium,Low,Monolithic,Single Server Deployment,REST API
23127,High,24,Daily,15,High,Medium,Microservices,Microservices with Docker,REST API + gRPC
174844,High,35,Daily,21,High,High,Kubernetes Deployment,Kubernetes Orchestration Deployment,REST API + gRPC/Event-Driven
174740,High,49,Daily,24,High,High,Kubernetes Deployment,Kubernetes Orchestration Deployment,REST API + gRPC/Event-Driven
47731,High,25,Daily,9,Medium,Medium,Microservices,Microservices with Docker,REST API + gRPC
989,Low,2,Monthly,1,Medium,Low,Monolithic,Single Server Deployment,REST API
27711,High,29,Daily,15,Medium,High,Microservices,Microservices with Docker,REST API + gRPC
20143,Medium,20,Daily,13,Medium,High,Microservices,Microservices with Docker,REST API + gRPC
22877,High,30,Weekly,12,High,Medium,Microservices,Microservices with Docker,REST API + gRPC
1918,Low,3,Monthly,2,Medium,Low,Monolithic,Single Server Deployment,REST API
36920,Medium,17,Daily,10,Medium,High,Microservices,Microservices with Docker,REST API + gRPC
21491,High,16,Daily,10,Medium,Medium,Microservices,Microservices with Docker,REST API + gRPC
311,Low,2,Monthly,1,Low,Low,Monolithic,Single Server Deployment,REST API
94381,High,50,Daily,18,High,High,Kubernetes Deployment,Kubernetes Orchestration Deployment,REST API + gRPC/Event-Driven
2060,Low,5,Monthly,2,Low,Low,Monolithic,Single Server Deployment,REST API
82158,High,30,Daily,10,High,High,Kubernetes Deployment,Kubernetes Orchestration Deployment,REST API + gRPC/Event-Driven
1800,Low,5,Monthly,2,Medium,Low,Monolithic,Single Server Deployment,REST API
4694,Low,2,Monthly,1,Low,Low,Monolithic,Single Server Deployment,REST API
2914,Low,2,Monthly,2,Low,Low,Monolithic,Single Server Deployment,REST API
80651,High,35,Daily,24,High,High,Kubernetes Deployment,Kubernetes Orchestration Deployment,REST API + gRPC/Event-Driven
11598,Medium,9,Weekly,7,Medium,Low,Containerized App,Docker Container Deployment,REST API
82979,High,42,Daily,22,High,High,Kubernetes Deployment,Kubernetes Orchestration Deployment,REST API + gRPC/Event-Driven
4331,Low,2,Monthly,3,Medium,Low,Monolithic,Single Server Deployment,REST API
18226,Medium,10,Monthly,8,High,Low,Containerized App,Docker Container Deployment,REST API
123874,High,38,Daily,23,High,High,Kubernetes Deployment,Kubernetes Orchestration Deployment,REST API + gRPC/Event-Driven
1916,Low,4,Monthly,1,Low,Low,Monolithic,Single Server Deployment,REST API
1996,Low,4,Monthly,3,Medium,Low,Monolithic,Single Server Deployment,REST API
18147,Medium,7,Weekly,5,Medium,Low,Containerized App,Docker Container Deployment,REST API
58201,High,43,Daily,11,High,High,Kubernetes Deployment,Kubernetes Orchestration Deployment,REST API + gRPC/Event-Driven
4930,Low,4,Monthly,1,Medium,Low,Monolithic,Single Server Deployment,REST API
3842,Low,2,Monthly,3,Medium,Low,Monolithic,Single Server Deployment,REST API
8497,Low,7,Monthly,6,High,Medium,Containerized App,Docker Container Deployment,REST API
33156,High,19,Daily,10,High,High,Microservices,Microservices with Docker,REST API + gRPC
8890,Low,12,Weekly,4,Medium,Low,Containerized App,Docker Container Deployment,REST API
9486,Medium,7,Weekly,6,Medium,Medium,Containerized App,Docker Container Deployment,REST API
3750,Low,2,Monthly,1,Medium,Low,Monolithic,Single Server Deployment,REST API
80882,High,47,Daily,17,High,High,Kubernetes Deployment,Kubernetes Orchestration Deployment,REST API + gRPC/Event-Driven
971,Low,5,Monthly,3,Low,Low,Monolithic,Single Server Deployment,REST API
911,Low,2,Monthly,3,Low,Low,Monolithic,Single Server Deployment,REST API
38331,Medium,20,Daily,10,Medium,High,Microservices,Microservices with Docker,REST API + gRPC
6502,Low,14,Weekly,3,Medium,Medium,Containerized App,Docker Container Deployment,REST API
37884,High,18,Daily,13,Medium,Medium,Microservices,Microservices with Docker,REST API + gRPC
3515,Low,3,Monthly,1,Medium,Low,Monolithic,Single Server Deployment,REST API
47923,Medium,18,Daily,14,Medium,Medium,Microservices,Microservices with Docker,REST API + gRPC
62980,High,43,Daily,10,High,High,Kubernetes Deployment,Kubernetes Orchestration Deployment,REST API + gRPC/Event-Driven
53305,High,21,Daily,17,High,High,Kubernetes Deployment,Kubernetes Orchestration Deployment,REST API + gRPC/Event-Driven
99710,High,44,Daily,21,High,High,Kubernetes Deployment,Kubernetes Orchestration Deployment,REST API + gRPC/Event-Driven
7754,Medium,7,Weekly,8,Medium,Low,Containerized App,Docker Container Deployment,REST API
15516,Medium,8,Monthly,4,High,Low,Containerized App,Docker Container Deployment,REST API
3226,Low,4,Monthly,2,Low,Low,Monolithic,Single Server Deployment,REST API
23521,Medium,21,Weekly,9,High,Medium,Microservices,Microservices with Docker,REST API + gRPC
8014,Medium,7,Weekly,3,Medium,Medium,Containerized App,Docker Container Deployment,REST API
15781,Medium,10,Monthly,4,High,Low,Containerized App,Docker Container Deployment,REST API
86616,High,38,Daily,23,High,High,Kubernetes Deployment,Kubernetes Orchestration Deployment,REST API + gRPC/Event-Driven
6288,Low,6,Weekly,3,Medium,Medium,Containerized App,Docker Container Deployment,REST API
42418,High,26,Weekly,11,High,Medium,Microservices,Microservices with Docker,REST API + gRPC
30907,Medium,21,Weekly,11,High,Medium,Microservices,Microservices with Docker,REST API + gRPC
169648,High,43,Daily,13,High,High,Kubernetes Deployment,Kubernetes Orchestration Deployment,REST API + gRPC/Event-Driven
10484,Medium,7,Monthly,5,High,Low,Containerized App,Docker Container Deployment,REST API
6093,Low,14,Monthly,5,High,Medium,Containerized App,Docker Container Deployment,REST API
158073,High,43,Daily,20,High,High,Kubernetes Deployment,Kubernetes Orchestration Deployment,REST API + gRPC/Event-Driven
48409,Medium,27,Weekly,11,High,Medium,Microservices,Microservices with Docker,REST API + gRPC
97894,High,34,Daily,12,High,High,Kubernetes Deployment,Kubernetes Orchestration Deployment,REST API + gRPC/Event-Driven
4528,Low,4,Monthly,2,Low,Low,Monolithic,Single Server Deployment,REST API
199598,High,46,Daily,23,High,High,Kubernetes Deployment,Kubernetes Orchestration Deployment,REST API + gRPC/Event-Driven
80590,High,28,Daily,14,High,High,Kubernetes Deployment,Kubernetes Orchestration Deployment,REST API + gRPC/Event-Driven
44857,High,22,Weekly,15,High,High,Microservices,Microservices with Docker,REST API + gRPC
43938,High,25,Weekly,12,Medium,High,Microservices,Microservices with Docker,REST API + gRPC
2404,Low,5,Monthly,3,Medium,Low,Monolithic,Single Server Deployment,REST API
2982,Low,4,Monthly,3,Medium,Low,Monolithic,Single Server Deployment,REST API
196580,High,43,Daily,18,High,High,Kubernetes Deployment,Kubernetes Orchestration Deployment,REST API + gRPC/Event-Driven
198837,High,32,Daily,14,High,High,Kubernetes Deployment,Kubernetes Orchestration Deployment,REST API + gRPC/Event-Driven
27150,High,16,Weekly,12,Medium,High,Microservices,Microservices with Docker,REST API + gRPC
9074,Low,15,Weekly,5,Medium,Medium,Containerized App,Docker Container Deployment,REST API
139495,High,20,Daily,21,High,High,Kubernetes Deployment,Kubernetes Orchestration Deployment,REST API + gRPC/Event-Driven
112307,High,37,Daily,10,High,High,Kubernetes Deployment,Kubernetes Orchestration Deployment,REST API + gRPC/Event-Driven
2046,Low,4,Monthly,3,Low,Low,Monolithic,Single Server Deployment,REST API
39554,High,26,Weekly,10,High,Medium,Microservices,Microservices with Docker,REST API + gRPC
2034,Low,4,Monthly,1,Medium,Low,Monolithic,Single Server Deployment,REST API
124,Low,3,Monthly,3,Low,Low,Monolithic,Single Server Deployment,REST API
164351,High,21,Daily,25,High,High,Kubernetes Deployment,Kubernetes Orchestration Deployment,REST API + gRPC/Event-Driven
92699,High,48,Daily,21,High,High,Kubernetes Deployment,Kubernetes Orchestration Deployment,REST API + gRPC/Event-Driven
14450,Low,7,Weekly,8,High,Medium,Containerized App,Docker Container Deployment,REST API
43819,High,16,Weekly,10,Medium,High,Microservices,Microservices with Docker,REST API + gRPC
35755,High,16,Weekly,11,High,High,Microservices,Microservices with Docker,REST API + gRPC
40381,Medium,19,Daily,14,Medium,Medium,Microservices,Microservices with Docker,REST API + gRPC
2830,Low,4,Monthly,2,Low,Low,Monolithic,Single Server Deployment,REST API
17675,Low,14,Weekly,8,Medium,Medium,Containerized App,Docker Container Deployment,REST API
14876,Low,13,Monthly,3,High,Low,Containerized App,Docker Container Deployment,REST API
18633,Low,6,Monthly,4,Medium,Medium,Containerized App,Docker Container Deployment,REST API
30784,Medium,24,Daily,14,Medium,High,Microservices,Microservices with Docker,REST API + gRPC
8076,Low,6,Monthly,5,Medium,Low,Containerized App,Docker Container Deployment,REST API
150891,High,32,Daily,18,High,High,Kubernetes Deployment,Kubernetes Orchestration Deployment,REST API + gRPC/Event-Driven
5020,Low,6,Monthly,6,High,Low,Containerized App,Docker Container Deployment,REST API
71201,High,40,Daily,16,High,High,Kubernetes Deployment,Kubernetes Orchestration Deployment,REST API + gRPC/Event-Driven
93841,High,24,Daily,11,High,High,Kubernetes Deployment,Kubernetes Orchestration Deployment,REST API + gRPC/Event-Driven
5687,Low,10,Monthly,4,Medium,Medium,Containerized App,Docker Container Deployment,REST API
9275,Low,11,Monthly,4,Medium,Medium,Containerized App,Docker Container Deployment,REST API
125618,High,43,Daily,17,High,High,Kubernetes Deployment,Kubernetes Orchestration Deployment,REST API + gRPC/Event-Driven
9600,Medium,15,Monthly,3,Medium,Medium,Containerized App,Docker Container Deployment,REST API
42995,Medium,22,Weekly,9,High,High,Microservices,Microservices with Docker,REST API + gRPC
28952,High,25,Daily,11,High,High,Microservices,Microservices with Docker,REST API + gRPC
11021,Medium,14,Monthly,3,Medium,Low,Containerized App,Docker Container Deployment,REST API
137761,High,36,Daily,24,High,High,Kubernetes Deployment,Kubernetes Orchestration Deployment,REST API + gRPC/Event-Driven
4791,Low,2,Monthly,2,Medium,Low,Monolithic,Single Server Deployment,REST API
28176,Medium,17,Daily,11,Medium,Medium,Microservices,Microservices with Docker,REST API + gRPC
62916,High,35,Daily,18,High,High,Kubernetes Deployment,Kubernetes Orchestration Deployment,REST API + gRPC/Event-Driven
126377,High,49,Daily,22,High,High,Kubernetes Deployment,Kubernetes Orchestration Deployment,REST API + gRPC/Event-Driven
45321,High,27,Weekly,12,Medium,High,Microservices,Microservices with Docker,REST API + gRPC
21289,High,26,Weekly,9,Medium,High,Microservices,Microservices with Docker,REST API + gRPC
57214,High,37,Daily,25,High,High,Kubernetes Deployment,Kubernetes Orchestration Deployment,REST API + gRPC/Event-Driven
1950,Low,2,Monthly,3,Low,Low,Monolithic,Single Server Deployment,REST API
17123,Medium,8,Monthly,8,High,Low,Containerized App,Docker Container Deployment,REST API
77430,High,26,Daily,13,High,High,Kubernetes Deployment,Kubernetes Orchestration Deployment,REST API + gRPC/Event-Driven
1892,Low,2,Monthly,3,Medium,Low,Monolithic,Single Server Deployment,REST API
60937,High,28,Daily,25,High,High,Kubernetes Deployment,Kubernetes Orchestration Deployment,REST API + gRPC/Event-Driven
33317,High,16,Weekly,9,Medium,High,Microservices,Microservices with Docker,REST API + gRPC
2624,Low,2,Monthly,2,Medium,Low,Monolithic,Single Server Deployment,REST API
3809,Low,3,Monthly,1,Medium,Low,Monolithic,Single Server Deployment,REST API
2503,Low,4,Monthly,2,Medium,Low,Monolithic,Single Server Deployment,REST API
40175,High,21,Weekly,15,High,High,Microservices,Microservices with Docker,REST API + gRPC
7861,Low,7,Monthly,8,Medium,Medium,Containerized App,Docker Container Deployment,REST API
2049,Low,4,Monthly,1,Low,Low,Monolithic,Single Server Deployment,REST API
19262,Low,12,Weekly,7,High,Medium,Containerized App,Docker Container Deployment,REST API
218,Low,5,Monthly,3,Low,Low,Monolithic,Single Server Deployment,REST API
70958,High,28,Daily,19,High,High,Kubernetes Deployment,Kubernetes Orchestration Deployment,REST API + gRPC/Event-Driven
85745,High,26,Daily,17,High,High,Kubernetes Deployment,Kubernetes Orchestration Deployment,REST API + gRPC/Event-Driven
14786,Low,15,Weekly,5,Medium,Low,Containerized App,Docker Container Deployment,REST API
668,Low,4,Monthly,2,Medium,Low,Monolithic,Single Server Deployment,REST API
29944,High,26,Weekly,10,Medium,High,Microservices,Microservices with Docker,REST API + gRPC
3877,Low,3,Monthly,3,Low,Low,Monolithic,Single Server Deployment,REST API
17550,Medium,7,Weekly,4,High,Medium,Containerized App,Docker Container Deployment,REST API
9775,Low,11,Monthly,7,Medium,Low,Containerized App,Docker Container Deployment,REST API
1351,Low,4,Monthly,3,Low,Low,Monolithic,Single Server Deployment,REST API
2750,Low,3,Monthly,1,Medium,Low,Monolithic,Single Server Deployment,REST API
152796,High,32,Daily,19,High,High,Kubernetes Deployment,Kubernetes Orchestration Deployment,REST API + gRPC/Event-Driven
14326,Medium,8,Monthly,6,Medium,Medium,Containerized App,Docker Container Deployment,REST API
14326,Low,6,Monthly,4,High,Low,Containerized App,Docker Container Deployment,REST API
4004,Low,3,Monthly,3,Medium,Low,Monolithic,Single Server Deployment,REST API
9274,Low,7,Monthly,7,High,Medium,Containerized App,Docker Container Deployment,REST API
4392,Low,2,Monthly,2,Medium,Low,Monolithic,Single Server Deployment,REST API
48639,Medium,23,Weekly,14,Medium,Medium,Microservices,Microservices with Docker,REST API + gRPC
138174,High,41,Daily,21,High,High,Kubernetes Deployment,Kubernetes Orchestration Deployment,REST API + gRPC/Event-Driven
15347,Medium,14,Monthly,8,High,Low,Containerized App,Docker Container Deployment,REST API
448,Low,3,Monthly,1,Low,Low,Monolithic,Single Server Deployment,REST API
3096,Low,4,Monthly,1,Medium,Low,Monolithic,Single Server Deployment,REST API
1380,Low,5,Monthly,1,Medium,Low,Monolithic,Single Server Deployment,REST API
76410,High,22,Daily,20,High,High,Kubernetes Deployment,Kubernetes Orchestration Deployment,REST API + gRPC/Event-Driven
15774,Low,7,Monthly,5,Medium,Medium,Containerized App,Docker Container Deployment,REST API
8926,Medium,15,Monthly,5,Medium,Medium,Containerized App,Docker Container Deployment,REST API
2706,Low,5,Monthly,2,Medium,Low,Monolithic,Single Server Deployment,REST API
14311,Medium,13,Monthly,8,Medium,Low,Containerized App,Docker Container Deployment,REST API
35699,High,17,Weekly,9,Medium,High,Microservices,Microservices with Docker,REST API + gRPC
2190,Low,3,Monthly,1,Medium,Low,Monolithic,Single Server Deployment,REST API
171825,High,34,Daily,23,High,High,Kubernetes Deployment,Kubernetes Orchestration Deployment,REST API + gRPC/Event-Driven
35616,Medium,21,Daily,15,High,Medium,Microservices,Microservices with Docker,REST API + gRPC
125849,High,48,Daily,12,High,High,Kubernetes Deployment,Kubernetes Orchestration Deployment,REST API + gRPC/Event-Driven
150764,High,25,Daily,21,High,High,Kubernetes Deployment,Kubernetes Orchestration Deployment,REST API + gRPC/Event-Driven
19747,Low,11,Weekly,3,Medium,Medium,Containerized App,Docker Container Deployment,REST API
2145,Low,4,Monthly,1,Low,Low,Monolithic,Single Server Deployment,REST API
1775,Low,2,Monthly,1,Medium,Low,Monolithic,Single Server Deployment,REST API
49638,High,20,Daily,14,High,Medium,Microservices,Microservices with Docker,REST API + gRPC
21472,Medium,22,Daily,12,Medium,High,Microservices,Microservices with Docker,REST API + gRPC
3814,Low,4,Monthly,2,Medium,Low,Monolithic,Single Server Deployment,REST API
5281,Medium,11,Weekly,8,Medium,Medium,Containerized App,Docker Container Deployment,REST API
34412,High,19,Daily,12,Medium,Medium,Microservices,Microservices with Docker,REST API + gRPC
8872,Low,12,Weekly,5,Medium,Low,Containerized App,Docker Container Deployment,REST API
9546,Medium,13,Weekly,8,Medium,Low,Containerized App,Docker Container Deployment,REST API
4244,Low,5,Monthly,3,Low,Low,Monolithic,Single Server Deployment,REST API
147835,High,43,Daily,25,High,High,Kubernetes Deployment,Kubernetes Orchestration Deployment,REST API + gRPC/Event-Driven
4240,Low,5,Monthly,2,Low,Low,Monolithic,Single Server Deployment,REST API
37293,High,18,Daily,10,High,High,Microservices,Microservices with Docker,REST API + gRPC
3092,Low,4,Monthly,1,Medium,Low,Monolithic,Single Server Deployment,REST API
145181,High,48,Daily,12,High,High,Kubernetes Deployment,Kubernetes Orchestration Deployment,REST API + gRPC/Event-Driven
35922,Medium,24,Daily,9,Medium,High,Microservices,Microservices with Docker,REST API + gRPC
7728,Medium,7,Weekly,3,High,Low,Containerized App,Docker Container Deployment,REST API
155348,High,41,Daily,19,High,High,Kubernetes Deployment,Kubernetes Orchestration Deployment,REST API + gRPC/Event-Driven
2338,Low,2,Monthly,2,Medium,Low,Monolithic,Single Server Deployment,REST API
71614,High,41,Daily,22,High,High,Kubernetes Deployment,Kubernetes Orchestration Deployment,REST API + gRPC/Event-Driven
12228,Medium,14,Monthly,4,High,Low,Containerized App,Docker Container Deployment,REST API
36513,High,23,Daily,15,High,Medium,Microservices,Microservices with Docker,REST API + gRPC
7874,Medium,12,Monthly,8,Medium,Medium,Containerized App,Docker Container Deployment,REST API
40225,Medium,22,Daily,11,Medium,High,Microservices,Microservices with Docker,REST API + gRPC
138223,High,48,Daily,20,High,High,Kubernetes Deployment,Kubernetes Orchestration Deployment,REST API + gRPC/Event-Driven
1308,Low,2,Monthly,2,Low,Low,Monolithic,Single Server Deployment,REST API
43784,Medium,24,Weekly,14,Medium,Medium,Microservices,Microservices with Docker,REST API + gRPC
44651,Medium,26,Weekly,12,Medium,High,Microservices,Microservices with Docker,REST API + gRPC
41777,Medium,19,Weekly,12,High,High,Microservices,Microservices with Docker,REST API + gRPC
50852,High,49,Daily,15,High,High,Kubernetes Deployment,Kubernetes Orchestration Deployment,REST API + gRPC/Event-Driven
41576,High,25,Weekly,14,Medium,Medium,Microservices,Microservices with Docker,REST API + gRPC
103317,High,28,Daily,19,High,High,Kubernetes Deployment,Kubernetes Orchestration Deployment,REST API + gRPC/Event-Driven
6617,Medium,8,Monthly,8,High,Low,Containerized App,Docker Container Deployment,REST API
921,Low,3,Monthly,3,Medium,Low,Monolithic,Single Server Deployment,REST API
7254,Medium,13,Weekly,4,Medium,Medium,Containerized App,Docker Container Deployment,REST API
18789,Low,8,Weekly,6,High,Low,Containerized App,Docker Container Deployment,REST API
178857,High,49,Daily,24,High,High,Kubernetes Deployment,Kubernetes Orchestration Deployment,REST API + gRPC/Event-Driven
78384,High,42,Daily,17,High,High,Kubernetes Deployment,Kubernetes Orchestration Deployment,REST API + gRPC/Event-Driven
130808,High,41,Daily,13,High,High,Kubernetes Deployment,Kubernetes Orchestration Deployment,REST API + gRPC/Event-Driven
14352,Medium,8,Monthly,8,High,Medium,Containerized App,Docker Container Deployment,REST API
101445,High,28,Daily,20,High,High,Kubernetes Deployment,Kubernetes Orchestration Deployment,REST API + gRPC/Event-Driven
44050,High,17,Weekly,9,High,Medium,Microservices,Microservices with Docker,REST API + gRPC
27572,High,26,Weekly,9,High,High,Microservices,Microservices with Docker,REST API + gRPC
87189,High,42,Daily,19,High,High,Kubernetes Deployment,Kubernetes Orchestration Deployment,REST API + gRPC/Event-Driven
49114,High,21,Weekly,10,High,High,Microservices,Microservices with Docker,REST API + gRPC
5139,Medium,10,Weekly,7,Medium,Medium,Containerized App,Docker Container Deployment,REST API
17011,Medium,8,Monthly,5,Medium,Low,Containerized App,Docker Container Deployment,REST API
184294,High,26,Daily,10,High,High,Kubernetes Deployment,Kubernetes Orchestration Deployment,REST API + gRPC/Event-Driven
34374,Medium,21,Daily,12,High,Medium,Microservices,Microservices with Docker,REST API + gRPC
114410,High,43,Daily,12,High,High,Kubernetes Deployment,Kubernetes Orchestration Deployment,REST API + gRPC/Event-Driven
53234,High,24,Daily,20,High,High,Kubernetes Deployment,Kubernetes Orchestration Deployment,REST API + gRPC/Event-Driven
100447,High,44,Daily,17,High,High,Kubernetes Deployment,Kubernetes Orchestration Deployment,REST API + gRPC/Event-Driven
190375,High,23,Daily,20,High,High,Kubernetes Deployment,Kubernetes Orchestration Deployment,REST API + gRPC/Event-Driven
3568,Low,4,Monthly,1,Medium,Low,Monolithic,Single Server Deployment,REST API
12422,Low,15,Weekly,6,High,Medium,Containerized App,Docker Container Deployment,REST API
20512,High,18,Daily,13,High,High,Microservices,Microservices with Docker,REST API + gRPC
183163,High,30,Daily,23,High,High,Kubernetes Deployment,Kubernetes Orchestration Deployment,REST API + gRPC/Event-Driven
88468,High,41,Daily,14,High,High,Kubernetes Deployment,Kubernetes Orchestration Deployment,REST API + gRPC/Event-Driven
115133,High,35,Daily,23,High,High,Kubernetes Deployment,Kubernetes Orchestration Deployment,REST API + gRPC/Event-Driven
186230,High,20,Daily,16,High,High,Kubernetes Deployment,Kubernetes Orchestration Deployment,REST API + gRPC/Event-Driven
8322,Medium,6,Weekly,4,Medium,Medium,Containerized App,Docker Container Deployment,REST API
14240,Medium,11,Monthly,8,Medium,Medium,Containerized App,Docker Container Deployment,REST API
159408,High,49,Daily,21,High,High,Kubernetes Deployment,Kubernetes Orchestration Deployment,REST API + gRPC/Event-Driven
21475,Medium,27,Daily,15,Medium,Medium,Microservices,Microservices with Docker,REST API + gRPC
8512,Medium,6,Weekly,7,Medium,Low,Containerized App,Docker Container Deployment,REST API
48971,Medium,28,Daily,14,Medium,High,Microservices,Microservices with Docker,REST API + gRPC
18738,Low,15,Monthly,4,High,Low,Containerized App,Docker Container Deployment,REST API
63153,High,46,Daily,17,High,High,Kubernetes Deployment,Kubernetes Orchestration Deployment,REST API + gRPC/Event-Driven
459,Low,3,Monthly,2,Low,Low,Monolithic,Single Server Deployment,REST API
4801,Low,5,Monthly,3,Medium,Low,Monolithic,Single Server Deployment,REST API
20081,High,19,Weekly,12,Medium,Medium,Microservices,Microservices with Docker,REST API + gRPC
60365,High,42,Daily,16,High,High,Kubernetes Deployment,Kubernetes Orchestration Deployment,REST API + gRPC/Event-Driven
10220,Low,6,Monthly,8,High,Medium,Containerized App,Docker Container Deployment,REST API
55544,High,25,Daily,25,High,High,Kubernetes Deployment,Kubernetes Orchestration Deployment,REST API + gRPC/Event-Driven
18871,Low,7,Weekly,3,Medium,Medium,Containerized App,Docker Container Deployment,REST API
140074,High,22,Daily,18,High,High,Kubernetes Deployment,Kubernetes Orchestration Deployment,REST API + gRPC/Event-Driven
34371,High,25,Weekly,14,Medium,Medium,Microservices,Microservices with Docker,REST API + gRPC
4305,Low,4,Monthly,2,Low,Low,Monolithic,Single Server Deployment,REST API
27908,High,17,Daily,10,Medium,Medium,Microservices,Microservices with Docker,REST API + gRPC
36916,Medium,20,Daily,13,Medium,Medium,Microservices,Microservices with Docker,REST API + gRPC
11048,Medium,11,Monthly,7,High,Low,Containerized App,Docker Container Deployment,REST API
194822,High,34,Daily,10,High,High,Kubernetes Deployment,Kubernetes Orchestration Deployment,REST API + gRPC/Event-Driven
63692,High,33,Daily,22,High,High,Kubernetes Deployment,Kubernetes Orchestration Deployment,REST API + gRPC/Event-Driven
40830,High,19,Weekly,9,Medium,High,Microservices,Microservices with Docker,REST API + gRPC
2854,Low,4,Monthly,3,Medium,Low,Monolithic,Single Server Deployment,REST API
2631,Low,4,Monthly,2,Low,Low,Monolithic,Single Server Deployment,REST API
10455,Low,8,Monthly,8,Medium,Medium,Containerized App,Docker Container Deployment,REST API
18905,Low,11,Monthly,3,Medium,Low,Containerized App,Docker Container Deployment,REST API
58529,High,38,Daily,17,High,High,Kubernetes Deployment,Kubernetes Orchestration Deployment,REST API + gRPC/Event-Driven
13695,Medium,13,Weekly,4,High,Low,Containerized App,Docker Container Deployment,REST API
31227,Medium,23,Weekly,9,High,Medium,Microservices,Microservices with Docker,REST API + gRPC
27508,Medium,22,Daily,9,High,High,Microservices,Microservices with Docker,REST API + gRPC
7560,Medium,11,Monthly,7,Medium,Low,Containerized App,Docker Container Deployment,REST API
38740,High,23,Weekly,15,High,Medium,Microservices,Microservices with Docker,REST API + gRPC
121,Low,4,Monthly,3,Medium,Low,Monolithic,Single Server Deployment,REST API
41724,High,20,Daily,12,High,High,Microservices,Microservices with Docker,REST API + gRPC
9037,Medium,6,Weekly,3,Medium,Medium,Containerized App,Docker Container Deployment,REST API
37232,High,16,Daily,14,High,Medium,Microservices,Microservices with Docker,REST API + gRPC
4596,Low,5,Monthly,3,Low,Low,Monolithic,Single Server Deployment,REST API
116011,High,22,Daily,25,High,High,Kubernetes Deployment,Kubernetes Orchestration Deployment,REST API + gRPC/Event-Driven
3067,Low,2,Monthly,3,Low,Low,Monolithic,Single Server Deployment,REST API
96528,High,35,Daily,21,High,High,Kubernetes Deployment,Kubernetes Orchestration Deployment,REST API + gRPC/Event-Driven
190258,High,36,Daily,22,High,High,Kubernetes Deployment,Kubernetes Orchestration Deployment,REST API + gRPC/Event-Driven
2979,Low,5,Monthly,2,Low,Low,Monolithic,Single Server Deployment,REST API
10984,Medium,9,Weekly,7,Medium,Medium,Containerized App,Docker Container Deployment,REST API
12257,Low,15,Monthly,3,High,Low,Containerized App,Docker Container Deployment,REST API
4172,Low,3,Monthly,1,Low,Low,Monolithic,Single Server Deployment,REST API
136074,High,47,Daily,19,High,High,Kubernetes Deployment,Kubernetes Orchestration Deployment,REST API + gRPC/Event-Driven
28062,Medium,23,Daily,12,Medium,High,Microservices,Microservices with Docker,REST API + gRPC
4636,Low,5,Monthly,2,Low,Low,Monolithic,Single Server Deployment,REST API
35223,Medium,30,Weekly,15,Medium,High,Microservices,Microservices with Docker,REST API + gRPC
2333,Low,3,Monthly,1,Medium,Low,Monolithic,Single Server Deployment,REST API
10784,Low,9,Monthly,3,High,Low,Containerized App,Docker Container Deployment,REST API
30688,High,27,Daily,14,Medium,High,Microservices,Microservices with Docker,REST API + gRPC
27817,High,30,Daily,14,High,Medium,Microservices,Microservices with Docker,REST API + gRPC
35425,Medium,25,Daily,10,High,Medium,Microservices,Microservices with Docker,REST API + gRPC
5812,Medium,15,Weekly,8,Medium,Low,Containerized App,Docker Container Deployment,REST API
156342,High,30,Daily,16,High,High,Kubernetes Deployment,Kubernetes Orchestration Deployment,REST API + gRPC/Event-Driven
45012,Medium,21,Daily,11,High,High,Microservices,Microservices with Docker,REST API + gRPC
9287,Medium,12,Weekly,6,High,Medium,Containerized App,Docker Container Deployment,REST API
355,Low,3,Monthly,2,Medium,Low,Monolithic,Single Server Deployment,REST API
28558,High,20,Daily,15,Medium,Medium,Microservices,Microservices with Docker,REST API + gRPC
18429,Medium,6,Weekly,6,Medium,Medium,Containerized App,Docker Container Deployment,REST API
6634,Low,7,Monthly,3,Medium,Medium,Containerized App,Docker Container Deployment,REST API
33720,High,30,Weekly,15,Medium,High,Microservices,Microservices with Docker,REST API + gRPC
23943,High,18,Weekly,14,High,High,Microservices,Microservices with Docker,REST API + gRPC
15552,Medium,9,Monthly,6,Medium,Low,Containerized App,Docker Container Deployment,REST API
2490,Low,2,Monthly,2,Medium,Low,Monolithic,Single Server Deployment,REST API
2630,Low,5,Monthly,1,Medium,Low,Monolithic,Single Server Deployment,REST API
1012,Low,2,Monthly,3,Medium,Low,Monolithic,Single Server Deployment,REST API
1037,Low,2,Monthly,3,Low,Low,Monolithic,Single Server Deployment,REST API
5958,Low,13,Monthly,4,High,Medium,Containerized App,Docker Container Deployment,REST API
21543,High,25,Weekly,10,High,Medium,Microservices,Microservices with Docker,REST API + gRPC
11591,Low,11,Monthly,6,High,Medium,Containerized App,Docker Container Deployment,REST API
195156,High,48,Daily,24,High,High,Kubernetes Deployment,Kubernetes Orchestration Deployment,REST API + gRPC/Event-Driven
694,Low,4,Monthly,3,Medium,Low,Monolithic,Single Server Deployment,REST API
475,Low,3,Monthly,2,Low,Low,Monolithic,Single Server Deployment,REST API
24096,Medium,26,Weekly,9,Medium,High,Microservices,Microservices with Docker,REST API + gRPC
7918,Medium,14,Weekly,7,Medium,Medium,Containerized App,Docker Container Deployment,REST API
136753,High,48,Daily,21,High,High,Kubernetes Deployment,Kubernetes Orchestration Deployment,REST API + gRPC/Event-Driven
461,Low,3,Monthly,2,Medium,Low,Monolithic,Single Server Deployment,REST API
1863,Low,4,Monthly,1,Low,Low,Monolithic,Single Server Deployment,REST API
17240,Low,15,Weekly,5,Medium,Medium,Containerized App,Docker Container Deployment,REST API
44767,Medium,27,Daily,14,Medium,High,Microservices,Microservices with Docker,REST API + gRPC
21952,High,28,Weekly,10,Medium,High,Microservices,Microservices with Docker,REST API + gRPC
1631,Low,3,Monthly,3,Low,Low,Monolithic,Single Server Deployment,REST API
7762,Low,15,Monthly,3,High,Medium,Containerized App,Docker Container Deployment,REST API
74296,High,41,Daily,11,High,High,Kubernetes Deployment,Kubernetes Orchestration Deployment,REST API + gRPC/Event-Driven
8720,Low,15,Weekly,6,Medium,Medium,Containerized App,Docker Container Deployment,REST API
14818,Low,6,Weekly,4,High,Medium,Containerized App,Docker Container Deployment,REST API
10885,Low,7,Monthly,5,Medium,Low,Containerized App,Docker Container Deployment,REST API
690,Low,5,Monthly,3,Low,Low,Monolithic,Single Server Deployment,REST API
3830,Low,5,Monthly,3,Low,Low,Monolithic,Single Server Deployment,REST API
14422,Low,8,Weekly,5,High,Low,Containerized App,Docker Container Deployment,REST API
17506,Medium,7,Weekly,6,Medium,Low,Containerized App,Docker Container Deployment,REST API
2602,Low,5,Monthly,3,Low,Low,Monolithic,Single Server Deployment,REST API
39404,Medium,19,Weekly,12,High,High,Microservices,Microservices with Docker,REST API + gRPC
3981,Low,3,Monthly,1,Low,Low,Monolithic,Single Server Deployment,REST API
77857,High,30,Daily,19,High,High,Kubernetes Deployment,Kubernetes Orchestration Deployment,REST API + gRPC/Event-Driven
1087,Low,3,Monthly,3,Low,Low,Monolithic,Single Server Deployment,REST API
3680,Low,3,Monthly,1,Medium,Low,Monolithic,Single Server Deployment,REST API
1068,Low,2,Monthly,2,Low,Low,Monolithic,Single Server Deployment,REST API
34624,Medium,19,Weekly,13,Medium,Medium,Microservices,Microservices with Docker,REST API + gRPC
178220,High,35,Daily,11,High,High,Kubernetes Deployment,Kubernetes Orchestration Deployment,REST API + gRPC/Event-Driven
22898,High,23,Weekly,12,Medium,Medium,Microservices,Microservices with Docker,REST API + gRPC
3515,Low,3,Monthly,1,Low,Low,Monolithic,Single Server Deployment,REST API
46087,Medium,18,Weekly,15,Medium,Medium,Microservices,Microservices with Docker,REST API + gRPC
80181,High,48,Daily,20,High,High,Kubernetes Deployment,Kubernetes Orchestration Deployment,REST API + gRPC/Event-Driven
119411,High,25,Daily,23,High,High,Kubernetes Deployment,Kubernetes Orchestration Deployment,REST API + gRPC/Event-Driven
3119,Low,5,Monthly,1,Medium,Low,Monolithic,Single Server Deployment,REST API
125606,High,27,Daily,14,High,High,Kubernetes Deployment,Kubernetes Orchestration Deployment,REST API + gRPC/Event-Driven
190824,High,33,Daily,18,High,High,Kubernetes Deployment,Kubernetes Orchestration Deployment,REST API + gRPC/Event-Driven
965,Low,2,Monthly,2,Medium,Low,Monolithic,Single Server Deployment,REST API
28231,High,30,Weekly,13,Medium,Medium,Microservices,Microservices with Docker,REST API + gRPC
115718,High,23,Daily,25,High,High,Kubernetes Deployment,Kubernetes Orchestration Deployment,REST API + gRPC/Event-Driven
123807,High,38,Daily,25,High,High,Kubernetes Deployment,Kubernetes Orchestration Deployment,REST API + gRPC/Event-Driven
151328,High,38,Daily,14,High,High,Kubernetes Deployment,Kubernetes Orchestration Deployment,REST API + gRPC/Event-Driven
197299,High,47,Daily,18,High,High,Kubernetes Deployment,Kubernetes Orchestration Deployment,REST API + gRPC/Event-Driven
176492,High,39,Daily,25,High,High,Kubernetes Deployment,Kubernetes Orchestration Deployment,REST API + gRPC/Event-Driven
1382,Low,2,Monthly,2,Medium,Low,Monolithic,Single Server Deployment,REST API
39322,High,19,Weekly,10,Medium,High,Microservices,Microservices with Docker,REST API + gRPC
143882,High,25,Daily,18,High,High,Kubernetes Deployment,Kubernetes Orchestration Deployment,REST API + gRPC/Event-Driven
4322,Low,5,Monthly,3,Medium,Low,Monolithic,Single Server Deployment,REST API
17933,Low,11,Weekly,5,High,Low,Containerized App,Docker Container Deployment,REST API
91845,High,21,Daily,14,High,High,Kubernetes Deployment,Kubernetes Orchestration Deployment,REST API + gRPC/Event-Driven
40384,High,30,Daily,10,High,Medium,Microservices,Microservices with Docker,REST API + gRPC
4746,Low,2,Monthly,3,Low,Low,Monolithic,Single Server Deployment,REST API
17796,Low,13,Monthly,5,High,Low,Containerized App,Docker Container Deployment,REST API
13949,Low,11,Weekly,4,High,Low,Containerized App,Docker Container Deployment,REST API
40474,High,30,Daily,12,High,High,Microservices,Microservices with Docker,REST API + gRPC
19027,Low,8,Monthly,7,High,Medium,Containerized App,Docker Container Deployment,REST API
48350,High,24,Daily,14,High,High,Microservices,Microservices with Docker,REST API + gRPC
126899,High,46,Daily,16,High,High,Kubernetes Deployment,Kubernetes Orchestration Deployment,REST API + gRPC/Event-Driven
39917,Medium,22,Daily,11,Medium,Medium,Microservices,Microservices with Docker,REST API + gRPC
4840,Low,3,Monthly,2,Medium,Low,Monolithic,Single Server Deployment,REST API
21841,High,17,Daily,11,Medium,High,Microservices,Microservices with Docker,REST API + gRPC
67009,High,20,Daily,19,High,High,Kubernetes Deployment,Kubernetes Orchestration Deployment,REST API + gRPC/Event-Driven
138097,High,20,Daily,25,High,High,Kubernetes Deployment,Kubernetes Orchestration Deployment,REST API + gRPC/Event-Driven
179964,High,36,Daily,17,High,High,Kubernetes Deployment,Kubernetes Orchestration Deployment,REST API + gRPC/Event-Driven
20908,Medium,21,Weekly,13,Medium,Medium,Microservices,Microservices with Docker,REST API + gRPC
4543,Low,4,Monthly,3,Low,Low,Monolithic,Single Server Deployment,REST API
1824,Low,5,Monthly,3,Medium,Low,Monolithic,Single Server Deployment,REST API
86755,High,21,Daily,21,High,High,Kubernetes Deployment,Kubernetes Orchestration Deployment,REST API + gRPC/Event-Driven
19372,Medium,14,Monthly,5,High,Medium,Containerized App,Docker Container Deployment,REST API
4488,Low,4,Monthly,1,Medium,Low,Monolithic,Single Server Deployment,REST API
9515,Low,14,Weekly,4,Medium,Medium,Containerized App,Docker Container Deployment,REST API
384,Low,3,Monthly,1,Medium,Low,Monolithic,Single Server Deployment,REST API
3352,Low,2,Monthly,1,Low,Low,Monolithic,Single Server Deployment,REST API
7389,Medium,14,Weekly,6,Medium,Medium,Containerized App,Docker Container Deployment,REST API
23313,High,28,Weekly,13,Medium,Medium,Microservices,Microservices with Docker,REST API + gRPC
59926,High,35,Daily,19,High,High,Kubernetes Deployment,Kubernetes Orchestration Deployment,REST API + gRPC/Event-Driven
197536,High,27,Daily,10,High,High,Kubernetes Deployment,Kubernetes Orchestration Deployment,REST API + gRPC/Event-Driven
178397,High,45,Daily,19,High,High,Kubernetes Deployment,Kubernetes Orchestration Deployment,REST API + gRPC/Event-Driven
12800,Low,7,Monthly,7,High,Medium,Containerized App,Docker Container Deployment,REST API
21469,High,30,Weekly,12,Medium,Medium,Microservices,Microservices with Docker,REST API + gRPC
182470,High,27,Daily,15,High,High,Kubernetes Deployment,Kubernetes Orchestration Deployment,REST API + gRPC/Event-Driven
8251,Medium,7,Monthly,4,Medium,Low,Containerized App,Docker Container Deployment,REST API
3323,Low,5,Monthly,3,Low,Low,Monolithic,Single Server Deployment,REST API
2690,Low,4,Monthly,2,Medium,Low,Monolithic,Single Server Deployment,REST API
1488,Low,2,Monthly,2,Low,Low,Monolithic,Single Server Deployment,REST API
186984,High,22,Daily,22,High,High,Kubernetes Deployment,Kubernetes Orchestration Deployment,REST API + gRPC/Event-Driven
11791,Low,6,Monthly,8,Medium,Medium,Containerized App,Docker Container Deployment,REST API
181013,High,38,Daily,11,High,High,Kubernetes Deployment,Kubernetes Orchestration Deployment,REST API + gRPC/Event-Driven
31905,Medium,16,Weekly,14,High,Medium,Microservices,Microservices with Docker,REST API + gRPC
8594,Medium,12,Weekly,3,Medium,Low,Containerized App,Docker Container Deployment,REST API
43856,High,21,Daily,14,Medium,Medium,Microservices,Microservices with Docker,REST API + gRPC
91282,High,45,Daily,18,High,High,Kubernetes Deployment,Kubernetes Orchestration Deployment,REST API + gRPC/Event-Driven
44805,High,25,Daily,14,High,Medium,Microservices,Microservices with Docker,REST API + gRPC
45621,Medium,16,Weekly,14,High,Medium,Microservices,Microservices with Docker,REST API + gRPC
118444,High,28,Daily,11,High,High,Kubernetes Deployment,Kubernetes Orchestration Deployment,REST API + gRPC/Event-Driven
114438,High,41,Daily,21,High,High,Kubernetes Deployment,Kubernetes Orchestration Deployment,REST API + gRPC/Event-Driven
1983,Low,3,Monthly,1,Medium,Low,Monolithic,Single Server Deployment,REST API
12602,Medium,12,Monthly,3,High,Medium,Containerized App,Docker Container Deployment,REST API
6806,Low,13,Monthly,6,Medium,Medium,Containerized App,Docker Container Deployment,REST API
36168,High,18,Weekly,12,High,Medium,Microservices,Microservices with Docker,REST API + gRPC
2143,Low,2,Monthly,2,Low,Low,Monolithic,Single Server Deployment,REST API
477,Low,2,Monthly,3,Medium,Low,Monolithic,Single Server Deployment,REST API
97864,High,37,Daily,18,High,High,Kubernetes Deployment,Kubernetes Orchestration Deployment,REST API + gRPC/Event-Driven
172945,High,29,Daily,10,High,High,Kubernetes Deployment,Kubernetes Orchestration Deployment,REST API + gRPC/Event-Driven
183062,High,21,Daily,19,High,High,Kubernetes Deployment,Kubernetes Orchestration Deployment,REST API + gRPC/Event-Driven
57227,High,21,Daily,13,High,High,Kubernetes Deployment,Kubernetes Orchestration Deployment,REST API + gRPC/Event-Driven
14283,Low,6,Monthly,8,High,Low,Containerized App,Docker Container Deployment,REST API
35096,Medium,16,Daily,9,High,High,Microservices,Microservices with Docker,REST API + gRPC
974,Low,4,Monthly,2,Low,Low,Monolithic,Single Server Deployment,REST API
13664,Medium,9,Weekly,7,High,Medium,Containerized App,Docker Container Deployment,REST API
188459,High,37,Daily,23,High,High,Kubernetes Deployment,Kubernetes Orchestration Deployment,REST API + gRPC/Event-Driven
39298,High,21,Weekly,11,Medium,Medium,Microservices,Microservices with Docker,REST API + gRPC
49149,High,20,Daily,14,Medium,Medium,Microservices,Microservices with Docker,REST API + gRPC
29187,Medium,30,Weekly,13,Medium,High,Microservices,Microservices with Docker,REST API + gRPC
38854,Medium,28,Daily,13,High,Medium,Microservices,Microservices with Docker,REST API + gRPC
126089,High,40,Daily,22,High,High,Kubernetes Deployment,Kubernetes Orchestration Deployment,REST API + gRPC/Event-Driven
6445,Low,7,Monthly,8,Medium,Low,Containerized App,Docker Container Deployment,REST API
146526,High,25,Daily,20,High,High,Kubernetes Deployment,Kubernetes Orchestration Deployment,REST API + gRPC/Event-Driven
13549,Low,15,Weekly,8,High,Medium,Containerized App,Docker Container Deployment,REST API
34551,Medium,17,Daily,11,Medium,High,Microservices,Microservices with Docker,REST API + gRPC
113264,High,29,Daily,18,High,High,Kubernetes Deployment,Kubernetes Orchestration Deployment,REST API + gRPC/Event-Driven
24327,Medium,17,Weekly,12,High,High,Microservices,Microservices with Docker,REST API + gRPC
15308,Medium,10,Weekly,3,Medium,Low,Containerized App,Docker Container Deployment,REST API
38066,High,25,Daily,12,Medium,Medium,Microservices,Microservices with Docker,REST API + gRPC
136430,High,30,Daily,22,High,High,Kubernetes Deployment,Kubernetes Orchestration Deployment,REST API + gRPC/Event-Driven
27420,Medium,20,Daily,10,High,High,Microservices,Microservices with Docker,REST API + gRPC
3911,Low,4,Monthly,3,Low,Low,Monolithic,Single Server Deployment,REST API
5775,Low,9,Monthly,8,High,Medium,Containerized App,Docker Container Deployment,REST API
1984,Low,2,Monthly,3,Medium,Low,Monolithic,Single Server Deployment,REST API
14216,Medium,12,Weekly,4,Medium,Low,Containerized App,Docker Container Deployment,REST API
4599,Low,3,Monthly,2,Medium,Low,Monolithic,Single Server Deployment,REST API
3503,Low,3,Monthly,1,Low,Low,Monolithic,Single Server Deployment,REST API
3083,Low,5,Monthly,1,Medium,Low,Monolithic,Single Server Deployment,REST API
34126,High,29,Weekly,15,High,Medium,Microservices,Microservices with Docker,REST API + gRPC
2764,Low,5,Monthly,2,Medium,Low,Monolithic,Single Server Deployment,REST API
38827,High,29,Daily,11,Medium,Medium,Microservices,Microservices with Docker,REST API + gRPC
29636,High,17,Weekly,9,High,High,Microservices,Microservices with Docker,REST API + gRPC
12310,Low,12,Weekly,4,High,Low,Containerized App,Docker Container Deployment,REST API
21342,High,17,Daily,11,Medium,Medium,Microservices,Microservices with Docker,REST API + gRPC
4717,Low,4,Monthly,1,Medium,Low,Monolithic,Single Server Deployment,REST API
18442,Medium,9,Weekly,7,Medium,Medium,Containerized App,Docker Container Deployment,REST API
164,Low,2,Monthly,3,Medium,Low,Monolithic,Single Server Deployment,REST API
984,Low,5,Monthly,3,Medium,Low,Monolithic,Single Server Deployment,REST API
13744,Low,9,Monthly,5,Medium,Medium,Containerized App,Docker Container Deployment,REST API
23229,High,29,Daily,15,High,High,Microservices,Microservices with Docker,REST API + gRPC
29201,High,17,Weekly,9,Medium,Medium,Microservices,Microservices with Docker,REST API + gRPC
27822,High,29,Weekly,11,Medium,Medium,Microservices,Microservices with Docker,REST API + gRPC
33720,High,21,Daily,14,High,High,Microservices,Microservices with Docker,REST API + gRPC
3761,Low,2,Monthly,2,Medium,Low,Monolithic,Single Server Deployment,REST API
15404,Medium,6,Weekly,6,Medium,Low,Containerized App,Docker Container Deployment,REST API
5525,Medium,11,Monthly,8,High,Medium,Containerized App,Docker Container Deployment,REST API
36652,High,30,Daily,11,High,High,Microservices,Microservices with Docker,REST API + gRPC
2324,Low,5,Monthly,1,Medium,Low,Monolithic,Single Server Deployment,REST API
136446,High,24,Daily,19,High,High,Kubernetes Deployment,Kubernetes Orchestration Deployment,REST API + gRPC/Event-Driven
162431,High,27,Daily,22,High,High,Kubernetes Deployment,Kubernetes Orchestration Deployment,REST API + gRPC/Event-Driven
83425,High,45,Daily,12,High,High,Kubernetes Deployment,Kubernetes Orchestration Deployment,REST API + gRPC/Event-Driven
1369,Low,2,Monthly,2,Low,Low,Monolithic,Single Server Deployment,REST API
26047,Medium,22,Weekly,9,High,High,Microservices,Microservices with Docker,REST API + gRPC
48344,High,23,Weekly,9,Medium,High,Microservices,Microservices with Docker,REST API + gRPC
15580,Low,11,Monthly,6,Medium,Low,Containerized App,Docker Container Deployment,REST API
3569,Low,5,Monthly,1,Low,Low,Monolithic,Single Server Deployment,REST API
4725,Low,3,Monthly,1,Low,Low,Monolithic,Single Server Deployment,REST API
7475,Low,9,Monthly,3,High,Medium,Containerized App,Docker Container Deployment,REST API
69183,High,46,Daily,17,High,High,Kubernetes Deployment,Kubernetes Orchestration Deployment,REST API + gRPC/Event-Driven
2175,Low,4,Monthly,2,Low,Low,Monolithic,Single Server Deployment,REST API
8830,Medium,13,Weekly,3,High,Low,Containerized App,Docker Container Deployment,REST API
3382,Low,5,Monthly,1,Low,Low,Monolithic,Single Server Deployment,REST API
130193,High,33,Daily,10,High,High,Kubernetes Deployment,Kubernetes Orchestration Deployment,REST API + gRPC/Event-Driven
4192,Low,3,Monthly,3,Medium,Low,Monolithic,Single Server Deployment,REST API
113622,High,44,Daily,15,High,High,Kubernetes Deployment,Kubernetes Orchestration Deployment,REST API + gRPC/Event-Driven
12527,Low,9,Monthly,5,High,Low,Containerized App,Docker Container Deployment,REST API
656,Low,2,Monthly,2,Low,Low,Monolithic,Single Server Deployment,REST API
20645,Medium,27,Daily,14,High,Medium,Microservices,Microservices with Docker,REST API + gRPC
37975,High,24,Daily,10,Medium,High,Microservices,Microservices with Docker,REST API + gRPC
1231,Low,3,Monthly,3,Medium,Low,Monolithic,Single Server Deployment,REST API
11514,Low,8,Monthly,3,Medium,Medium,Containerized App,Docker Container Deployment,REST API
12372,Low,10,Weekly,4,Medium,Low,Containerized App,Docker Container Deployment,REST API
16571,Low,7,Weekly,4,High,Low,Containerized App,Docker Container Deployment,REST API
2163,Low,3,Monthly,1,Low,Low,Monolithic,Single Server Deployment,REST API
39300,High,30,Weekly,14,Medium,Medium,Microservices,Microservices with Docker,REST API + gRPC
45327,High,19,Daily,14,Medium,High,Microservices,Microservices with Docker,REST API + gRPC
44875,High,25,Daily,12,Medium,Medium,Microservices,Microservices with Docker,REST API + gRPC
62438,High,46,Daily,12,High,High,Kubernetes Deployment,Kubernetes Orchestration Deployment,REST API + gRPC/Event-Driven
189733,High,50,Daily,15,High,High,Kubernetes Deployment,Kubernetes Orchestration Deployment,REST API + gRPC/Event-Driven
466,Low,2,Monthly,1,Medium,Low,Monolithic,Single Server Deployment,REST API
20852,Medium,27,Weekly,11,Medium,Medium,Microservices,Microservices with Docker,REST API + gRPC
18607,Low,15,Monthly,8,Medium,Low,Containerized App,Docker Container Deployment,REST API
115899,High,50,Daily,22,High,High,Kubernetes Deployment,Kubernetes Orchestration Deployment,REST API + gRPC/Event-Driven
20670,High,19,Daily,12,High,Medium,Microservices,Microservices with Docker,REST API + gRPC
91923,High,39,Daily,15,High,High,Kubernetes Deployment,Kubernetes Orchestration Deployment,REST API + gRPC/Event-Driven
84753,High,26,Daily,20,High,High,Kubernetes Deployment,Kubernetes Orchestration Deployment,REST API + gRPC/Event-Driven
403,Low,3,Monthly,3,Low,Low,Monolithic,Single Server Deployment,REST API
15398,Low,9,Monthly,6,High,Low,Containerized App,Docker Container Deployment,REST API
160162,High,21,Daily,21,High,High,Kubernetes Deployment,Kubernetes Orchestration Deployment,REST API + gRPC/Event-Driven
2227,Low,3,Monthly,3,Medium,Low,Monolithic,Single Server Deployment,REST API
7761,Low,14,Monthly,3,High,Medium,Containerized App,Docker Container Deployment,REST API
13894,Medium,10,Weekly,3,Medium,Low,Containerized App,Docker Container Deployment,REST API
112221,High,35,Daily,14,High,High,Kubernetes Deployment,Kubernetes Orchestration Deployment,REST API + gRPC/Event-Driven
113068,High,41,Daily,12,High,High,Kubernetes Deployment,Kubernetes Orchestration Deployment,REST API + gRPC/Event-Driven
4836,Low,3,Monthly,3,Low,Low,Monolithic,Single Server Deployment,REST API
3825,Low,2,Monthly,2,Medium,Low,Monolithic,Single Server Deployment,REST API
38217,Medium,22,Daily,13,Medium,Medium,Microservices,Microservices with Docker,REST API + gRPC
180714,High,50,Daily,22,High,High,Kubernetes Deployment,Kubernetes Orchestration Deployment,REST API + gRPC/Event-Driven
3109,Low,4,Monthly,1,Medium,Low,Monolithic,Single Server Deployment,REST API
2385,Low,4,Monthly,1,Medium,Low,Monolithic,Single Server Deployment,REST API
163688,High,43,Daily,18,High,High,Kubernetes Deployment,Kubernetes Orchestration Deployment,REST API + gRPC/Event-Driven
5246,Medium,11,Monthly,6,Medium,Medium,Containerized App,Docker Container Deployment,REST API
25044,Medium,30,Daily,15,High,High,Microservices,Microservices with Docker,REST API + gRPC
197729,High,30,Daily,18,High,High,Kubernetes Deployment,Kubernetes Orchestration Deployment,REST API + gRPC/Event-Driven
2848,Low,2,Monthly,1,Medium,Low,Monolithic,Single Server Deployment,REST API
2467,Low,3,Monthly,3,Medium,Low,Monolithic,Single Server Deployment,REST API
6747,Medium,6,Weekly,5,Medium,Medium,Containerized App,Docker Container Deployment,REST API
97114,High,49,Daily,22,High,High,Kubernetes Deployment,Kubernetes Orchestration Deployment,REST API + gRPC/Event-Driven
101880,High,40,Daily,25,High,High,Kubernetes Deployment,Kubernetes Orchestration Deployment,REST API + gRPC/Event-Driven
13056,Medium,14,Weekly,8,Medium,Low,Containerized App,Docker Container Deployment,REST API
122487,High,20,Daily,17,High,High,Kubernetes Deployment,Kubernetes Orchestration Deployment,REST API + gRPC/Event-Driven
88681,High,40,Daily,11,High,High,Kubernetes Deployment,Kubernetes Orchestration Deployment,REST API + gRPC/Event-Driven
4559,Low,5,Monthly,3,Medium,Low,Monolithic,Single Server Deployment,REST API
7459,Medium,13,Monthly,8,Medium,Low,Containerized App,Docker Container Deployment,REST API
81782,High,36,Daily,18,High,High,Kubernetes Deployment,Kubernetes Orchestration Deployment,REST API + gRPC/Event-Driven
6462,Medium,7,Monthly,3,Medium,Medium,Containerized App,Docker Container Deployment,REST API
122110,High,47,Daily,24,High,High,Kubernetes Deployment,Kubernetes Orchestration Deployment,REST API + gRPC/Event-Driven
42013,Medium,22,Weekly,15,Medium,High,Microservices,Microservices with Docker,REST API + gRPC
51162,High,33,Daily,14,High,High,Kubernetes Deployment,Kubernetes Orchestration Deployment,REST API + gRPC/Event-Driven
46899,Medium,25,Weekly,13,Medium,High,Microservices,Microservices with Docker,REST API + gRPC
2881,Low,3,Monthly,2,Low,Low,Monolithic,Single Server Deployment,REST API
91691,High,35,Daily,16,High,High,Kubernetes Deployment,Kubernetes Orchestration Deployment,REST API + gRPC/Event-Driven
180518,High,29,Daily,20,High,High,Kubernetes Deployment,Kubernetes Orchestration Deployment,REST API + gRPC/Event-Driven
4416,Low,4,Monthly,1,Low,Low,Monolithic,Single Server Deployment,REST API
167182,High,27,Daily,14,High,High,Kubernetes Deployment,Kubernetes Orchestration Deployment,REST API + gRPC/Event-Driven
44484,High,27,Daily,11,Medium,Medium,Microservices,Microservices with Docker,REST API + gRPC
27903,High,27,Daily,11,High,High,Microservices,Microservices with Docker,REST API + gRPC
48222,Medium,16,Daily,12,Medium,Medium,Microservices,Microservices with Docker,REST API + gRPC
12688,Medium,15,Monthly,6,Medium,Low,Containerized App,Docker Container Deployment,REST API
173751,High,24,Daily,15,High,High,Kubernetes Deployment,Kubernetes Orchestration Deployment,REST API + gRPC/Event-Driven
65544,High,42,Daily,18,High,High,Kubernetes Deployment,Kubernetes Orchestration Deployment,REST API + gRPC/Event-Driven
60227,High,38,Daily,14,High,High,Kubernetes Deployment,Kubernetes Orchestration Deployment,REST API + gRPC/Event-Driven
25249,Medium,18,Weekly,15,High,High,Microservices,Microservices with Docker,REST API + gRPC
11818,Low,11,Weekly,6,High,Medium,Containerized App,Docker Container Deployment,REST API
3309,Low,4,Monthly,3,Low,Low,Monolithic,Single Server Deployment,REST API
2475,Low,3,Monthly,1,Low,Low,Monolithic,Single Server Deployment,REST API
66286,High,42,Daily,19,High,High,Kubernetes Deployment,Kubernetes Orchestration Deployment,REST API + gRPC/Event-Driven
11859,Medium,6,Weekly,6,High,Low,Containerized App,Docker Container Deployment,REST API
49412,Medium,24,Weekly,13,High,Medium,Microservices,Microservices with Docker,REST API + gRPC
48432,High,30,Weekly,9,Medium,Medium,Microservices,Microservices with Docker,REST API + gRPC
15219,Low,7,Monthly,3,Medium,Low,Containerized App,Docker Container Deployment,REST API
171769,High,20,Daily,14,High,High,Kubernetes Deployment,Kubernetes Orchestration Deployment,REST API + gRPC/Event-Driven
148953,High,29,Daily,21,High,High,Kubernetes Deployment,Kubernetes Orchestration Deployment,REST API + gRPC/Event-Driven
12972,Medium,12,Monthly,6,High,Low,Containerized App,Docker Container Deployment,REST API
115339,High,21,Daily,15,High,High,Kubernetes Deployment,Kubernetes Orchestration Deployment,REST API + gRPC/Event-Driven
28857,Medium,26,Weekly,15,Medium,Medium,Microservices,Microservices with Docker,REST API + gRPC
8794,Low,10,Weekly,7,Medium,Medium,Containerized App,Docker Container Deployment,REST API
17285,Low,14,Weekly,8,Medium,Medium,Containerized App,Docker Container Deployment,REST API
14313,Low,15,Weekly,6,High,Medium,Containerized App,Docker Container Deployment,REST API
4808,Low,4,Monthly,3,Medium,Low,Monolithic,Single Server Deployment,REST API
104269,High,43,Daily,20,High,High,Kubernetes Deployment,Kubernetes Orchestration Deployment,REST API + gRPC/Event-Driven
127040,High,32,Daily,13,High,High,Kubernetes Deployment,Kubernetes Orchestration Deployment,REST API + gRPC/Event-Driven
24100,Medium,26,Daily,13,High,Medium,Microservices,Microservices with Docker,REST API + gRPC
144699,High,23,Daily,18,High,High,Kubernetes Deployment,Kubernetes Orchestration Deployment,REST API + gRPC/Event-Driven
457,Low,5,Monthly,2,Low,Low,Monolithic,Single Server Deployment,REST API
20347,High,30,Weekly,10,High,High,Microservices,Microservices with Docker,REST API + gRPC
135985,High,23,Daily,18,High,High,Kubernetes Deployment,Kubernetes Orchestration Deployment,REST API + gRPC/Event-Driven
9810,Medium,9,Monthly,8,High,Low,Containerized App,Docker Container Deployment,REST API
1226,Low,3,Monthly,1,Low,Low,Monolithic,Single Server Deployment,REST API
1493,Low,2,Monthly,1,Medium,Low,Monolithic,Single Server Deployment,REST API
1091,Low,3,Monthly,1,Low,Low,Monolithic,Single Server Deployment,REST API
4379,Low,2,Monthly,1,Medium,Low,Monolithic,Single Server Deployment,REST API
2003,Low,4,Monthly,2,Medium,Low,Monolithic,Single Server Deployment,REST API
3181,Low,3,Monthly,1,Medium,Low,Monolithic,Single Server Deployment,REST API
26751,High,26,Weekly,12,Medium,Medium,Microservices,Microservices with Docker,REST API + gRPC
146645,High,20,Daily,18,High,High,Kubernetes Deployment,Kubernetes Orchestration Deployment,REST API + gRPC/Event-Driven
3110,Low,3,Monthly,2,Medium,Low,Monolithic,Single Server Deployment,REST API
24126,High,20,Weekly,9,Medium,High,Microservices,Microservices with Docker,REST API + gRPC
112450,High,41,Daily,10,High,High,Kubernetes Deployment,Kubernetes Orchestration Deployment,REST API + gRPC/Event-Driven
104498,High,35,Daily,24,High,High,Kubernetes Deployment,Kubernetes Orchestration Deployment,REST API + gRPC/Event-Driven
37923,Medium,21,Daily,9,Medium,Medium,Microservices,Microservices with Docker,REST API + gRPC
20764,High,21,Weekly,14,Medium,High,Microservices,Microservices with Docker,REST API + gRPC
135098,High,44,Daily,15,High,High,Kubernetes Deployment,Kubernetes Orchestration Deployment,REST API + gRPC/Event-Driven
45369,High,29,Daily,13,Medium,High,Microservices,Microservices with Docker,REST API + gRPC
32031,High,26,Weekly,10,High,High,Microservices,Microservices with Docker,REST API + gRPC
172514,High,21,Daily,11,High,High,Kubernetes Deployment,Kubernetes Orchestration Deployment,REST API + gRPC/Event-Driven
68012,High,42,Daily,20,High,High,Kubernetes Deployment,Kubernetes Orchestration Deployment,REST API + gRPC/Event-Driven
17158,Low,15,Weekly,7,High,Medium,Containerized App,Docker Container Deployment,REST API
15916,Medium,9,Monthly,6,Medium,Low,Containerized App,Docker Container Deployment,REST API
133816,High,20,Daily,18,High,High,Kubernetes Deployment,Kubernetes Orchestration Deployment,REST API + gRPC/Event-Driven
2838,Low,5,Monthly,1,Low,Low,Monolithic,Single Server Deployment,REST API
48292,Medium,16,Daily,11,High,Medium,Microservices,Microservices with Docker,REST API + gRPC
22797,Medium,22,Daily,10,Medium,High,Microservices,Microservices with Docker,REST API + gRPC
134138,High,26,Daily,19,High,High,Kubernetes Deployment,Kubernetes Orchestration Deployment,REST API + gRPC/Event-Driven
19305,Medium,7,Monthly,6,High,Low,Containerized App,Docker Container Deployment,REST API
41518,Medium,23,Daily,14,Medium,High,Microservices,Microservices with Docker,REST API + gRPC
10026,Medium,9,Monthly,3,High,Medium,Containerized App,Docker Container Deployment,REST API
14530,Medium,8,Weekly,4,High,Medium,Containerized App,Docker Container Deployment,REST API
4605,Low,5,Monthly,3,Medium,Low,Monolithic,Single Server Deployment,REST API
1465,Low,5,Monthly,2,Medium,Low,Monolithic,Single Server Deployment,REST API
101000,High,47,Daily,23,High,High,Kubernetes Deployment,Kubernetes Orchestration Deployment,REST API + gRPC/Event-Driven
875,Low,5,Monthly,1,Low,Low,Monolithic,Single Server Deployment,REST API
33188,Medium,18,Daily,14,Medium,Medium,Microservices,Microservices with Docker,REST API + gRPC
2986,Low,4,Monthly,3,Low,Low,Monolithic,Single Server Deployment,REST API
172574,High,43,Daily,11,High,High,Kubernetes Deployment,Kubernetes Orchestration Deployment,REST API + gRPC/Event-Driven
3304,Low,5,Monthly,3,Low,Low,Monolithic,Single Server Deployment,REST API
15971,Low,13,Monthly,6,High,Low,Containerized App,Docker Container Deployment,REST API
2244,Low,4,Monthly,3,Medium,Low,Monolithic,Single Server Deployment,REST API
6698,Medium,15,Monthly,5,Medium,Medium,Containerized App,Docker Container Deployment,REST API
19397,Medium,12,Monthly,6,High,Medium,Containerized App,Docker Container Deployment,REST API
729,Low,3,Monthly,3,Medium,Low,Monolithic,Single Server Deployment,REST API
10967,Medium,13,Monthly,5,Medium,Medium,Containerized App,Docker Container Deployment,REST API
3093,Low,3,Monthly,2,Low,Low,Monolithic,Single Server Deployment,REST API
88614,High,22,Daily,12,High,High,Kubernetes Deployment,Kubernetes Orchestration Deployment,REST API + gRPC/Event-Driven
158322,High,21,Daily,18,High,High,Kubernetes Deployment,Kubernetes Orchestration Deployment,REST API + gRPC/Event-Driven
44235,High,26,Daily,13,High,High,Microservices,Microservices with Docker,REST API + gRPC
7850,Medium,10,Monthly,3,High,Medium,Containerized App,Docker Container Deployment,REST API
52448,High,45,Daily,12,High,High,Kubernetes Deployment,Kubernetes Orchestration Deployment,REST API + gRPC/Event-Driven
32884,High,17,Weekly,15,High,High,Microservices,Microservices with Docker,REST API + gRPC
86018,High,26,Daily,13,High,High,Kubernetes Deployment,Kubernetes Orchestration Deployment,REST API + gRPC/Event-Driven
92477,High,35,Daily,11,High,High,Kubernetes Deployment,Kubernetes Orchestration Deployment,REST API + gRPC/Event-Driven
2818,Low,4,Monthly,2,Medium,Low,Monolithic,Single Server Deployment,REST API
4899,Low,5,Monthly,1,Medium,Low,Monolithic,Single Server Deployment,REST API
2597,Low,2,Monthly,2,Low,Low,Monolithic,Single Server Deployment,REST API
176661,High,47,Daily,24,High,High,Kubernetes Deployment,Kubernetes Orchestration Deployment,REST API + gRPC/Event-Driven
18717,Low,13,Weekly,4,High,Low,Containerized App,Docker Container Deployment,REST API
2634,Low,3,Monthly,1,Medium,Low,Monolithic,Single Server Deployment,REST API
4351,Low,5,Monthly,2,Low,Low,Monolithic,Single Server Deployment,REST API
5685,Medium,8,Monthly,3,Medium,Low,Containerized App,Docker Container Deployment,REST API
65052,High,25,Daily,25,High,High,Kubernetes Deployment,Kubernetes Orchestration Deployment,REST API + gRPC/Event-Driven
55680,High,44,Daily,19,High,High,Kubernetes Deployment,Kubernetes Orchestration Deployment,REST API + gRPC/Event-Driven
2772,Low,5,Monthly,3,Medium,Low,Monolithic,Single Server Deployment,REST API
4777,Low,5,Monthly,1,Medium,Low,Monolithic,Single Server Deployment,REST API
1949,Low,3,Monthly,2,Low,Low,Monolithic,Single Server Deployment,REST API
3092,Low,2,Monthly,3,Medium,Low,Monolithic,Single Server Deployment,REST API
2213,Low,4,Monthly,2,Low,Low,Monolithic,Single Server Deployment,REST API
19274,Medium,11,Monthly,8,Medium,Medium,Containerized App,Docker Container Deployment,REST API
38673,High,19,Weekly,13,High,Medium,Microservices,Microservices with Docker,REST API + gRPC
4719,Low,3,Monthly,3,Low,Low,Monolithic,Single Server Deployment,REST API
26296,Medium,16,Daily,11,High,Medium,Microservices,Microservices with Docker,REST API + gRPC
12565,Low,7,Weekly,3,High,Medium,Containerized App,Docker Container Deployment,REST API
25486,High,25,Weekly,11,High,High,Microservices,Microservices with Docker,REST API + gRPC
25218,High,22,Weekly,9,High,High,Microservices,Microservices with Docker,REST API + gRPC
90710,High,41,Daily,17,High,High,Kubernetes Deployment,Kubernetes Orchestration Deployment,REST API + gRPC/Event-Driven
123120,High,46,Daily,19,High,High,Kubernetes Deployment,Kubernetes Orchestration Deployment,REST API + gRPC/Event-Driven
4737,Low,2,Monthly,3,Low,Low,Monolithic,Single Server Deployment,REST API
3058,Low,5,Monthly,3,Medium,Low,Monolithic,Single Server Deployment,REST API
94031,High,35,Daily,11,High,High,Kubernetes Deployment,Kubernetes Orchestration Deployment,REST API + gRPC/Event-Driven
17315,Medium,8,Monthly,4,Medium,Low,Containerized App,Docker Container Deployment,REST API
28167,High,29,Daily,10,High,High,Microservices,Microservices with Docker,REST API + gRPC
14920,Medium,9,Weekly,3,Medium,Low,Containerized App,Docker Container Deployment,REST API
36994,Medium,19,Daily,15,Medium,Medium,Microservices,Microservices with Docker,REST API + gRPC
14611,Low,9,Weekly,3,Medium,Medium,Containerized App,Docker Container Deployment,REST API
4622,Low,5,Monthly,2,Medium,Low,Monolithic,Single Server Deployment,REST API
30484,High,29,Weekly,11,High,Medium,Microservices,Microservices with Docker,REST API + gRPC
7004,Low,11,Monthly,8,High,Low,Containerized App,Docker Container Deployment,REST API
67901,High,31,Daily,21,High,High,Kubernetes Deployment,Kubernetes Orchestration Deployment,REST API + gRPC/Event-Driven
116928,High,29,Daily,23,High,High,Kubernetes Deployment,Kubernetes Orchestration Deployment,REST API + gRPC/Event-Driven
85856,High,32,Daily,19,High,High,Kubernetes Deployment,Kubernetes Orchestration Deployment,REST API + gRPC/Event-Driven
10352,Low,10,Monthly,7,Medium,Low,Containerized App,Docker Container Deployment,REST API
11717,Low,15,Monthly,8,High,Medium,Containerized App,Docker Container Deployment,REST API
23367,High,28,Weekly,12,Medium,Medium,Microservices,Microservices with Docker,REST API + gRPC
82771,High,38,Daily,20,High,High,Kubernetes Deployment,Kubernetes Orchestration Deployment,REST API + gRPC/Event-Driven
21545,High,30,Daily,10,High,High,Microservices,Microservices with Docker,REST API + gRPC
5146,Medium,6,Weekly,6,Medium,Medium,Containerized App,Docker Container Deployment,REST API
90712,High,42,Daily,18,High,High,Kubernetes Deployment,Kubernetes Orchestration Deployment,REST API + gRPC/Event-Driven
2252,Low,4,Monthly,1,Medium,Low,Monolithic,Single Server Deployment,REST API
3716,Low,4,Monthly,3,Medium,Low,Monolithic,Single Server Deployment,REST API
14840,Low,11,Monthly,3,High,Low,Containerized App,Docker Container Deployment,REST API
94935,High,22,Daily,11,High,High,Kubernetes Deployment,Kubernetes Orchestration Deployment,REST API + gRPC/Event-Driven
20740,High,19,Daily,12,Medium,Medium,Microservices,Microservices with Docker,REST API + gRPC
4493,Low,5,Monthly,1,Medium,Low,Monolithic,Single Server Deployment,REST API
230,Low,3,Monthly,1,Low,Low,Monolithic,Single Server Deployment,REST API
30560,Medium,18,Weekly,9,Medium,High,Microservices,Microservices with Docker,REST API + gRPC
34284,Medium,17,Weekly,11,Medium,Medium,Microservices,Microservices with Docker,REST API + gRPC
19373,Low,10,Weekly,7,High,Low,Containerized App,Docker Container Deployment,REST API
164459,High,37,Daily,25,High,High,Kubernetes Deployment,Kubernetes Orchestration Deployment,REST API + gRPC/Event-Driven
46967,Medium,25,Daily,15,High,High,Microservices,Microservices with Docker,REST API + gRPC
1431,Low,5,Monthly,3,Medium,Low,Monolithic,Single Server Deployment,REST API
29004,Medium,22,Daily,10,High,High,Microservices,Microservices with Docker,REST API + gRPC
46167,High,19,Daily,9,Medium,Medium,Microservices,Microservices with Docker,REST API + gRPC
9968,Low,13,Monthly,8,High,Medium,Containerized App,Docker Container Deployment,REST API
81614,High,35,Daily,15,High,High,Kubernetes Deployment,Kubernetes Orchestration Deployment,REST API + gRPC/Event-Driven
56297,High,21,Daily,24,High,High,Kubernetes Deployment,Kubernetes Orchestration Deployment,REST API + gRPC/Event-Driven
4965,Low,2,Monthly,2,Low,Low,Monolithic,Single Server Deployment,REST API
46345,High,26,Weekly,11,Medium,Medium,Microservices,Microservices with Docker,REST API + gRPC
5682,Medium,6,Weekly,8,Medium,Low,Containerized App,Docker Container Deployment,REST API
11158,Low,15,Weekly,3,Medium,Medium,Containerized App,Docker Container Deployment,REST API
172397,High,20,Daily,13,High,High,Kubernetes Deployment,Kubernetes Orchestration Deployment,REST API + gRPC/Event-Driven
45878,Medium,29,Daily,15,High,High,Microservices,Microservices with Docker,REST API + gRPC
42593,High,21,Weekly,13,High,Medium,Microservices,Microservices with Docker,REST API + gRPC
618,Low,3,Monthly,2,Medium,Low,Monolithic,Single Server Deployment,REST API
26358,High,30,Weekly,11,Medium,Medium,Microservices,Microservices with Docker,REST API + gRPC
9817,Low,12,Monthly,7,High,Medium,Containerized App,Docker Container Deployment,REST API
21042,High,28,Weekly,12,High,Medium,Microservices,Microservices with Docker,REST API + gRPC
2602,Low,3,Monthly,2,Low,Low,Monolithic,Single Server Deployment,REST API
44909,Medium,24,Weekly,10,Medium,High,Microservices,Microservices with Docker,REST API + gRPC
42378,Medium,22,Weekly,14,Medium,High,Microservices,Microservices with Docker,REST API + gRPC
794,Low,4,Monthly,2,Medium,Low,Monolithic,Single Server Deployment,REST API
41307,Medium,28,Weekly,11,Medium,High,Microservices,Microservices with Docker,REST API + gRPC
17272,Medium,15,Monthly,7,Medium,Medium,Containerized App,Docker Container Deployment,REST API
38973,Medium,17,Daily,10,Medium,Medium,Microservices,Microservices with Docker,REST API + gRPC
78296,High,22,Daily,15,High,High,Kubernetes Deployment,Kubernetes Orchestration Deployment,REST API + gRPC/Event-Driven
12541,Medium,13,Weekly,3,Medium,Low,Containerized App,Docker Container Deployment,REST API
851,Low,3,Monthly,2,Medium,Low,Monolithic,Single Server Deployment,REST API
547,Low,3,Monthly,2,Medium,Low,Monolithic,Single Server Deployment,REST API
8317,Low,10,Monthly,8,High,Low,Containerized App,Docker Container Deployment,REST API
28514,Medium,25,Daily,12,High,High,Microservices,Microservices with Docker,REST API + gRPC
514,Low,4,Monthly,1,Low,Low,Monolithic,Single Server Deployment,REST API
3579,Low,5,Monthly,2,Medium,Low,Monolithic,Single Server Deployment,REST API
8263,Low,6,Weekly,4,Medium,Medium,Containerized App,Docker Container Deployment,REST API
183750,High,37,Daily,22,High,High,Kubernetes Deployment,Kubernetes Orchestration Deployment,REST API + gRPC/Event-Driven
62055,High,41,Daily,18,High,High,Kubernetes Deployment,Kubernetes Orchestration Deployment,REST API + gRPC/Event-Driven
5118,Medium,7,Weekly,7,Medium,Medium,Containerized App,Docker Container Deployment,REST API
27433,High,29,Weekly,10,High,High,Microservices,Microservices with Docker,REST API + gRPC
100557,High,33,Daily,24,High,High,Kubernetes Deployment,Kubernetes Orchestration Deployment,REST API + gRPC/Event-Driven
176465,High,28,Daily,19,High,High,Kubernetes Deployment,Kubernetes Orchestration Deployment,REST API + gRPC/Event-Driven
24918,Medium,18,Weekly,14,Medium,Medium,Microservices,Microservices with Docker,REST API + gRPC
119198,High,26,Daily,23,High,High,Kubernetes Deployment,Kubernetes Orchestration Deployment,REST API + gRPC/Event-Driven
24335,High,18,Weekly,11,High,Medium,Microservices,Microservices with Docker,REST API + gRPC
182331,High,47,Daily,15,High,High,Kubernetes Deployment,Kubernetes Orchestration Deployment,REST API + gRPC/Event-Driven
29719,Medium,18,Weekly,14,Medium,High,Microservices,Microservices with Docker,REST API + gRPC
84474,High,38,Daily,21,High,High,Kubernetes Deployment,Kubernetes Orchestration Deployment,REST API + gRPC/Event-Driven
2536,Low,3,Monthly,1,Low,Low,Monolithic,Single Server Deployment,REST API
126816,High,38,Daily,20,High,High,Kubernetes Deployment,Kubernetes Orchestration Deployment,REST API + gRPC/Event-Driven
178741,High,33,Daily,25,High,High,Kubernetes Deployment,Kubernetes Orchestration Deployment,REST API + gRPC/Event-Driven
11578,Medium,6,Monthly,7,Medium,Medium,Containerized App,Docker Container Deployment,REST API
11227,Low,10,Monthly,4,Medium,Low,Containerized App,Docker Container Deployment,REST API
1156,Low,2,Monthly,2,Medium,Low,Monolithic,Single Server Deployment,REST API
46558,High,22,Daily,12,High,High,Microservices,Microservices with Docker,REST API + gRPC
17765,Medium,14,Weekly,8,Medium,Low,Containerized App,Docker Container Deployment,REST API
149315,High,45,Daily,10,High,High,Kubernetes Deployment,Kubernetes Orchestration Deployment,REST API + gRPC/Event-Driven
28366,Medium,16,Daily,9,High,Medium,Microservices,Microservices with Docker,REST API + gRPC
127805,High,26,Daily,14,High,High,Kubernetes Deployment,Kubernetes Orchestration Deployment,REST API + gRPC/Event-Driven
194821,High,28,Daily,21,High,High,Kubernetes Deployment,Kubernetes Orchestration Deployment,REST API + gRPC/Event-Driven
137480,High,25,Daily,19,High,High,Kubernetes Deployment,Kubernetes Orchestration Deployment,REST API + gRPC/Event-Driven
1793,Low,3,Monthly,3,Low,Low,Monolithic,Single Server Deployment,REST API
3266,Low,2,Monthly,1,Low,Low,Monolithic,Single Server Deployment,REST API
7070,Medium,8,Weekly,8,High,Low,Containerized App,Docker Container Deployment,REST API
20510,Medium,24,Weekly,15,Medium,Medium,Microservices,Microservices with Docker,REST API + gRPC
160226,High,48,Daily,24,High,High,Kubernetes Deployment,Kubernetes Orchestration Deployment,REST API + gRPC/Event-Driven
138428,High,22,Daily,14,High,High,Kubernetes Deployment,Kubernetes Orchestration Deployment,REST API + gRPC/Event-Driven
927,Low,4,Monthly,3,Low,Low,Monolithic,Single Server Deployment,REST API
2184,Low,2,Monthly,2,Medium,Low,Monolithic,Single Server Deployment,REST API
3245,Low,5,Monthly,2,Low,Low,Monolithic,Single Server Deployment,REST API
2440,Low,2,Monthly,1,Medium,Low,Monolithic,Single Server Deployment,REST API
4713,Low,5,Monthly,2,Medium,Low,Monolithic,Single Server Deployment,REST API
75114,High,36,Daily,21,High,High,Kubernetes Deployment,Kubernetes Orchestration Deployment,REST API + gRPC/Event-Driven
39465,High,16,Daily,12,Medium,Medium,Microservices,Microservices with Docker,REST API + gRPC
64291,High,31,Daily,22,High,High,Kubernetes Deployment,Kubernetes Orchestration Deployment,REST API + gRPC/Event-Driven
133559,High,27,Daily,19,High,High,Kubernetes Deployment,Kubernetes Orchestration Deployment,REST API + gRPC/Event-Driven
1857,Low,4,Monthly,3,Medium,Low,Monolithic,Single Server Deployment,REST API
4365,Low,2,Monthly,2,Medium,Low,Monolithic,Single Server Deployment,REST API
1780,Low,2,Monthly,2,Medium,Low,Monolithic,Single Server Deployment,REST API
20359,Medium,25,Weekly,13,Medium,Medium,Microservices,Microservices with Docker,REST API + gRPC
156265,High,38,Daily,10,High,High,Kubernetes Deployment,Kubernetes Orchestration Deployment,REST API + gRPC/Event-Driven
3747,Low,3,Monthly,2,Medium,Low,Monolithic,Single Server Deployment,REST API
69872,High,42,Daily,18,High,High,Kubernetes Deployment,Kubernetes Orchestration Deployment,REST API + gRPC/Event-Driven
1983,Low,4,Monthly,2,Medium,Low,Monolithic,Single Server Deployment,REST API
20847,Medium,25,Weekly,13,High,High,Microservices,Microservices with Docker,REST API + gRPC
29837,Medium,29,Weekly,11,High,High,Microservices,Microservices with Docker,REST API + gRPC
46606,High,18,Daily,10,Medium,High,Microservices,Microservices with Docker,REST API + gRPC
9304,Medium,7,Weekly,4,High,Medium,Containerized App,Docker Container Deployment,REST API
139550,High,44,Daily,24,High,High,Kubernetes Deployment,Kubernetes Orchestration Deployment,REST API + gRPC/Event-Driven
3444,Low,2,Monthly,1,Low,Low,Monolithic,Single Server Deployment,REST API
8672,Low,12,Monthly,6,High,Medium,Containerized App,Docker Container Deployment,REST API
42786,High,25,Weekly,12,Medium,Medium,Microservices,Microservices with Docker,REST API + gRPC
1567,Low,3,Monthly,3,Medium,Low,Monolithic,Single Server Deployment,REST API
166049,High,27,Daily,14,High,High,Kubernetes Deployment,Kubernetes Orchestration Deployment,REST API + gRPC/Event-Driven
3517,Low,3,Monthly,2,Low,Low,Monolithic,Single Server Deployment,REST API
109744,High,36,Daily,20,High,High,Kubernetes Deployment,Kubernetes Orchestration Deployment,REST API + gRPC/Event-Driven
25445,High,28,Weekly,14,High,High,Microservices,Microservices with Docker,REST API + gRPC
23133,Medium,29,Weekly,9,Medium,High,Microservices,Microservices with Docker,REST API + gRPC
199597,High,33,Daily,17,High,High,Kubernetes Deployment,Kubernetes Orchestration Deployment,REST API + gRPC/Event-Driven
174887,High,27,Daily,13,High,High,Kubernetes Deployment,Kubernetes Orchestration Deployment,REST API + gRPC/Event-Driven
4707,Low,5,Monthly,2,Low,Low,Monolithic,Single Server Deployment,REST API
717,Low,5,Monthly,3,Low,Low,Monolithic,Single Server Deployment,REST API
2392,Low,2,Monthly,1,Low,Low,Monolithic,Single Server Deployment,REST API
13773,Medium,12,Weekly,3,High,Low,Containerized App,Docker Container Deployment,REST API
178468,High,43,Daily,25,High,High,Kubernetes Deployment,Kubernetes Orchestration Deployment,REST API + gRPC/Event-Driven
24744,High,17,Daily,11,Medium,Medium,Microservices,Microservices with Docker,REST API + gRPC
48029,Medium,21,Daily,15,High,Medium,Microservices,Microservices with Docker,REST API + gRPC
54167,High,40,Daily,16,High,High,Kubernetes Deployment,Kubernetes Orchestration Deployment,REST API + gRPC/Event-Driven
36344,Medium,27,Weekly,12,Medium,High,Microservices,Microservices with Docker,REST API + gRPC
149233,High,31,Daily,23,High,High,Kubernetes Deployment,Kubernetes Orchestration Deployment,REST API + gRPC/Event-Driven
17988,Low,8,Monthly,5,Medium,Low,Containerized App,Docker Container Deployment,REST API
8019,Low,7,Monthly,5,Medium,Low,Containerized App,Docker Container Deployment,REST API
198260,High,44,Daily,14,High,High,Kubernetes Deployment,Kubernetes Orchestration Deployment,REST API + gRPC/Event-Driven
40903,Medium,22,Daily,10,High,High,Microservices,Microservices with Docker,REST API + gRPC
127345,High,32,Daily,13,High,High,Kubernetes Deployment,Kubernetes Orchestration Deployment,REST API + gRPC/Event-Driven
131710,High,43,Daily,11,High,High,Kubernetes Deployment,Kubernetes Orchestration Deployment,REST API + gRPC/Event-Driven
1134,Low,5,Monthly,1,Low,Low,Monolithic,Single Server Deployment,REST API
10262,Low,13,Weekly,4,Medium,Low,Containerized App,Docker Container Deployment,REST API
16708,Medium,10,Monthly,8,High,Low,Containerized App,Docker Container Deployment,REST API
1630,Low,5,Monthly,3,Medium,Low,Monolithic,Single Server Deployment,REST API
359,Low,4,Monthly,2,Low,Low,Monolithic,Single Server Deployment,REST API
1761,Low,2,Monthly,3,Medium,Low,Monolithic,Single Server Deployment,REST API
113391,High,46,Daily,10,High,High,Kubernetes Deployment,Kubernetes Orchestration Deployment,REST API + gRPC/Event-Driven
8598,Low,6,Monthly,7,High,Low,Containerized App,Docker Container Deployment,REST API
48170,Medium,21,Weekly,14,High,High,Microservices,Microservices with Docker,REST API + gRPC
3787,Low,4,Monthly,2,Medium,Low,Monolithic,Single Server Deployment,REST API
11403,Low,13,Monthly,6,Medium,Medium,Containerized App,Docker Container Deployment,REST API
2273,Low,2,Monthly,1,Medium,Low,Monolithic,Single Server Deployment,REST API
631,Low,4,Monthly,2,Low,Low,Monolithic,Single Server Deployment,REST API
20652,Medium,22,Weekly,9,High,High,Microservices,Microservices with Docker,REST API + gRPC
283,Low,3,Monthly,1,Low,Low,Monolithic,Single Server Deployment,REST API
180724,High,50,Daily,24,High,High,Kubernetes Deployment,Kubernetes Orchestration Deployment,REST API + gRPC/Event-Driven
165326,High,38,Daily,23,High,High,Kubernetes Deployment,Kubernetes Orchestration Deployment,REST API + gRPC/Event-Driven
3896,Low,3,Monthly,2,Medium,Low,Monolithic,Single Server Deployment,REST API
3451,Low,5,Monthly,1,Medium,Low,Monolithic,Single Server Deployment,REST API
16886,Medium,9,Weekly,8,High,Low,Containerized App,Docker Container Deployment,REST API
86625,High,32,Daily,16,High,High,Kubernetes Deployment,Kubernetes Orchestration Deployment,REST API + gRPC/Event-Driven
13392,Low,10,Monthly,7,Medium,Low,Containerized App,Docker Container Deployment,REST API
159499,High,25,Daily,18,High,High,Kubernetes Deployment,Kubernetes Orchestration Deployment,REST API + gRPC/Event-Driven
75813,High,36,Daily,20,High,High,Kubernetes Deployment,Kubernetes Orchestration Deployment,REST API + gRPC/Event-Driven
31911,Medium,23,Daily,9,High,High,Microservices,Microservices with Docker,REST API + gRPC
168920,High,47,Daily,16,High,High,Kubernetes Deployment,Kubernetes Orchestration Deployment,REST API + gRPC/Event-Driven
16392,Medium,7,Weekly,4,Medium,Medium,Containerized App,Docker Container Deployment,REST API
4432,Low,3,Monthly,3,Low,Low,Monolithic,Single Server Deployment,REST API
92461,High,27,Daily,11,High,High,Kubernetes Deployment,Kubernetes Orchestration Deployment,REST API + gRPC/Event-Driven
3163,Low,3,Monthly,2,Medium,Low,Monolithic,Single Server Deployment,REST API
350,Low,3,Monthly,2,Medium,Low,Monolithic,Single Server Deployment,REST API
33327,Medium,26,Weekly,15,Medium,High,Microservices,Microservices with Docker,REST API + gRPC
355,Low,4,Monthly,2,Low,Low,Monolithic,Single Server Deployment,REST API
156543,High,31,Daily,10,High,High,Kubernetes Deployment,Kubernetes Orchestration Deployment,REST API + gRPC/Event-Driven
30557,Medium,28,Weekly,15,High,High,Microservices,Microservices with Docker,REST API + gRPC
31078,Medium,24,Daily,10,High,Medium,Microservices,Microservices with Docker,REST API + gRPC
42414,Medium,27,Daily,13,High,Medium,Microservices,Microservices with Docker,REST API + gRPC
2521,Low,4,Monthly,2,Medium,Low,Monolithic,Single Server Deployment,REST API
16582,Medium,10,Weekly,3,Medium,Medium,Containerized App,Docker Container Deployment,REST API
2007,Low,2,Monthly,2,Medium,Low,Monolithic,Single Server Deployment,REST API
63371,High,46,Daily,14,High,High,Kubernetes Deployment,Kubernetes Orchestration Deployment,REST API + gRPC/Event-Driven
43211,Medium,25,Weekly,10,Medium,High,Microservices,Microservices with Docker,REST API + gRPC
31661,High,24,Weekly,11,Medium,Medium,Microservices,Microservices with Docker,REST API + gRPC
3421,Low,3,Monthly,3,Low,Low,Monolithic,Single Server Deployment,REST API
183271,High,37,Daily,23,High,High,Kubernetes Deployment,Kubernetes Orchestration Deployment,REST API + gRPC/Event-Driven
19924,Medium,7,Weekly,6,Medium,Low,Containerized App,Docker Container Deployment,REST API
122946,High,46,Daily,18,High,High,Kubernetes Deployment,Kubernetes Orchestration Deployment,REST API + gRPC/Event-Driven
16507,Medium,7,Weekly,6,Medium,Low,Containerized App,Docker Container Deployment,REST API
6045,Medium,7,Weekly,7,High,Low,Containerized App,Docker Container Deployment,REST API
18880,Medium,12,Weekly,5,Medium,Low,Containerized App,Docker Container Deployment,REST API
3623,Low,3,Monthly,3,Low,Low,Monolithic,Single Server Deployment,REST API
3555,Low,5,Monthly,1,Low,Low,Monolithic,Single Server Deployment,REST API
4714,Low,3,Monthly,3,Low,Low,Monolithic,Single Server Deployment,REST API
40546,High,22,Weekly,10,High,High,Microservices,Microservices with Docker,REST API + gRPC
35237,High,27,Daily,11,Medium,Medium,Microservices,Microservices with Docker,REST API + gRPC
140878,High,45,Daily,21,High,High,Kubernetes Deployment,Kubernetes Orchestration Deployment,REST API + gRPC/Event-Driven
14310,Medium,14,Weekly,4,High,Low,Containerized App,Docker Container Deployment,REST API
2092,Low,4,Monthly,2,Medium,Low,Monolithic,Single Server Deployment,REST API
20505,Medium,21,Weekly,10,High,Medium,Microservices,Microservices with Docker,REST API + gRPC
14246,Medium,10,Weekly,6,High,Low,Containerized App,Docker Container Deployment,REST API
83524,High,30,Daily,12,High,High,Kubernetes Deployment,Kubernetes Orchestration Deployment,REST API + gRPC/Event-Driven
2603,Low,4,Monthly,3,Low,Low,Monolithic,Single Server Deployment,REST API
17772,Low,6,Monthly,4,High,Medium,Containerized App,Docker Container Deployment,REST API
3138,Low,3,Monthly,3,Low,Low,Monolithic,Single Server Deployment,REST API
81331,High,32,Daily,18,High,High,Kubernetes Deployment,Kubernetes Orchestration Deployment,REST API + gRPC/Event-Driven
11540,Low,10,Weekly,7,High,Low,Containerized App,Docker Container Deployment,REST API
22965,Medium,30,Weekly,12,High,High,Microservices,Microservices with Docker,REST API + gRPC
17104,Medium,13,Weekly,8,High,Medium,Containerized App,Docker Container Deployment,REST API
15872,Medium,12,Weekly,8,High,Medium,Containerized App,Docker Container Deployment,REST API
3140,Low,2,Monthly,3,Low,Low,Monolithic,Single Server Deployment,REST API
97858,High,26,Daily,16,High,High,Kubernetes Deployment,Kubernetes Orchestration Deployment,REST API + gRPC/Event-Driven
939,Low,3,Monthly,3,Medium,Low,Monolithic,Single Server Deployment,REST API
37991,Medium,17,Weekly,12,Medium,High,Microservices,Microservices with Docker,REST API + gRPC
5554,Medium,7,Weekly,8,High,Low,Containerized App,Docker Container Deployment,REST API
183525,High,33,Daily,11,High,High,Kubernetes Deployment,Kubernetes Orchestration Deployment,REST API + gRPC/Event-Driven
5887,Low,15,Monthly,6,Medium,Low,Containerized App,Docker Container Deployment,REST API
2218,Low,3,Monthly,3,Medium,Low,Monolithic,Single Server Deployment,REST API
38635,High,17,Weekly,14,Medium,Medium,Microservices,Microservices with Docker,REST API + gRPC
4086,Low,3,Monthly,3,Low,Low,Monolithic,Single Server Deployment,REST API
1087,Low,4,Monthly,2,Medium,Low,Monolithic,Single Server Deployment,REST API
12818,Low,8,Monthly,5,Medium,Medium,Containerized App,Docker Container Deployment,REST API
183251,High,28,Daily,10,High,High,Kubernetes Deployment,Kubernetes Orchestration Deployment,REST API + gRPC/Event-Driven
192456,High,22,Daily,18,High,High,Kubernetes Deployment,Kubernetes Orchestration Deployment,REST API + gRPC/Event-Driven
14870,Low,10,Monthly,7,High,Medium,Containerized App,Docker Container Deployment,REST API
199744,High,29,Daily,14,High,High,Kubernetes Deployment,Kubernetes Orchestration Deployment,REST API + gRPC/Event-Driven
3368,Low,4,Monthly,2,Medium,Low,Monolithic,Single Server Deployment,REST API
52211,High,24,Daily,11,High,High,Kubernetes Deployment,Kubernetes Orchestration Deployment,REST API + gRPC/Event-Driven
39836,Medium,19,Daily,15,Medium,Medium,Microservices,Microservices with Docker,REST API + gRPC
193284,High,20,Daily,18,High,High,Kubernetes Deployment,Kubernetes Orchestration Deployment,REST API + gRPC/Event-Driven
67662,High,32,Daily,11,High,High,Kubernetes Deployment,Kubernetes Orchestration Deployment,REST API + gRPC/Event-Driven
108416,High,46,Daily,25,High,High,Kubernetes Deployment,Kubernetes Orchestration Deployment,REST API + gRPC/Event-Driven
48140,Medium,18,Weekly,15,High,Medium,Microservices,Microservices with Docker,REST API + gRPC
3572,Low,5,Monthly,1,Low,Low,Monolithic,Single Server Deployment,REST API
27415,High,20,Daily,11,High,High,Microservices,Microservices with Docker,REST API + gRPC
6889,Medium,9,Monthly,3,Medium,Low,Containerized App,Docker Container Deployment,REST API
46208,Medium,18,Weekly,10,Medium,High,Microservices,Microservices with Docker,REST API + gRPC
3204,Low,2,Monthly,2,Medium,Low,Monolithic,Single Server Deployment,REST API
11934,Medium,15,Monthly,5,High,Medium,Containerized App,Docker Container Deployment,REST API
42901,Medium,17,Daily,13,Medium,Medium,Microservices,Microservices with Docker,REST API + gRPC
41950,Medium,29,Weekly,15,High,Medium,Microservices,Microservices with Docker,REST API + gRPC
3503,Low,5,Monthly,2,Low,Low,Monolithic,Single Server Deployment,REST API
187753,High,24,Daily,23,High,High,Kubernetes Deployment,Kubernetes Orchestration Deployment,REST API + gRPC/Event-Driven
34745,High,23,Weekly,12,Medium,High,Microservices,Microservices with Docker,REST API + gRPC
8851,Medium,12,Monthly,4,High,Medium,Containerized App,Docker Container Deployment,REST API
194853,High,44,Daily,20,High,High,Kubernetes Deployment,Kubernetes Orchestration Deployment,REST API + gRPC/Event-Driven
422,Low,5,Monthly,1,Medium,Low,Monolithic,Single Server Deployment,REST API
338,Low,4,Monthly,2,Low,Low,Monolithic,Single Server Deployment,REST API
42303,Medium,28,Daily,13,Medium,Medium,Microservices,Microservices with Docker,REST API + gRPC
47028,High,30,Weekly,15,High,Medium,Microservices,Microservices with Docker,REST API + gRPC
36787,Medium,28,Weekly,11,Medium,High,Microservices,Microservices with Docker,REST API + gRPC
123779,High,42,Daily,13,High,High,Kubernetes Deployment,Kubernetes Orchestration Deployment,REST API + gRPC/Event-Driven
54127,High,25,Daily,15,High,High,Kubernetes Deployment,Kubernetes Orchestration Deployment,REST API + gRPC/Event-Driven
43303,High,22,Daily,13,Medium,Medium,Microservices,Microservices with Docker,REST API + gRPC
4855,Low,3,Monthly,2,Low,Low,Monolithic,Single Server Deployment,REST API
66144,High,42,Daily,22,High,High,Kubernetes Deployment,Kubernetes Orchestration Deployment,REST API + gRPC/Event-Driven
32045,Medium,29,Weekly,13,Medium,Medium,Microservices,Microservices with Docker,REST API + gRPC
130730,High,46,Daily,22,High,High,Kubernetes Deployment,Kubernetes Orchestration Deployment,REST API + gRPC/Event-Driven
44192,High,25,Weekly,12,High,High,Microservices,Microservices with Docker,REST API + gRPC
4176,Low,3,Monthly,1,Medium,Low,Monolithic,Single Server Deployment,REST API
7316,Medium,15,Weekly,7,Medium,Low,Containerized App,Docker Container Deployment,REST API
36020,High,27,Weekly,13,High,High,Microservices,Microservices with Docker,REST API + gRPC
2945,Low,2,Monthly,3,Medium,Low,Monolithic,Single Server Deployment,REST API
9131,Low,12,Weekly,4,Medium,Low,Containerized App,Docker Container Deployment,REST API
14827,Medium,15,Weekly,7,High,Medium,Containerized App,Docker Container Deployment,REST API
38043,Medium,28,Weekly,12,High,Medium,Microservices,Microservices with Docker,REST API + gRPC
124007,High,45,Daily,11,High,High,Kubernetes Deployment,Kubernetes Orchestration Deployment,REST API + gRPC/Event-Driven
164493,High,34,Daily,14,High,High,Kubernetes Deployment,Kubernetes Orchestration Deployment,REST API + gRPC/Event-Driven
2520,Low,2,Monthly,3,Low,Low,Monolithic,Single Server Deployment,REST API
19890,Low,9,Monthly,3,High,Low,Containerized App,Docker Container Deployment,REST API
24417,Medium,25,Daily,9,Medium,Medium,Microservices,Microservices with Docker,REST API + gRPC
17533,Low,10,Weekly,4,High,Low,Containerized App,Docker Container Deployment,REST API
125485,High,26,Daily,14,High,High,Kubernetes Deployment,Kubernetes Orchestration Deployment,REST API + gRPC/Event-Driven
7222,Medium,13,Weekly,6,Medium,Low,Containerized App,Docker Container Deployment,REST API
47824,High,26,Daily,9,Medium,High,Microservices,Microservices with Docker,REST API + gRPC
694,Low,2,Monthly,2,Low,Low,Monolithic,Single Server Deployment,REST API
9502,Medium,14,Monthly,5,Medium,Medium,Containerized App,Docker Container Deployment,REST API
3689,Low,2,Monthly,1,Low,Low,Monolithic,Single Server Deployment,REST API
33453,Medium,19,Weekly,14,High,High,Microservices,Microservices with Docker,REST API + gRPC
5730,Medium,11,Monthly,6,Medium,Medium,Containerized App,Docker Container Deployment,REST API
19754,Low,13,Weekly,6,High,Medium,Containerized App,Docker Container Deployment,REST API
46205,High,21,Daily,15,Medium,High,Microservices,Microservices with Docker,REST API + gRPC
39225,High,24,Weekly,12,High,High,Microservices,Microservices with Docker,REST API + gRPC
33126,High,25,Weekly,14,Medium,High,Microservices,Microservices with Docker,REST API + gRPC
23042,High,20,Daily,9,High,High,Microservices,Microservices with Docker,REST API + gRPC
23192,High,19,Weekly,10,High,Medium,Microservices,Microservices with Docker,REST API + gRPC
20002,High,17,Daily,9,Medium,High,Microservices,Microservices with Docker,REST API + gRPC
225,Low,3,Monthly,2,Low,Low,Monolithic,Single Server Deployment,REST API
3459,Low,2,Monthly,1,Medium,Low,Monolithic,Single Server Deployment,REST API
3271,Low,2,Monthly,3,Medium,Low,Monolithic,Single Server Deployment,REST API
8126,Medium,11,Weekly,7,High,Medium,Containerized App,Docker Container Deployment,REST API
3589,Low,2,Monthly,1,Low,Low,Monolithic,Single Server Deployment,REST API
628,Low,3,Monthly,3,Medium,Low,Monolithic,Single Server Deployment,REST API
12405,Medium,14,Weekly,8,Medium,Low,Containerized App,Docker Container Deployment,REST API
2435,Low,3,Monthly,2,Medium,Low,Monolithic,Single Server Deployment,REST API
45060,Medium,30,Weekly,13,High,High,Microservices,Microservices with Docker,REST API + gRPC
33201,Medium,29,Weekly,14,Medium,High,Microservices,Microservices with Docker,REST API + gRPC
4947,Low,3,Monthly,3,Low,Low,Monolithic,Single Server Deployment,REST API
121676,High,24,Daily,23,High,High,Kubernetes Deployment,Kubernetes Orchestration Deployment,REST API + gRPC/Event-Driven
3294,Low,5,Monthly,1,Low,Low,Monolithic,Single Server Deployment,REST API
36799,Medium,30,Daily,14,Medium,High,Microservices,Microservices with Docker,REST API + gRPC
1030,Low,3,Monthly,1,Low,Low,Monolithic,Single Server Deployment,REST API
6528,Low,7,Monthly,3,High,Low,Containerized App,Docker Container Deployment,REST API
18525,Medium,14,Weekly,6,High,Low,Containerized App,Docker Container Deployment,REST API
4365,Low,3,Monthly,2,Low,Low,Monolithic,Single Server Deployment,REST API
57983,High,36,Daily,14,High,High,Kubernetes Deployment,Kubernetes Orchestration Deployment,REST API + gRPC/Event-Driven
13872,Medium,13,Monthly,5,High,Medium,Containerized App,Docker Container Deployment,REST API
7604,Medium,7,Monthly,7,High,Low,Containerized App,Docker Container Deployment,REST API
6990,Low,9,Monthly,7,High,Low,Containerized App,Docker Container Deployment,REST API
32344,Medium,21,Daily,11,High,Medium,Microservices,Microservices with Docker,REST API + gRPC
36271,Medium,19,Daily,15,High,High,Microservices,Microservices with Docker,REST API + gRPC
37713,High,25,Weekly,14,High,Medium,Microservices,Microservices with Docker,REST API + gRPC
18345,Low,6,Monthly,3,High,Low,Containerized App,Docker Container Deployment,REST API
15241,Medium,6,Weekly,4,Medium,Medium,Containerized App,Docker Container Deployment,REST API
159637,High,44,Daily,15,High,High,Kubernetes Deployment,Kubernetes Orchestration Deployment,REST API + gRPC/Event-Driven
1410,Low,5,Monthly,3,Low,Low,Monolithic,Single Server Deployment,REST API
44378,Medium,30,Daily,10,Medium,High,Microservices,Microservices with Docker,REST API + gRPC
5793,Medium,8,Monthly,4,High,Medium,Containerized App,Docker Container Deployment,REST API
4512,Low,3,Monthly,2,Low,Low,Monolithic,Single Server Deployment,REST API
1892,Low,3,Monthly,3,Medium,Low,Monolithic,Single Server Deployment,REST API
20483,High,19,Daily,10,Medium,High,Microservices,Microservices with Docker,REST API + gRPC
30066,High,27,Weekly,9,High,High,Microservices,Microservices with Docker,REST API + gRPC
13015,Low,11,Weekly,7,High,Medium,Containerized App,Docker Container Deployment,REST API
24343,High,21,Daily,12,High,High,Microservices,Microservices with Docker,REST API + gRPC
11860,Medium,14,Weekly,7,Medium,Medium,Containerized App,Docker Container Deployment,REST API
42011,Medium,30,Weekly,13,High,High,Microservices,Microservices with Docker,REST API + gRPC
4780,Low,4,Monthly,2,Low,Low,Monolithic,Single Server Deployment,REST API
81971,High,27,Daily,20,High,High,Kubernetes Deployment,Kubernetes Orchestration Deployment,REST API + gRPC/Event-Driven
708,Low,2,Monthly,1,Medium,Low,Monolithic,Single Server Deployment,REST API
8058,Medium,9,Weekly,5,Medium,Medium,Containerized App,Docker Container Deployment,REST API
2227,Low,4,Monthly,1,Medium,Low,Monolithic,Single Server Deployment,REST API
146665,High,21,Daily,13,High,High,Kubernetes Deployment,Kubernetes Orchestration Deployment,REST API + gRPC/Event-Driven
192965,High,30,Daily,25,High,High,Kubernetes Deployment,Kubernetes Orchestration Deployment,REST API + gRPC/Event-Driven
44918,High,22,Daily,9,High,High,Microservices,Microservices with Docker,REST API + gRPC
19722,Low,14,Monthly,6,High,Low,Containerized App,Docker Container Deployment,REST API
13006,Medium,15,Monthly,8,High,Low,Containerized App,Docker Container Deployment,REST API
24346,Medium,26,Weekly,14,High,Medium,Microservices,Microservices with Docker,REST API + gRPC
12142,Medium,12,Weekly,5,Medium,Low,Containerized App,Docker Container Deployment,REST API
40054,High,26,Weekly,10,High,High,Microservices,Microservices with Docker,REST API + gRPC
788,Low,4,Monthly,1,Low,Low,Monolithic,Single Server Deployment,REST API
99582,High,31,Daily,13,High,High,Kubernetes Deployment,Kubernetes Orchestration Deployment,REST API + gRPC/Event-Driven
3173,Low,4,Monthly,3,Low,Low,Monolithic,Single Server Deployment,REST API
20168,Medium,19,Daily,15,High,High,Microservices,Microservices with Docker,REST API + gRPC
140450,High,40,Daily,16,High,High,Kubernetes Deployment,Kubernetes Orchestration Deployment,REST API + gRPC/Event-Driven
1155,Low,2,Monthly,2,Low,Low,Monolithic,Single Server Deployment,REST API
105,Low,4,Monthly,3,Low,Low,Monolithic,Single Server Deployment,REST API
32721,Medium,24,Daily,11,Medium,High,Microservices,Microservices with Docker,REST API + gRPC
11966,Low,10,Weekly,6,Medium,Low,Containerized App,Docker Container Deployment,REST API
4008,Low,4,Monthly,1,Medium,Low,Monolithic,Single Server Deployment,REST API
334,Low,2,Monthly,3,Medium,Low,Monolithic,Single Server Deployment,REST API
153708,High,46,Daily,25,High,High,Kubernetes Deployment,Kubernetes Orchestration Deployment,REST API + gRPC/Event-Driven
51762,High,29,Daily,18,High,High,Kubernetes Deployment,Kubernetes Orchestration Deployment,REST API + gRPC/Event-Driven
18761,Low,10,Weekly,5,Medium,Low,Containerized App,Docker Container Deployment,REST API
10841,Low,7,Weekly,6,High,Low,Containerized App,Docker Container Deployment,REST API
19340,Medium,6,Weekly,5,Medium,Medium,Containerized App,Docker Container Deployment,REST API
38332,High,17,Daily,10,Medium,High,Microservices,Microservices with Docker,REST API + gRPC
46212,High,27,Weekly,11,High,High,Microservices,Microservices with Docker,REST API + gRPC
35853,High,23,Daily,14,Medium,Medium,Microservices,Microservices with Docker,REST API + gRPC
1315,Low,4,Monthly,2,Medium,Low,Monolithic,Single Server Deployment,REST API
82715,High,45,Daily,15,High,High,Kubernetes Deployment,Kubernetes Orchestration Deployment,REST API + gRPC/Event-Driven
1151,Low,3,Monthly,1,Medium,Low,Monolithic,Single Server Deployment,REST API
35064,Medium,19,Daily,15,High,High,Microservices,Microservices with Docker,REST API + gRPC
42512,Medium,27,Weekly,14,High,Medium,Microservices,Microservices with Docker,REST API + gRPC
746,Low,5,Monthly,3,Low,Low,Monolithic,Single Server Deployment,REST API
3976,Low,2,Monthly,1,Medium,Low,Monolithic,Single Server Deployment,REST API
13129,Medium,12,Monthly,8,High,Low,Containerized App,Docker Container Deployment,REST API
6641,Medium,14,Weekly,3,Medium,Low,Containerized App,Docker Container Deployment,REST API
193786,High,25,Daily,10,High,High,Kubernetes Deployment,Kubernetes Orchestration Deployment,REST API + gRPC/Event-Driven
23589,Medium,21,Daily,13,High,Medium,Microservices,Microservices with Docker,REST API + gRPC
2239,Low,3,Monthly,3,Medium,Low,Monolithic,Single Server Deployment,REST API
44945,High,16,Weekly,14,Medium,High,Microservices,Microservices with Docker,REST API + gRPC
43886,Medium,20,Daily,11,High,High,Microservices,Microservices with Docker,REST API + gRPC
2756,Low,2,Monthly,3,Low,Low,Monolithic,Single Server Deployment,REST API
143047,High,46,Daily,14,High,High,Kubernetes Deployment,Kubernetes Orchestration Deployment,REST API + gRPC/Event-Driven
13293,Medium,11,Monthly,6,Medium,Low,Containerized App,Docker Container Deployment,REST API
4332,Low,3,Monthly,1,Low,Low,Monolithic,Single Server Deployment,REST API
29444,High,16,Daily,10,Medium,Medium,Microservices,Microservices with Docker,REST API + gRPC
2810,Low,5,Monthly,2,Low,Low,Monolithic,Single Server Deployment,REST API
141382,High,29,Daily,20,High,High,Kubernetes Deployment,Kubernetes Orchestration Deployment,REST API + gRPC/Event-Driven
77573,High,38,Daily,20,High,High,Kubernetes Deployment,Kubernetes Orchestration Deployment,REST API + gRPC/Event-Driven
4869,Low,3,Monthly,1,Medium,Low,Monolithic,Single Server Deployment,REST API
150321,High,25,Daily,19,High,High,Kubernetes Deployment,Kubernetes Orchestration Deployment,REST API + gRPC/Event-Driven
8315,Low,13,Weekly,4,High,Medium,Containerized App,Docker Container Deployment,REST API
33047,High,18,Weekly,13,High,Medium,Microservices,Microservices with Docker,REST API + gRPC
44902,High,29,Daily,14,Medium,Medium,Microservices,Microservices with Docker,REST API + gRPC
33904,High,17,Weekly,13,High,High,Microservices,Microservices with Docker,REST API + gRPC
40911,Medium,23,Weekly,12,High,Medium,Microservices,Microservices with Docker,REST API + gRPC
3689,Low,3,Monthly,3,Low,Low,Monolithic,Single Server Deployment,REST API
8663,Low,10,Weekly,8,Medium,Medium,Containerized App,Docker Container Deployment,REST API
126308,High,44,Daily,10,High,High,Kubernetes Deployment,Kubernetes Orchestration Deployment,REST API + gRPC/Event-Driven
37844,Medium,24,Daily,13,Medium,High,Microservices,Microservices with Docker,REST API + gRPC
1170,Low,3,Monthly,2,Medium,Low,Monolithic,Single Server Deployment,REST API
18640,Low,11,Monthly,3,High,Low,Containerized App,Docker Container Deployment,REST API
8188,Low,7,Monthly,8,Medium,Low,Containerized App,Docker Container Deployment,REST API
4179,Low,4,Monthly,3,Medium,Low,Monolithic,Single Server Deployment,REST API
1107,Low,3,Monthly,2,Medium,Low,Monolithic,Single Server Deployment,REST API
69126,High,39,Daily,18,High,High,Kubernetes Deployment,Kubernetes Orchestration Deployment,REST API + gRPC/Event-Driven
2270,Low,2,Monthly,1,Low,Low,Monolithic,Single Server Deployment,REST API
18359,Low,14,Weekly,5,High,Low,Containerized App,Docker Container Deployment,REST API
2541,Low,4,Monthly,1,Low,Low,Monolithic,Single Server Deployment,REST API
1211,Low,5,Monthly,1,Low,Low,Monolithic,Single Server Deployment,REST API
1769,Low,4,Monthly,3,Medium,Low,Monolithic,Single Server Deployment,REST API
7538,Low,8,Weekly,7,High,Low,Containerized App,Docker Container Deployment,REST API
34884,Medium,29,Weekly,15,Medium,Medium,Microservices,Microservices with Docker,REST API + gRPC
8695,Medium,12,Weekly,8,High,Medium,Containerized App,Docker Container Deployment,REST API
28461,Medium,29,Weekly,14,High,High,Microservices,Microservices with Docker,REST API + gRPC
20466,High,25,Weekly,10,High,High,Microservices,Microservices with Docker,REST API + gRPC
49187,High,18,Weekly,14,Medium,High,Microservices,Microservices with Docker,REST API + gRPC
49788,Medium,19,Weekly,13,Medium,High,Microservices,Microservices with Docker,REST API + gRPC
47552,High,24,Daily,9,Medium,Medium,Microservices,Microservices with Docker,REST API + gRPC
18139,Low,13,Weekly,5,High,Medium,Containerized App,Docker Container Deployment,REST API
2892,Low,4,Monthly,1,Low,Low,Monolithic,Single Server Deployment,REST API
56223,High,37,Daily,12,High,High,Kubernetes Deployment,Kubernetes Orchestration Deployment,REST API + gRPC/Event-Driven
5063,Medium,9,Monthly,3,Medium,Medium,Containerized App,Docker Container Deployment,REST API
3774,Low,5,Monthly,2,Low,Low,Monolithic,Single Server Deployment,REST API
183545,High,45,Daily,10,High,High,Kubernetes Deployment,Kubernetes Orchestration Deployment,REST API + gRPC/Event-Driven
4281,Low,5,Monthly,1,Medium,Low,Monolithic,Single Server Deployment,REST API
113266,High,34,Daily,25,High,High,Kubernetes Deployment,Kubernetes Orchestration Deployment,REST API + gRPC/Event-Driven
4075,Low,5,Monthly,3,Medium,Low,Monolithic,Single Server Deployment,REST API
4609,Low,2,Monthly,2,Medium,Low,Monolithic,Single Server Deployment,REST API
165448,High,20,Daily,19,High,High,Kubernetes Deployment,Kubernetes Orchestration Deployment,REST API + gRPC/Event-Driven
68373,High,29,Daily,14,High,High,Kubernetes Deployment,Kubernetes Orchestration Deployment,REST API + gRPC/Event-Driven
3383,Low,5,Monthly,1,Low,Low,Monolithic,Single Server Deployment,REST API
138136,High,48,Daily,21,High,High,Kubernetes Deployment,Kubernetes Orchestration Deployment,REST API + gRPC/Event-Driven
11018,Medium,10,Monthly,3,Medium,Low,Containerized App,Docker Container Deployment,REST API
46926,Medium,30,Daily,13,High,Medium,Microservices,Microservices with Docker,REST API + gRPC
26080,Medium,23,Weekly,9,High,High,Microservices,Microservices with Docker,REST API + gRPC
197362,High,31,Daily,14,High,High,Kubernetes Deployment,Kubernetes Orchestration Deployment,REST API + gRPC/Event-Driven
20448,Medium,30,Weekly,12,High,Medium,Microservices,Microservices with Docker,REST API + gRPC
1032,Low,5,Monthly,2,Medium,Low,Monolithic,Single Server Deployment,REST API
115006,High,40,Daily,13,High,High,Kubernetes Deployment,Kubernetes Orchestration Deployment,REST API + gRPC/Event-Driven
14374,Medium,13,Weekly,4,High,Medium,Containerized App,Docker Container Deployment,REST API
147851,High,32,Daily,15,High,High,Kubernetes Deployment,Kubernetes Orchestration Deployment,REST API + gRPC/Event-Driven
1360,Low,2,Monthly,1,Medium,Low,Monolithic,Single Server Deployment,REST API
12757,Medium,14,Weekly,3,Medium,Medium,Containerized App,Docker Container Deployment,REST API
4518,Low,4,Monthly,3,Medium,Low,Monolithic,Single Server Deployment,REST API
1817,Low,5,Monthly,2,Low,Low,Monolithic,Single Server Deployment,REST API
31593,Medium,21,Daily,13,Medium,High,Microservices,Microservices with Docker,REST API + gRPC
17692,Low,15,Monthly,7,High,Low,Containerized App,Docker Container Deployment,REST API
5261,Low,9,Weekly,7,High,Low,Containerized App,Docker Container Deployment,REST API
35969,Medium,23,Daily,11,Medium,High,Microservices,Microservices with Docker,REST API + gRPC
38389,High,21,Daily,9,Medium,Medium,Microservices,Microservices with Docker,REST API + gRPC
3946,Low,4,Monthly,1,Medium,Low,Monolithic,Single Server Deployment,REST API
19843,Medium,13,Weekly,6,Medium,Medium,Containerized App,Docker Container Deployment,REST API
80558,High,47,Daily,12,High,High,Kubernetes Deployment,Kubernetes Orchestration Deployment,REST API + gRPC/Event-Driven
136693,High,29,Daily,22,High,High,Kubernetes Deployment,Kubernetes Orchestration Deployment,REST API + gRPC/Event-Driven
40620,High,24,Weekly,11,High,High,Microservices,Microservices with Docker,REST API + gRPC
10136,Low,7,Weekly,8,High,Medium,Containerized App,Docker Container Deployment,REST API
29201,Medium,18,Daily,15,Medium,High,Microservices,Microservices with Docker,REST API + gRPC
79109,High,23,Daily,11,High,High,Kubernetes Deployment,Kubernetes Orchestration Deployment,REST API + gRPC/Event-Driven
620,Low,5,Monthly,2,Low,Low,Monolithic,Single Server Deployment,REST API
133029,High,37,Daily,14,High,High,Kubernetes Deployment,Kubernetes Orchestration Deployment,REST API + gRPC/Event-Driven
17195,Low,11,Weekly,8,Medium,Medium,Containerized App,Docker Container Deployment,REST API
18736,Medium,12,Weekly,4,Medium,Medium,Containerized App,Docker Container Deployment,REST API
3340,Low,2,Monthly,3,Low,Low,Monolithic,Single Server Deployment,REST API
31619,Medium,19,Weekly,13,High,High,Microservices,Microservices with Docker,REST API + gRPC
28633,Medium,22,Daily,13,High,High,Microservices,Microservices with Docker,REST API + gRPC
177322,High,26,Daily,25,High,High,Kubernetes Deployment,Kubernetes Orchestration Deployment,REST API + gRPC/Event-Driven
56408,High,22,Daily,11,High,High,Kubernetes Deployment,Kubernetes Orchestration Deployment,REST API + gRPC/Event-Driven
114683,High,35,Daily,16,High,High,Kubernetes Deployment,Kubernetes Orchestration Deployment,REST API + gRPC/Event-Driven
119363,High,38,Daily,23,High,High,Kubernetes Deployment,Kubernetes Orchestration Deployment,REST API + gRPC/Event-Driven
10969,Medium,6,Weekly,5,High,Medium,Containerized App,Docker Container Deployment,REST API
20970,Medium,27,Daily,13,Medium,Medium,Microservices,Microservices with Docker,REST API + gRPC
12296,Medium,15,Monthly,5,High,Low,Containerized App,Docker Container Deployment,REST API
9295,Low,12,Weekly,5,Medium,Low,Containerized App,Docker Container Deployment,REST API
42712,Medium,18,Daily,14,High,High,Microservices,Microservices with Docker,REST API + gRPC
167228,High,47,Daily,21,High,High,Kubernetes Deployment,Kubernetes Orchestration Deployment,REST API + gRPC/Event-Driven
6095,Low,15,Weekly,3,Medium,Low,Containerized App,Docker Container Deployment,REST API
2309,Low,3,Monthly,2,Low,Low,Monolithic,Single Server Deployment,REST API
106892,High,49,Daily,17,High,High,Kubernetes Deployment,Kubernetes Orchestration Deployment,REST API + gRPC/Event-Driven
9272,Low,10,Weekly,8,Medium,Medium,Containerized App,Docker Container Deployment,REST API
14258,Medium,15,Monthly,6,High,Low,Containerized App,Docker Container Deployment,REST API
190881,High,42,Daily,10,High,High,Kubernetes Deployment,Kubernetes Orchestration Deployment,REST API + gRPC/Event-Driven
38377,Medium,25,Daily,9,High,High,Microservices,Microservices with Docker,REST API + gRPC
98084,High,33,Daily,11,High,High,Kubernetes Deployment,Kubernetes Orchestration Deployment,REST API + gRPC/Event-Driven
1568,Low,2,Monthly,1,Low,Low,Monolithic,Single Server Deployment,REST API
105723,High,46,Daily,15,High,High,Kubernetes Deployment,Kubernetes Orchestration Deployment,REST API + gRPC/Event-Driven
10462,Low,13,Monthly,4,Medium,Low,Containerized App,Docker Container Deployment,REST API
2412,Low,4,Monthly,3,Low,Low,Monolithic,Single Server Deployment,REST API
22671,High,28,Daily,9,High,Medium,Microservices,Microservices with Docker,REST API + gRPC
36603,Medium,28,Daily,13,Medium,High,Microservices,Microservices with Docker,REST API + gRPC
19038,Medium,7,Weekly,4,Medium,Low,Containerized App,Docker Container Deployment,REST API
15385,Low,12,Weekly,4,High,Medium,Containerized App,Docker Container Deployment,REST API
24220,Medium,19,Weekly,13,Medium,Medium,Microservices,Microservices with Docker,REST API + gRPC
24286,Medium,26,Daily,12,High,High,Microservices,Microservices with Docker,REST API + gRPC
9408,Low,12,Weekly,3,Medium,Medium,Containerized App,Docker Container Deployment,REST API
37003,Medium,22,Daily,15,Medium,Medium,Microservices,Microservices with Docker,REST API + gRPC
185531,High,30,Daily,18,High,High,Kubernetes Deployment,Kubernetes Orchestration Deployment,REST API + gRPC/Event-Driven
10014,Medium,12,Monthly,5,High,Low,Containerized App,Docker Container Deployment,REST API
21758,High,27,Daily,14,High,Medium,Microservices,Microservices with Docker,REST API + gRPC
24293,Medium,20,Daily,15,High,Medium,Microservices,Microservices with Docker,REST API + gRPC
16181,Medium,14,Weekly,6,High,Medium,Containerized App,Docker Container Deployment,REST API
39270,High,22,Daily,12,Medium,High,Microservices,Microservices with Docker,REST API + gRPC
1656,Low,2,Monthly,3,Medium,Low,Monolithic,Single Server Deployment,REST API
29692,High,20,Daily,15,High,Medium,Microservices,Microservices with Docker,REST API + gRPC
102998,High,38,Daily,11,High,High,Kubernetes Deployment,Kubernetes Orchestration Deployment,REST API + gRPC/Event-Driven
15916,Medium,10,Weekly,6,High,Low,Containerized App,Docker Container Deployment,REST API
7201,Low,10,Weekly,8,High,Medium,Containerized App,Docker Container Deployment,REST API
115911,High,26,Daily,22,High,High,Kubernetes Deployment,Kubernetes Orchestration Deployment,REST API + gRPC/Event-Driven
21366,Medium,20,Weekly,14,High,High,Microservices,Microservices with Docker,REST API + gRPC
74258,High,34,Daily,21,High,High,Kubernetes Deployment,Kubernetes Orchestration Deployment,REST API + gRPC/Event-Driven
27697,High,24,Daily,9,High,High,Microservices,Microservices with Docker,REST API + gRPC
30329,Medium,30,Weekly,14,High,High,Microservices,Microservices with Docker,REST API + gRPC
28524,Medium,18,Daily,13,High,Medium,Microservices,Microservices with Docker,REST API + gRPC
65250,High,26,Daily,18,High,High,Kubernetes Deployment,Kubernetes Orchestration Deployment,REST API + gRPC/Event-Driven
184076,High,28,Daily,21,High,High,Kubernetes Deployment,Kubernetes Orchestration Deployment,REST API + gRPC/Event-Driven
3064,Low,2,Monthly,2,Low,Low,Monolithic,Single Server Deployment,REST API
20714,Medium,17,Daily,15,High,High,Microservices,Microservices with Docker,REST API + gRPC
95519,High,48,Daily,18,High,High,Kubernetes Deployment,Kubernetes Orchestration Deployment,REST API + gRPC/Event-Driven
18847,Low,13,Weekly,8,Medium,Low,Containerized App,Docker Container Deployment,REST API
111793,High,31,Daily,25,High,High,Kubernetes Deployment,Kubernetes Orchestration Deployment,REST API + gRPC/Event-Driven
37523,Medium,18,Daily,15,Medium,Medium,Microservices,Microservices with Docker,REST API + gRPC
185062,High,47,Daily,14,High,High,Kubernetes Deployment,Kubernetes Orchestration Deployment,REST API + gRPC/Event-Driven
37046,Medium,24,Daily,14,High,Medium,Microservices,Microservices with Docker,REST API + gRPC
14418,Medium,7,Monthly,7,Medium,Low,Containerized App,Docker Container Deployment,REST API
3620,Low,3,Monthly,1,Medium,Low,Monolithic,Single Server Deployment,REST API
32363,Medium,27,Weekly,12,High,High,Microservices,Microservices with Docker,REST API + gRPC
28049,High,28,Weekly,13,Medium,Medium,Microservices,Microservices with Docker,REST API + gRPC
37381,Medium,27,Weekly,9,Medium,Medium,Microservices,Microservices with Docker,REST API + gRPC
9336,Low,8,Weekly,3,Medium,Medium,Containerized App,Docker Container Deployment,REST API
12243,Low,14,Monthly,6,High,Medium,Containerized App,Docker Container Deployment,REST API
37150,High,23,Daily,15,Medium,High,Microservices,Microservices with Docker,REST API + gRPC
52399,High,49,Daily,18,High,High,Kubernetes Deployment,Kubernetes Orchestration Deployment,REST API + gRPC/Event-Driven
41689,High,18,Daily,15,Medium,High,Microservices,Microservices with Docker,REST API + gRPC
16386,Medium,9,Weekly,5,Medium,Low,Containerized App,Docker Container Deployment,REST API
3156,Low,2,Monthly,2,Low,Low,Monolithic,Single Server Deployment,REST API
10706,Low,10,Weekly,5,High,Low,Containerized App,Docker Container Deployment,REST API
57528,High,30,Daily,20,High,High,Kubernetes Deployment,Kubernetes Orchestration Deployment,REST API + gRPC/Event-Driven
40308,Medium,18,Daily,14,Medium,Medium,Microservices,Microservices with Docker,REST API + gRPC
3666,Low,3,Monthly,3,Low,Low,Monolithic,Single Server Deployment,REST API
33467,High,26,Weekly,12,Medium,High,Microservices,Microservices with Docker,REST API + gRPC
32953,Medium,19,Weekly,10,High,High,Microservices,Microservices with Docker,REST API + gRPC
34179,High,21,Daily,10,High,High,Microservices,Microservices with Docker,REST API + gRPC
10018,Low,15,Weekly,3,Medium,Low,Containerized App,Docker Container Deployment,REST API
138457,High,33,Daily,18,High,High,Kubernetes Deployment,Kubernetes Orchestration Deployment,REST API + gRPC/Event-Driven
105146,High,36,Daily,23,High,High,Kubernetes Deployment,Kubernetes Orchestration Deployment,REST API + gRPC/Event-Driven
34069,High,23,Weekly,10,Medium,Medium,Microservices,Microservices with Docker,REST API + gRPC
25925,Medium,22,Daily,9,Medium,Medium,Microservices,Microservices with Docker,REST API + gRPC
35696,High,22,Weekly,11,High,Medium,Microservices,Microservices with Docker,REST API + gRPC
106788,High,34,Daily,25,High,High,Kubernetes Deployment,Kubernetes Orchestration Deployment,REST API + gRPC/Event-Driven
29897,High,18,Weekly,9,Medium,Medium,Microservices,Microservices with Docker,REST API + gRPC
62436,High,46,Daily,17,High,High,Kubernetes Deployment,Kubernetes Orchestration Deployment,REST API + gRPC/Event-Driven
14017,Low,11,Weekly,4,Medium,Medium,Containerized App,Docker Container Deployment,REST API
16029,Low,6,Monthly,3,Medium,Low,Containerized App,Docker Container Deployment,REST API
141455,High,31,Daily,17,High,High,Kubernetes Deployment,Kubernetes Orchestration Deployment,REST API + gRPC/Event-Driven
198809,High,40,Daily,18,High,High,Kubernetes Deployment,Kubernetes Orchestration Deployment,REST API + gRPC/Event-Driven
43828,Medium,24,Weekly,9,High,High,Microservices,Microservices with Docker,REST API + gRPC
154371,High,47,Daily,11,High,High,Kubernetes Deployment,Kubernetes Orchestration Deployment,REST API + gRPC/Event-Driven
19017,Medium,7,Monthly,6,Medium,Low,Containerized App,Docker Container Deployment,REST API
15033,Low,12,Weekly,8,High,Medium,Containerized App,Docker Container Deployment,REST API
20607,High,23,Daily,13,Medium,High,Microservices,Microservices with Docker,REST API + gRPC
1884,Low,3,Monthly,3,Low,Low,Monolithic,Single Server Deployment,REST API
7267,Medium,13,Monthly,5,Medium,Medium,Containerized App,Docker Container Deployment,REST API
110883,High,31,Daily,24,High,High,Kubernetes Deployment,Kubernetes Orchestration Deployment,REST API + gRPC/Event-Driven
3359,Low,3,Monthly,3,Low,Low,Monolithic,Single Server Deployment,REST API
18074,Low,15,Monthly,5,Medium,Medium,Containerized App,Docker Container Deployment,REST API
76847,High,42,Daily,12,High,High,Kubernetes Deployment,Kubernetes Orchestration Deployment,REST API + gRPC/Event-Driven
98653,High,29,Daily,15,High,High,Kubernetes Deployment,Kubernetes Orchestration Deployment,REST API + gRPC/Event-Driven
174445,High,27,Daily,24,High,High,Kubernetes Deployment,Kubernetes Orchestration Deployment,REST API + gRPC/Event-Driven
106909,High,47,Daily,15,High,High,Kubernetes Deployment,Kubernetes Orchestration Deployment,REST API + gRPC/Event-Driven
266,Low,3,Monthly,1,Low,Low,Monolithic,Single Server Deployment,REST API
169,Low,3,Monthly,2,Medium,Low,Monolithic,Single Server Deployment,REST API
4340,Low,3,Monthly,2,Low,Low,Monolithic,Single Server Deployment,REST API
34643,High,22,Weekly,11,Medium,Medium,Microservices,Microservices with Docker,REST API + gRPC
44894,High,29,Weekly,9,High,High,Microservices,Microservices with Docker,REST API + gRPC
128806,High,46,Daily,25,High,High,Kubernetes Deployment,Kubernetes Orchestration Deployment,REST API + gRPC/Event-Driven
38257,High,24,Daily,13,High,Medium,Microservices,Microservices with Docker,REST API + gRPC
200,Low,5,Monthly,2,Medium,Low,Monolithic,Single Server Deployment,REST API
7407,Low,9,Monthly,8,Medium,Low,Containerized App,Docker Container Deployment,REST API
2347,Low,2,Monthly,1,Medium,Low,Monolithic,Single Server Deployment,REST API
81256,High,28,Daily,21,High,High,Kubernetes Deployment,Kubernetes Orchestration Deployment,REST API + gRPC/Event-Driven
17162,Medium,8,Weekly,7,Medium,Medium,Containerized App,Docker Container Deployment,REST API
30154,Medium,17,Weekly,11,Medium,Medium,Microservices,Microservices with Docker,REST API + gRPC
11059,Low,6,Weekly,8,High,Low,Containerized App,Docker Container Deployment,REST API
893,Low,2,Monthly,2,Medium,Low,Monolithic,Single Server Deployment,REST API
1727,Low,3,Monthly,2,Low,Low,Monolithic,Single Server Deployment,REST API
23042,Medium,21,Daily,15,Medium,Medium,Microservices,Microservices with Docker,REST API + gRPC
38547,High,27,Weekly,14,Medium,High,Microservices,Microservices with Docker,REST API + gRPC
2307,Low,2,Monthly,1,Medium,Low,Monolithic,Single Server Deployment,REST API
3612,Low,5,Monthly,2,Medium,Low,Monolithic,Single Server Deployment,REST API
2396,Low,5,Monthly,3,Low,Low,Monolithic,Single Server Deployment,REST API
151515,High,32,Daily,18,High,High,Kubernetes Deployment,Kubernetes Orchestration Deployment,REST API + gRPC/Event-Driven
11467,Medium,15,Weekly,7,High,Low,Containerized App,Docker Container Deployment,REST API
38120,Medium,28,Weekly,9,Medium,High,Microservices,Microservices with Docker,REST API + gRPC
2100,Low,3,Monthly,1,Medium,Low,Monolithic,Single Server Deployment,REST API
43207,High,26,Daily,14,Medium,Medium,Microservices,Microservices with Docker,REST API + gRPC
6370,Medium,14,Monthly,8,Medium,Low,Containerized App,Docker Container Deployment,REST API
2431,Low,4,Monthly,2,Medium,Low,Monolithic,Single Server Deployment,REST API
45652,Medium,23,Weekly,12,High,Medium,Microservices,Microservices with Docker,REST API + gRPC
83561,High,26,Daily,12,High,High,Kubernetes Deployment,Kubernetes Orchestration Deployment,REST API + gRPC/Event-Driven
63816,High,25,Daily,25,High,High,Kubernetes Deployment,Kubernetes Orchestration Deployment,REST API + gRPC/Event-Driven
359,Low,4,Monthly,1,Low,Low,Monolithic,Single Server Deployment,REST API
38145,Medium,30,Daily,12,High,Medium,Microservices,Microservices with Docker,REST API + gRPC
13721,Low,12,Weekly,6,Medium,Low,Containerized App,Docker Container Deployment,REST API
6524,Medium,10,Monthly,4,Medium,Low,Containerized App,Docker Container Deployment,REST API
24572,Medium,24,Weekly,14,High,Medium,Microservices,Microservices with Docker,REST API + gRPC
98161,High,44,Daily,12,High,High,Kubernetes Deployment,Kubernetes Orchestration Deployment,REST API + gRPC/Event-Driven
4903,Low,3,Monthly,1,Medium,Low,Monolithic,Single Server Deployment,REST API
16775,Medium,12,Weekly,3,High,Low,Containerized App,Docker Container Deployment,REST API
1039,Low,4,Monthly,2,Low,Low,Monolithic,Single Server Deployment,REST API
12827,Low,15,Monthly,4,High,Medium,Containerized App,Docker Container Deployment,REST API
6375,Medium,11,Weekly,3,High,Medium,Containerized App,Docker Container Deployment,REST API
4665,Low,4,Monthly,1,Medium,Low,Monolithic,Single Server Deployment,REST API
6220,Low,9,Monthly,5,High,Low,Containerized App,Docker Container Deployment,REST API
49996,Medium,23,Weekly,12,High,High,Microservices,Microservices with Docker,REST API + gRPC
13783,Low,15,Weekly,7,High,Medium,Containerized App,Docker Container Deployment,REST API
14220,Low,12,Monthly,4,Medium,Low,Containerized App,Docker Container Deployment,REST API
12400,Low,13,Weekly,4,Medium,Low,Containerized App,Docker Container Deployment,REST API
2691,Low,5,Monthly,1,Low,Low,Monolithic,Single Server Deployment,REST API
167516,High,26,Daily,21,High,High,Kubernetes Deployment,Kubernetes Orchestration Deployment,REST API + gRPC/Event-Driven
44567,Medium,22,Daily,13,High,Medium,Microservices,Microservices with Docker,REST API + gRPC
39358,High,20,Daily,13,High,Medium,Microservices,Microservices with Docker,REST API + gRPC
38403,Medium,17,Daily,10,Medium,High,Microservices,Microservices with Docker,REST API + gRPC
193071,High,34,Daily,16,High,High,Kubernetes Deployment,Kubernetes Orchestration Deployment,REST API + gRPC/Event-Driven
8717,Low,14,Monthly,3,High,Medium,Containerized App,Docker Container Deployment,REST API
28491,Medium,27,Weekly,11,Medium,Medium,Microservices,Microservices with Docker,REST API + gRPC
29693,Medium,24,Weekly,14,Medium,High,Microservices,Microservices with Docker,REST API + gRPC
15401,Low,10,Monthly,3,Medium,Medium,Containerized App,Docker Container Deployment,REST API
16442,Low,8,Weekly,8,Medium,Low,Containerized App,Docker Container Deployment,REST API
34852,Medium,20,Daily,13,Medium,Medium,Microservices,Microservices with Docker,REST API + gRPC
40691,High,23,Weekly,14,Medium,Medium,Microservices,Microservices with Docker,REST API + gRPC
2813,Low,2,Monthly,3,Low,Low,Monolithic,Single Server Deployment,REST API
76858,High,42,Daily,16,High,High,Kubernetes Deployment,Kubernetes Orchestration Deployment,REST API + gRPC/Event-Driven
28000,Medium,18,Weekly,9,Medium,High,Microservices,Microservices with Docker,REST API + gRPC
43298,High,17,Weekly,11,Medium,Medium,Microservices,Microservices with Docker,REST API + gRPC
36328,Medium,25,Daily,14,Medium,High,Microservices,Microservices with Docker,REST API + gRPC
28081,High,25,Weekly,11,High,High,Microservices,Microservices with Docker,REST API + gRPC
3378,Low,4,Monthly,2,Medium,Low,Monolithic,Single Server Deployment,REST API
185133,High,21,Daily,24,High,High,Kubernetes Deployment,Kubernetes Orchestration Deployment,REST API + gRPC/Event-Driven
57601,High,43,Daily,22,High,High,Kubernetes Deployment,Kubernetes Orchestration Deployment,REST API + gRPC/Event-Driven
45541,High,18,Daily,9,High,High,Microservices,Microservices with Docker,REST API + gRPC
5919,Medium,6,Weekly,3,High,Low,Containerized App,Docker Container Deployment,REST API
114963,High,27,Daily,23,High,High,Kubernetes Deployment,Kubernetes Orchestration Deployment,REST API + gRPC/Event-Driven
35721,Medium,28,Daily,13,Medium,Medium,Microservices,Microservices with Docker,REST API + gRPC
43952,Medium,26,Daily,11,Medium,Medium,Microservices,Microservices with Docker,REST API + gRPC
14603,Medium,12,Monthly,3,High,Low,Containerized App,Docker Container Deployment,REST API
168,Low,2,Monthly,2,Medium,Low,Monolithic,Single Server Deployment,REST API
92155,High,31,Daily,15,High,High,Kubernetes Deployment,Kubernetes Orchestration Deployment,REST API + gRPC/Event-Driven
107688,High,44,Daily,10,High,High,Kubernetes Deployment,Kubernetes Orchestration Deployment,REST API + gRPC/Event-Driven
18932,Low,13,Weekly,8,Medium,Low,Containerized App,Docker Container Deployment,REST API
2482,Low,5,Monthly,3,Medium,Low,Monolithic,Single Server Deployment,REST API
194529,High,25,Daily,16,High,High,Kubernetes Deployment,Kubernetes Orchestration Deployment,REST API + gRPC/Event-Driven
755,Low,3,Monthly,3,Medium,Low,Monolithic,Single Server Deployment,REST API
13770,Medium,15,Weekly,8,Medium,Low,Containerized App,Docker Container Deployment,REST API
127020,High,25,Daily,19,High,High,Kubernetes Deployment,Kubernetes Orchestration Deployment,REST API + gRPC/Event-Driven
65059,High,24,Daily,24,High,High,Kubernetes Deployment,Kubernetes Orchestration Deployment,REST API + gRPC/Event-Driven
4788,Low,3,Monthly,1,Low,Low,Monolithic,Single Server Deployment,REST API
37615,Medium,25,Daily,15,High,Medium,Microservices,Microservices with Docker,REST API + gRPC
27945,High,22,Weekly,13,Medium,Medium,Microservices,Microservices with Docker,REST API + gRPC
9054,Medium,9,Monthly,6,Medium,Low,Containerized App,Docker Container Deployment,REST API
16426,Medium,12,Weekly,6,High,Medium,Containerized App,Docker Container Deployment,REST API
156429,High,46,Daily,24,High,High,Kubernetes Deployment,Kubernetes Orchestration Deployment,REST API + gRPC/Event-Driven
151715,High,28,Daily,23,High,High,Kubernetes Deployment,Kubernetes Orchestration Deployment,REST API + gRPC/Event-Driven
2175,Low,2,Monthly,3,Low,Low,Monolithic,Single Server Deployment,REST API
38026,Medium,20,Daily,12,High,Medium,Microservices,Microservices with Docker,REST API + gRPC
13040,Medium,14,Weekly,8,High,Medium,Containerized App,Docker Container Deployment,REST API
155180,High,30,Daily,12,High,High,Kubernetes Deployment,Kubernetes Orchestration Deployment,REST API + gRPC/Event-Driven
2071,Low,3,Monthly,1,Low,Low,Monolithic,Single Server Deployment,REST API
11035,Low,10,Monthly,7,Medium,Low,Containerized App,Docker Container Deployment,REST API
3730,Low,3,Monthly,1,Low,Low,Monolithic,Single Server Deployment,REST API
1452,Low,5,Monthly,1,Low,Low,Monolithic,Single Server Deployment,REST API
3665,Low,3,Monthly,3,Low,Low,Monolithic,Single Server Deployment,REST API
15458,Low,8,Weekly,6,Medium,Low,Containerized App,Docker Container Deployment,REST API
32054,Medium,30,Daily,11,Medium,High,Microservices,Microservices with Docker,REST API + gRPC
13271,Medium,13,Weekly,4,High,Low,Containerized App,Docker Container Deployment,REST API
3097,Low,3,Monthly,2,Medium,Low,Monolithic,Single Server Deployment,REST API
49313,High,30,Daily,12,Medium,High,Microservices,Microservices with Docker,REST API + gRPC
13987,Medium,8,Monthly,8,High,Low,Containerized App,Docker Container Deployment,REST API
726,Low,5,Monthly,2,Low,Low,Monolithic,Single Server Deployment,REST API
1310,Low,3,Monthly,1,Low,Low,Monolithic,Single Server Deployment,REST API
19617,Low,11,Monthly,7,Medium,Low,Containerized App,Docker Container Deployment,REST API
142481,High,35,Daily,24,High,High,Kubernetes Deployment,Kubernetes Orchestration Deployment,REST API + gRPC/Event-Driven
1913,Low,3,Monthly,3,Low,Low,Monolithic,Single Server Deployment,REST API
1835,Low,5,Monthly,2,Medium,Low,Monolithic,Single Server Deployment,REST API
44691,High,28,Weekly,14,High,Medium,Microservices,Microservices with Docker,REST API + gRPC
160566,High,41,Daily,25,High,High,Kubernetes Deployment,Kubernetes Orchestration Deployment,REST API + gRPC/Event-Driven
3506,Low,5,Monthly,3,Medium,Low,Monolithic,Single Server Deployment,REST API
57969,High,44,Daily,18,High,High,Kubernetes Deployment,Kubernetes Orchestration Deployment,REST API + gRPC/Event-Driven
4072,Low,3,Monthly,3,Low,Low,Monolithic,Single Server Deployment,REST API
32850,High,19,Weekly,9,High,High,Microservices,Microservices with Docker,REST API + gRPC
13034,Medium,8,Monthly,4,Medium,Low,Containerized App,Docker Container Deployment,REST API
114557,High,25,Daily,23,High,High,Kubernetes Deployment,Kubernetes Orchestration Deployment,REST API + gRPC/Event-Driven
18740,Medium,9,Weekly,5,Medium,Medium,Containerized App,Docker Container Deployment,REST API
149794,High,36,Daily,13,High,High,Kubernetes Deployment,Kubernetes Orchestration Deployment,REST API + gRPC/Event-Driven
2671,Low,2,Monthly,3,Medium,Low,Monolithic,Single Server Deployment,REST API
1567,Low,5,Monthly,3,Medium,Low,Monolithic,Single Server Deployment,REST API
35714,High,26,Weekly,14,Medium,High,Microservices,Microservices with Docker,REST API + gRPC
3322,Low,3,Monthly,1,Medium,Low,Monolithic,Single Server Deployment,REST API
22965,High,29,Daily,9,High,High,Microservices,Microservices with Docker,REST API + gRPC
37573,Medium,26,Daily,13,Medium,Medium,Microservices,Microservices with Docker,REST API + gRPC
46650,Medium,19,Weekly,15,High,Medium,Microservices,Microservices with Docker,REST API + gRPC
402,Low,4,Monthly,2,Low,Low,Monolithic,Single Server Deployment,REST API
2471,Low,4,Monthly,1,Low,Low,Monolithic,Single Server Deployment,REST API
20621,Medium,16,Weekly,15,Medium,High,Microservices,Microservices with Docker,REST API + gRPC
42081,High,23,Daily,11,High,Medium,Microservices,Microservices with Docker,REST API + gRPC
18837,Low,13,Monthly,5,High,Low,Containerized App,Docker Container Deployment,REST API
8590,Medium,12,Monthly,4,High,Low,Containerized App,Docker Container Deployment,REST API
49033,Medium,26,Daily,15,Medium,Medium,Microservices,Microservices with Docker,REST API + gRPC
21532,Medium,17,Weekly,11,Medium,High,Microservices,Microservices with Docker,REST API + gRPC
476,Low,2,Monthly,3,Medium,Low,Monolithic,Single Server Deployment,REST API
340,Low,4,Monthly,2,Medium,Low,Monolithic,Single Server Deployment,REST API
169750,High,26,Daily,14,High,High,Kubernetes Deployment,Kubernetes Orchestration Deployment,REST API + gRPC/Event-Driven
15877,Low,9,Monthly,8,Medium,Low,Containerized App,Docker Container Deployment,REST API
41672,High,25,Daily,9,Medium,High,Microservices,Microservices with Docker,REST API + gRPC
912,Low,2,Monthly,3,Low,Low,Monolithic,Single Server Deployment,REST API
1619,Low,2,Monthly,3,Medium,Low,Monolithic,Single Server Deployment,REST API
25814,Medium,28,Daily,9,Medium,High,Microservices,Microservices with Docker,REST API + gRPC
7927,Medium,12,Monthly,6,Medium,Medium,Containerized App,Docker Container Deployment,REST API
162036,High,22,Daily,25,High,High,Kubernetes Deployment,Kubernetes Orchestration Deployment,REST API + gRPC/Event-Driven
8191,Low,8,Monthly,7,Medium,Low,Containerized App,Docker Container Deployment,REST API
125452,High,45,Daily,15,High,High,Kubernetes Deployment,Kubernetes Orchestration Deployment,REST API + gRPC/Event-Driven
1739,Low,5,Monthly,2,Medium,Low,Monolithic,Single Server Deployment,REST API
49180,High,18,Daily,11,High,Medium,Microservices,Microservices with Docker,REST API + gRPC
13332,Medium,8,Weekly,5,High,Low,Containerized App,Docker Container Deployment,REST API
97299,High,44,Daily,21,High,High,Kubernetes Deployment,Kubernetes Orchestration Deployment,REST API + gRPC/Event-Driven
15443,Medium,11,Weekly,6,High,Low,Containerized App,Docker Container Deployment,REST API
22417,High,27,Daily,9,High,High,Microservices,Microservices with Docker,REST API + gRPC
11217,Medium,6,Monthly,8,Medium,Medium,Containerized App,Docker Container Deployment,REST API
4842,Low,2,Monthly,3,Low,Low,Monolithic,Single Server Deployment,REST API
13469,Low,11,Weekly,3,Medium,Low,Containerized App,Docker Container Deployment,REST API
109769,High,28,Daily,21,High,High,Kubernetes Deployment,Kubernetes Orchestration Deployment,REST API + gRPC/Event-Driven
159787,High,44,Daily,12,High,High,Kubernetes Deployment,Kubernetes Orchestration Deployment,REST API + gRPC/Event-Driven
65961,High,36,Daily,21,High,High,Kubernetes Deployment,Kubernetes Orchestration Deployment,REST API + gRPC/Event-Driven
132529,High,48,Daily,17,High,High,Kubernetes Deployment,Kubernetes Orchestration Deployment,REST API + gRPC/Event-Driven
2547,Low,3,Monthly,2,Low,Low,Monolithic,Single Server Deployment,REST API
1290,Low,5,Monthly,2,Low,Low,Monolithic,Single Server Deployment,REST API
23563,Medium,28,Daily,10,Medium,High,Microservices,Microservices with Docker,REST API + gRPC
42463,High,19,Daily,14,High,Medium,Microservices,Microservices with Docker,REST API + gRPC
24416,High,18,Daily,12,Medium,Medium,Microservices,Microservices with Docker,REST API + gRPC
36669,High,27,Weekly,10,Medium,Medium,Microservices,Microservices with Docker,REST API + gRPC
5421,Low,14,Weekly,8,Medium,Medium,Containerized App,Docker Container Deployment,REST API
76138,High,21,Daily,21,High,High,Kubernetes Deployment,Kubernetes Orchestration Deployment,REST API + gRPC/Event-Driven
15705,Medium,15,Monthly,6,High,Low,Containerized App,Docker Container Deployment,REST API
333,Low,2,Monthly,2,Medium,Low,Monolithic,Single Server Deployment,REST API
400,Low,4,Monthly,3,Medium,Low,Monolithic,Single Server Deployment,REST API
149755,High,38,Daily,21,High,High,Kubernetes Deployment,Kubernetes Orchestration Deployment,REST API + gRPC/Event-Driven
45517,High,19,Weekly,12,Medium,High,Microservices,Microservices with Docker,REST API + gRPC
59155,High,34,Daily,16,High,High,Kubernetes Deployment,Kubernetes Orchestration Deployment,REST API + gRPC/Event-Driven
1615,Low,4,Monthly,3,Medium,Low,Monolithic,Single Server Deployment,REST API
182669,High,40,Daily,19,High,High,Kubernetes Deployment,Kubernetes Orchestration Deployment,REST API + gRPC/Event-Driven
2750,Low,3,Monthly,1,Low,Low,Monolithic,Single Server Deployment,REST API
31533,High,19,Daily,11,Medium,High,Microservices,Microservices with Docker,REST API + gRPC
79801,High,37,Daily,10,High,High,Kubernetes Deployment,Kubernetes Orchestration Deployment,REST API + gRPC/Event-Driven
362,Low,2,Monthly,2,Low,Low,Monolithic,Single Server Deployment,REST API
179,Low,3,Monthly,3,Low,Low,Monolithic,Single Server Deployment,REST API
38515,Medium,18,Daily,11,Medium,Medium,Microservices,Microservices with Docker,REST API + gRPC
37290,High,29,Daily,12,Medium,High,Microservices,Microservices with Docker,REST API + gRPC
18641,Low,13,Monthly,3,Medium,Medium,Containerized App,Docker Container Deployment,REST API
2717,Low,3,Monthly,3,Low,Low,Monolithic,Single Server Deployment,REST API
19056,Medium,6,Monthly,6,Medium,Medium,Containerized App,Docker Container Deployment,REST API
24883,High,29,Daily,10,High,Medium,Microservices,Microservices with Docker,REST API + gRPC
13759,Low,6,Weekly,8,High,Medium,Containerized App,Docker Container Deployment,REST API
18152,Medium,13,Monthly,5,High,Low,Containerized App,Docker Container Deployment,REST API
15267,Medium,14,Weekly,6,Medium,Medium,Containerized App,Docker Container Deployment,REST API
4586,Low,4,Monthly,2,Low,Low,Monolithic,Single Server Deployment,REST API
199652,High,42,Daily,19,High,High,Kubernetes Deployment,Kubernetes Orchestration Deployment,REST API + gRPC/Event-Driven
4920,Low,3,Monthly,1,Low,Low,Monolithic,Single Server Deployment,REST API
23289,Medium,20,Weekly,14,Medium,High,Microservices,Microservices with Docker,REST API + gRPC
4436,Low,4,Monthly,2,Medium,Low,Monolithic,Single Server Deployment,REST API
182176,High,28,Daily,23,High,High,Kubernetes Deployment,Kubernetes Orchestration Deployment,REST API + gRPC/Event-Driven
135825,High,34,Daily,15,High,High,Kubernetes Deployment,Kubernetes Orchestration Deployment,REST API + gRPC/Event-Driven
4147,Low,2,Monthly,2,Medium,Low,Monolithic,Single Server Deployment,REST API
9088,Medium,7,Weekly,8,Medium,Medium,Containerized App,Docker Container Deployment,REST API
1076,Low,3,Monthly,2,Medium,Low,Monolithic,Single Server Deployment,REST API
4792,Low,5,Monthly,3,Low,Low,Monolithic,Single Server Deployment,REST API
15140,Medium,10,Monthly,7,High,Medium,Containerized App,Docker Container Deployment,REST API
178548,High,35,Daily,18,High,High,Kubernetes Deployment,Kubernetes Orchestration Deployment,REST API + gRPC/Event-Driven
133649,High,43,Daily,22,High,High,Kubernetes Deployment,Kubernetes Orchestration Deployment,REST API + gRPC/Event-Driven
15221,Low,10,Weekly,5,Medium,Medium,Containerized App,Docker Container Deployment,REST API
3782,Low,5,Monthly,2,Low,Low,Monolithic,Single Server Deployment,REST API
14103,Low,7,Weekly,5,High,Medium,Containerized App,Docker Container Deployment,REST API
27738,Medium,28,Weekly,15,Medium,Medium,Microservices,Microservices with Docker,REST API + gRPC
1652,Low,3,Monthly,3,Low,Low,Monolithic,Single Server Deployment,REST API
9130,Low,15,Monthly,6,High,Medium,Containerized App,Docker Container Deployment,REST API
49739,High,20,Weekly,13,High,Medium,Microservices,Microservices with Docker,REST API + gRPC
27471,Medium,23,Daily,11,Medium,High,Microservices,Microservices with Docker,REST API + gRPC
121177,High,37,Daily,21,High,High,Kubernetes Deployment,Kubernetes Orchestration Deployment,REST API + gRPC/Event-Driven
80077,High,49,Daily,10,High,High,Kubernetes Deployment,Kubernetes Orchestration Deployment,REST API + gRPC/Event-Driven
45293,High,22,Daily,12,High,Medium,Microservices,Microservices with Docker,REST API + gRPC
154,Low,3,Monthly,2,Low,Low,Monolithic,Single Server Deployment,REST API
1078,Low,2,Monthly,1,Low,Low,Monolithic,Single Server Deployment,REST API
111502,High,21,Daily,20,High,High,Kubernetes Deployment,Kubernetes Orchestration Deployment,REST API + gRPC/Event-Driven
5835,Medium,13,Weekly,4,High,Low,Containerized App,Docker Container Deployment,REST API
12859,Medium,14,Monthly,6,Medium,Low,Containerized App,Docker Container Deployment,REST API
19353,Medium,8,Weekly,5,High,Medium,Containerized App,Docker Container Deployment,REST API
167490,High,35,Daily,22,High,High,Kubernetes Deployment,Kubernetes Orchestration Deployment,REST API + gRPC/Event-Driven
41773,Medium,19,Weekly,15,Medium,High,Microservices,Microservices with Docker,REST API + gRPC
7014,Medium,6,Monthly,3,High,Low,Containerized App,Docker Container Deployment,REST API
3729,Low,4,Monthly,1,Low,Low,Monolithic,Single Server Deployment,REST API
4261,Low,2,Monthly,2,Low,Low,Monolithic,Single Server Deployment,REST API
3794,Low,3,Monthly,2,Medium,Low,Monolithic,Single Server Deployment,REST API
1292,Low,2,Monthly,3,Low,Low,Monolithic,Single Server Deployment,REST API
16589,Medium,8,Weekly,8,High,Low,Containerized App,Docker Container Deployment,REST API
40761,High,29,Daily,14,Medium,Medium,Microservices,Microservices with Docker,REST API + gRPC
118363,High,45,Daily,17,High,High,Kubernetes Deployment,Kubernetes Orchestration Deployment,REST API + gRPC/Event-Driven
31034,High,23,Daily,12,High,High,Microservices,Microservices with Docker,REST API + gRPC
1154,Low,2,Monthly,2,Medium,Low,Monolithic,Single Server Deployment,REST API
9904,Medium,12,Monthly,7,High,Low,Containerized App,Docker Container Deployment,REST API
24515,Medium,24,Daily,13,High,Medium,Microservices,Microservices with Docker,REST API + gRPC
111377,High,30,Daily,22,High,High,Kubernetes Deployment,Kubernetes Orchestration Deployment,REST API + gRPC/Event-Driven
151969,High,31,Daily,12,High,High,Kubernetes Deployment,Kubernetes Orchestration Deployment,REST API + gRPC/Event-Driven
61763,High,40,Daily,22,High,High,Kubernetes Deployment,Kubernetes Orchestration Deployment,REST API + gRPC/Event-Driven
3252,Low,5,Monthly,3,Medium,Low,Monolithic,Single Server Deployment,REST API
2792,Low,2,Monthly,2,Low,Low,Monolithic,Single Server Deployment,REST API
101957,High,22,Daily,23,High,High,Kubernetes Deployment,Kubernetes Orchestration Deployment,REST API + gRPC/Event-Driven
7594,Medium,14,Weekly,4,Medium,Medium,Containerized App,Docker Container Deployment,REST API
14328,Low,12,Monthly,6,High,Low,Containerized App,Docker Container Deployment,REST API
32712,Medium,22,Weekly,14,Medium,High,Microservices,Microservices with Docker,REST API + gRPC
45156,Medium,23,Daily,14,Medium,High,Microservices,Microservices with Docker,REST API + gRPC
47414,Medium,18,Weekly,15,Medium,Medium,Microservices,Microservices with Docker,REST API + gRPC
1763,Low,5,Monthly,1,Medium,Low,Monolithic,Single Server Deployment,REST API
2490,Low,5,Monthly,2,Low,Low,Monolithic,Single Server Deployment,REST API
35473,Medium,20,Weekly,9,High,High,Microservices,Microservices with Docker,REST API + gRPC
25043,Medium,24,Daily,9,Medium,Medium,Microservices,Microservices with Docker,REST API + gRPC
671,Low,3,Monthly,2,Medium,Low,Monolithic,Single Server Deployment,REST API
5415,Medium,13,Weekly,8,High,Low,Containerized App,Docker Container Deployment,REST API
3656,Low,3,Monthly,1,Low,Low,Monolithic,Single Server Deployment,REST API
21998,Medium,16,Daily,10,High,High,Microservices,Microservices with Docker,REST API + gRPC
1523,Low,3,Monthly,1,Low,Low,Monolithic,Single Server Deployment,REST API
17277,Low,7,Weekly,5,Medium,Low,Containerized App,Docker Container Deployment,REST API
4254,Low,4,Monthly,3,Medium,Low,Monolithic,Single Server Deployment,REST API
72849,High,27,Daily,25,High,High,Kubernetes Deployment,Kubernetes Orchestration Deployment,REST API + gRPC/Event-Driven
158438,High,28,Daily,12,High,High,Kubernetes Deployment,Kubernetes Orchestration Deployment,REST API + gRPC/Event-Driven
172876,High,20,Daily,24,High,High,Kubernetes Deployment,Kubernetes Orchestration Deployment,REST API + gRPC/Event-Driven
8381,Medium,12,Weekly,6,High,Low,Containerized App,Docker Container Deployment,REST API
85209,High,33,Daily,25,High,High,Kubernetes Deployment,Kubernetes Orchestration Deployment,REST API + gRPC/Event-Driven
8707,Low,12,Weekly,5,High,Medium,Containerized App,Docker Container Deployment,REST API
71573,High,41,Daily,25,High,High,Kubernetes Deployment,Kubernetes Orchestration Deployment,REST API + gRPC/Event-Driven
526,Low,3,Monthly,3,Medium,Low,Monolithic,Single Server Deployment,REST API
38415,High,19,Daily,15,High,Medium,Microservices,Microservices with Docker,REST API + gRPC
90064,High,25,Daily,21,High,High,Kubernetes Deployment,Kubernetes Orchestration Deployment,REST API + gRPC/Event-Driven
1700,Low,3,Monthly,1,Low,Low,Monolithic,Single Server Deployment,REST API
111620,High,20,Daily,13,High,High,Kubernetes Deployment,Kubernetes Orchestration Deployment,REST API + gRPC/Event-Driven
27001,Medium,24,Weekly,15,High,Medium,Microservices,Microservices with Docker,REST API + gRPC
92544,High,46,Daily,10,High,High,Kubernetes Deployment,Kubernetes Orchestration Deployment,REST API + gRPC/Event-Driven
37693,Medium,25,Weekly,14,High,High,Microservices,Microservices with Docker,REST API + gRPC
80978,High,21,Daily,15,High,High,Kubernetes Deployment,Kubernetes Orchestration Deployment,REST API + gRPC/Event-Driven
11314,Low,12,Monthly,3,High,Low,Containerized App,Docker Container Deployment,REST API
1412,Low,5,Monthly,3,Medium,Low,Monolithic,Single Server Deployment,REST API
12244,Medium,14,Monthly,3,High,Medium,Containerized App,Docker Container Deployment,REST API
21004,High,20,Daily,13,Medium,Medium,Microservices,Microservices with Docker,REST API + gRPC
4866,Low,5,Monthly,3,Low,Low,Monolithic,Single Server Deployment,REST API
30733,Medium,17,Weekly,15,Medium,Medium,Microservices,Microservices with Docker,REST API + gRPC
30475,Medium,18,Daily,13,High,High,Microservices,Microservices with Docker,REST API + gRPC
35691,Medium,27,Daily,9,Medium,High,Microservices,Microservices with Docker,REST API + gRPC
44086,Medium,20,Weekly,13,High,Medium,Microservices,Microservices with Docker,REST API + gRPC
13256,Low,7,Monthly,8,Medium,Medium,Containerized App,Docker Container Deployment,REST API
152077,High,48,Daily,25,High,High,Kubernetes Deployment,Kubernetes Orchestration Deployment,REST API + gRPC/Event-Driven
3851,Low,4,Monthly,3,Low,Low,Monolithic,Single Server Deployment,REST API
86890,High,48,Daily,24,High,High,Kubernetes Deployment,Kubernetes Orchestration Deployment,REST API + gRPC/Event-Driven
182588,High,24,Daily,19,High,High,Kubernetes Deployment,Kubernetes Orchestration Deployment,REST API + gRPC/Event-Driven
13219,Medium,13,Monthly,5,High,Medium,Containerized App,Docker Container Deployment,REST API
17207,Low,9,Monthly,6,Medium,Medium,Containerized App,Docker Container Deployment,REST API
99180,High,35,Daily,24,High,High,Kubernetes Deployment,Kubernetes Orchestration Deployment,REST API + gRPC/Event-Driven
11552,Medium,10,Weekly,7,High,Low,Containerized App,Docker Container Deployment,REST API
18670,Low,6,Monthly,6,Medium,Low,Containerized App,Docker Container Deployment,REST API
17464,Medium,10,Monthly,5,Medium,Medium,Containerized App,Docker Container Deployment,REST API
47139,Medium,16,Daily,14,Medium,Medium,Microservices,Microservices with Docker,REST API + gRPC
126148,High,21,Daily,17,High,High,Kubernetes Deployment,Kubernetes Orchestration Deployment,REST API + gRPC/Event-Driven
15934,Medium,9,Monthly,4,Medium,Low,Containerized App,Docker Container Deployment,REST API
38656,High,28,Daily,11,High,Medium,Microservices,Microservices with Docker,REST API + gRPC
190565,High,34,Daily,17,High,High,Kubernetes Deployment,Kubernetes Orchestration Deployment,REST API + gRPC/Event-Driven
2684,Low,2,Monthly,3,Low,Low,Monolithic,Single Server Deployment,REST API
21159,Medium,28,Weekly,14,High,Medium,Microservices,Microservices with Docker,REST API + gRPC
54160,High,35,Daily,19,High,High,Kubernetes Deployment,Kubernetes Orchestration Deployment,REST API + gRPC/Event-Driven
33337,Medium,26,Weekly,15,High,Medium,Microservices,Microservices with Docker,REST API + gRPC
591,Low,3,Monthly,2,Medium,Low,Monolithic,Single Server Deployment,REST API
16695,Low,12,Monthly,6,High,Low,Containerized App,Docker Container Deployment,REST API
35831,Medium,17,Daily,11,High,Medium,Microservices,Microservices with Docker,REST API + gRPC
142826,High,47,Daily,13,High,High,Kubernetes Deployment,Kubernetes Orchestration Deployment,REST API + gRPC/Event-Driven
80760,High,45,Daily,21,High,High,Kubernetes Deployment,Kubernetes Orchestration Deployment,REST API + gRPC/Event-Driven
73871,High,44,Daily,15,High,High,Kubernetes Deployment,Kubernetes Orchestration Deployment,REST API + gRPC/Event-Driven
66530,High,46,Daily,15,High,High,Kubernetes Deployment,Kubernetes Orchestration Deployment,REST API + gRPC/Event-Driven
190847,High,36,Daily,25,High,High,Kubernetes Deployment,Kubernetes Orchestration Deployment,REST API + gRPC/Event-Driven
2957,Low,2,Monthly,3,Medium,Low,Monolithic,Single Server Deployment,REST API
3039,Low,2,Monthly,3,Medium,Low,Monolithic,Single Server Deployment,REST API
1548,Low,4,Monthly,3,Low,Low,Monolithic,Single Server Deployment,REST API
124405,High,33,Daily,15,High,High,Kubernetes Deployment,Kubernetes Orchestration Deployment,REST API + gRPC/Event-Driven
14549,Medium,10,Monthly,3,High,Medium,Containerized App,Docker Container Deployment,REST API
2118,Low,2,Monthly,1,Medium,Low,Monolithic,Single Server Deployment,REST API
10904,Medium,7,Weekly,4,High,Medium,Containerized App,Docker Container Deployment,REST API
62106,High,42,Daily,16,High,High,Kubernetes Deployment,Kubernetes Orchestration Deployment,REST API + gRPC/Event-Driven
1246,Low,2,Monthly,3,Medium,Low,Monolithic,Single Server Deployment,REST API
311,Low,3,Monthly,1,Medium,Low,Monolithic,Single Server Deployment,REST API
2097,Low,2,Monthly,3,Medium,Low,Monolithic,Single Server Deployment,REST API
17902,Low,7,Monthly,5,Medium,Low,Containerized App,Docker Container Deployment,REST API
19124,Medium,12,Monthly,3,Medium,Low,Containerized App,Docker Container Deployment,REST API
30987,High,24,Daily,13,Medium,High,Microservices,Microservices with Docker,REST API + gRPC
10474,Medium,11,Monthly,3,Medium,Medium,Containerized App,Docker Container Deployment,REST API
7062,Low,14,Monthly,4,Medium,Low,Containerized App,Docker Container Deployment,REST API
1160,Low,5,Monthly,3,Medium,Low,Monolithic,Single Server Deployment,REST API
193647,High,23,Daily,10,High,High,Kubernetes Deployment,Kubernetes Orchestration Deployment,REST API + gRPC/Event-Driven
131834,High,50,Daily,18,High,High,Kubernetes Deployment,Kubernetes Orchestration Deployment,REST API + gRPC/Event-Driven
4622,Low,4,Monthly,3,Medium,Low,Monolithic,Single Server Deployment,REST API
4044,Low,5,Monthly,2,Low,Low,Monolithic,Single Server Deployment,REST API
42845,High,18,Weekly,12,Medium,Medium,Microservices,Microservices with Docker,REST API + gRPC
107148,High,44,Daily,14,High,High,Kubernetes Deployment,Kubernetes Orchestration Deployment,REST API + gRPC/Event-Driven
13433,Medium,11,Weekly,7,Medium,Medium,Containerized App,Docker Container Deployment,REST API
5010,Low,8,Monthly,5,High,Low,Containerized App,Docker Container Deployment,REST API
45779,High,27,Daily,9,High,Medium,Microservices,Microservices with Docker,REST API + gRPC
2715,Low,3,Monthly,2,Low,Low,Monolithic,Single Server Deployment,REST API
807,Low,5,Monthly,1,Medium,Low,Monolithic,Single Server Deployment,REST API
95555,High,26,Daily,10,High,High,Kubernetes Deployment,Kubernetes Orchestration Deployment,REST API + gRPC/Event-Driven
131631,High,48,Daily,16,High,High,Kubernetes Deployment,Kubernetes Orchestration Deployment,REST API + gRPC/Event-Driven
10647,Low,15,Weekly,5,High,Low,Containerized App,Docker Container Deployment,REST API
15322,Medium,11,Weekly,4,Medium,Medium,Containerized App,Docker Container Deployment,REST API
3785,Low,4,Monthly,2,Medium,Low,Monolithic,Single Server Deployment,REST API
4606,Low,2,Monthly,3,Medium,Low,Monolithic,Single Server Deployment,REST API
9137,Medium,13,Weekly,4,Medium,Low,Containerized App,Docker Container Deployment,REST API
6753,Medium,9,Weekly,4,Medium,Low,Containerized App,Docker Container Deployment,REST API
33442,High,18,Daily,11,Medium,High,Microservices,Microservices with Docker,REST API + gRPC
82360,High,46,Daily,17,High,High,Kubernetes Deployment,Kubernetes Orchestration Deployment,REST API + gRPC/Event-Driven
44511,Medium,30,Weekly,10,High,Medium,Microservices,Microservices with Docker,REST API + gRPC
140869,High,39,Daily,17,High,High,Kubernetes Deployment,Kubernetes Orchestration Deployment,REST API + gRPC/Event-Driven
187782,High,35,Daily,23,High,High,Kubernetes Deployment,Kubernetes Orchestration Deployment,REST API + gRPC/Event-Driven
17452,Low,11,Weekly,4,Medium,Medium,Containerized App,Docker Container Deployment,REST API
17126,Medium,12,Weekly,7,High,Medium,Containerized App,Docker Container Deployment,REST API
114841,High,42,Daily,12,High,High,Kubernetes Deployment,Kubernetes Orchestration Deployment,REST API + gRPC/Event-Driven
116628,High,20,Daily,24,High,High,Kubernetes Deployment,Kubernetes Orchestration Deployment,REST API + gRPC/Event-Driven
20227,High,18,Weekly,11,Medium,Medium,Microservices,Microservices with Docker,REST API + gRPC
88100,High,47,Daily,16,High,High,Kubernetes Deployment,Kubernetes Orchestration Deployment,REST API + gRPC/Event-Driven
5658,Low,15,Monthly,4,Medium,Medium,Containerized App,Docker Container Deployment,REST API
40417,High,18,Daily,13,Medium,Medium,Microservices,Microservices with Docker,REST API + gRPC
1273,Low,3,Monthly,2,Medium,Low,Monolithic,Single Server Deployment,REST API
2728,Low,3,Monthly,1,Medium,Low,Monolithic,Single Server Deployment,REST API
38962,Medium,20,Weekly,11,High,High,Microservices,Microservices with Docker,REST API + gRPC
197485,High,41,Daily,23,High,High,Kubernetes Deployment,Kubernetes Orchestration Deployment,REST API + gRPC/Event-Driven
58046,High,33,Daily,22,High,High,Kubernetes Deployment,Kubernetes Orchestration Deployment,REST API + gRPC/Event-Driven
12655,Low,13,Monthly,4,Medium,Low,Containerized App,Docker Container Deployment,REST API
630,Low,4,Monthly,1,Medium,Low,Monolithic,Single Server Deployment,REST API
16907,Medium,11,Weekly,5,High,Medium,Containerized App,Docker Container Deployment,REST API
4385,Low,5,Monthly,2,Low,Low,Monolithic,Single Server Deployment,REST API
125967,High,31,Daily,21,High,High,Kubernetes Deployment,Kubernetes Orchestration Deployment,REST API + gRPC/Event-Driven
4560,Low,4,Monthly,1,Medium,Low,Monolithic,Single Server Deployment,REST API
3843,Low,4,Monthly,3,Medium,Low,Monolithic,Single Server Deployment,REST API
48078,Medium,23,Daily,11,Medium,Medium,Microservices,Microservices with Docker,REST API + gRPC
104814,High,40,Daily,22,High,High,Kubernetes Deployment,Kubernetes Orchestration Deployment,REST API + gRPC/Event-Driven
5375,Low,15,Monthly,8,High,Low,Containerized App,Docker Container Deployment,REST API
126123,High,43,Daily,21,High,High,Kubernetes Deployment,Kubernetes Orchestration Deployment,REST API + gRPC/Event-Driven
26502,Medium,28,Weekly,9,High,Medium,Microservices,Microservices with Docker,REST API + gRPC
12527,Medium,8,Monthly,8,Medium,Low,Containerized App,Docker Container Deployment,REST API
42600,High,18,Daily,10,Medium,High,Microservices,Microservices with Docker,REST API + gRPC
9075,Medium,13,Monthly,5,High,Medium,Containerized App,Docker Container Deployment,REST API
1276,Low,3,Monthly,2,Medium,Low,Monolithic,Single Server Deployment,REST API
155092,High,34,Daily,13,High,High,Kubernetes Deployment,Kubernetes Orchestration Deployment,REST API + gRPC/Event-Driven
2599,Low,5,Monthly,2,Low,Low,Monolithic,Single Server Deployment,REST API
104106,High,31,Daily,17,High,High,Kubernetes Deployment,Kubernetes Orchestration Deployment,REST API + gRPC/Event-Driven
17496,Medium,6,Weekly,3,High,Medium,Containerized App,Docker Container Deployment,REST API
12442,Low,8,Monthly,5,Medium,Medium,Containerized App,Docker Container Deployment,REST API
177608,High,44,Daily,25,High,High,Kubernetes Deployment,Kubernetes Orchestration Deployment,REST API + gRPC/Event-Driven
12391,Medium,14,Weekly,4,High,Medium,Containerized App,Docker Container Deployment,REST API
41791,High,23,Daily,13,High,High,Microservices,Microservices with Docker,REST API + gRPC
19723,Low,13,Weekly,4,Medium,Medium,Containerized App,Docker Container Deployment,REST API
10427,Medium,11,Weekly,4,High,Low,Containerized App,Docker Container Deployment,REST API
31197,High,27,Daily,12,High,High,Microservices,Microservices with Docker,REST API + gRPC
20150,High,19,Weekly,15,High,Medium,Microservices,Microservices with Docker,REST API + gRPC
34163,Medium,26,Daily,13,Medium,High,Microservices,Microservices with Docker,REST API + gRPC
166608,High,27,Daily,19,High,High,Kubernetes Deployment,Kubernetes Orchestration Deployment,REST API + gRPC/Event-Driven
23291,Medium,24,Daily,11,Medium,Medium,Microservices,Microservices with Docker,REST API + gRPC
47863,Medium,27,Daily,10,Medium,Medium,Microservices,Microservices with Docker,REST API + gRPC
3247,Low,3,Monthly,2,Medium,Low,Monolithic,Single Server Deployment,REST API
185725,High,28,Daily,24,High,High,Kubernetes Deployment,Kubernetes Orchestration Deployment,REST API + gRPC/Event-Driven
190775,High,28,Daily,12,High,High,Kubernetes Deployment,Kubernetes Orchestration Deployment,REST API + gRPC/Event-Driven
7977,Low,7,Monthly,3,Medium,Low,Containerized App,Docker Container Deployment,REST API
9538,Medium,15,Weekly,7,High,Medium,Containerized App,Docker Container Deployment,REST API
18889,Medium,9,Weekly,5,High,Low,Containerized App,Docker Container Deployment,REST API
8515,Medium,12,Monthly,7,High,Low,Containerized App,Docker Container Deployment,REST API
2622,Low,4,Monthly,2,Medium,Low,Monolithic,Single Server Deployment,REST API
41581,Medium,21,Weekly,15,Medium,High,Microservices,Microservices with Docker,REST API + gRPC
2656,Low,4,Monthly,1,Low,Low,Monolithic,Single Server Deployment,REST API
9597,Medium,12,Monthly,5,Medium,Low,Containerized App,Docker Container Deployment,REST API
934,Low,2,Monthly,3,Low,Low,Monolithic,Single Server Deployment,REST API
71934,High,35,Daily,20,High,High,Kubernetes Deployment,Kubernetes Orchestration Deployment,REST API + gRPC/Event-Driven
3426,Low,2,Monthly,2,Medium,Low,Monolithic,Single Server Deployment,REST API
133624,High,36,Daily,20,High,High,Kubernetes Deployment,Kubernetes Orchestration Deployment,REST API + gRPC/Event-Driven
13873,Medium,6,Weekly,5,Medium,Low,Containerized App,Docker Container Deployment,REST API
70128,High,32,Daily,16,High,High,Kubernetes Deployment,Kubernetes Orchestration Deployment,REST API + gRPC/Event-Driven
30615,Medium,20,Daily,12,Medium,High,Microservices,Microservices with Docker,REST API + gRPC
16664,Low,11,Monthly,6,Medium,Low,Containerized App,Docker Container Deployment,REST API
13506,Medium,15,Weekly,3,High,Medium,Containerized App,Docker Container Deployment,REST API
11322,Medium,8,Weekly,8,Medium,Medium,Containerized App,Docker Container Deployment,REST API
2697,Low,5,Monthly,2,Medium,Low,Monolithic,Single Server Deployment,REST API
117537,High,32,Daily,24,High,High,Kubernetes Deployment,Kubernetes Orchestration Deployment,REST API + gRPC/Event-Driven
34193,High,24,Daily,10,Medium,Medium,Microservices,Microservices with Docker,REST API + gRPC
77369,High,26,Daily,23,High,High,Kubernetes Deployment,Kubernetes Orchestration Deployment,REST API + gRPC/Event-Driven
11649,Medium,12,Weekly,3,Medium,Low,Containerized App,Docker Container Deployment,REST API
7292,Medium,7,Monthly,8,High,Medium,Containerized App,Docker Container Deployment,REST API
23905,Medium,24,Daily,10,Medium,Medium,Microservices,Microservices with Docker,REST API + gRPC
20878,High,25,Weekly,9,High,High,Microservices,Microservices with Docker,REST API + gRPC
17556,Medium,6,Monthly,8,High,Low,Containerized App,Docker Container Deployment,REST API
38452,High,16,Weekly,11,Medium,High,Microservices,Microservices with Docker,REST API + gRPC
20915,Medium,20,Weekly,10,Medium,High,Microservices,Microservices with Docker,REST API + gRPC
114447,High,28,Daily,11,High,High,Kubernetes Deployment,Kubernetes Orchestration Deployment,REST API + gRPC/Event-Driven
2035,Low,2,Monthly,1,Medium,Low,Monolithic,Single Server Deployment,REST API
32242,Medium,29,Daily,14,Medium,High,Microservices,Microservices with Docker,REST API + gRPC
12547,Medium,13,Weekly,6,High,Medium,Containerized App,Docker Container Deployment,REST API
20089,Medium,20,Weekly,13,Medium,Medium,Microservices,Microservices with Docker,REST API + gRPC
40410,Medium,30,Daily,10,Medium,Medium,Microservices,Microservices with Docker,REST API + gRPC
6872,Low,13,Monthly,5,High,Medium,Containerized App,Docker Container Deployment,REST API
15245,Low,15,Monthly,8,High,Medium,Containerized App,Docker Container Deployment,REST API
115951,High,42,Daily,21,High,High,Kubernetes Deployment,Kubernetes Orchestration Deployment,REST API + gRPC/Event-Driven
1832,Low,3,Monthly,1,Low,Low,Monolithic,Single Server Deployment,REST API
14175,Medium,14,Monthly,5,High,Low,Containerized App,Docker Container Deployment,REST API
39729,High,18,Daily,11,Medium,Medium,Microservices,Microservices with Docker,REST API + gRPC
4409,Low,2,Monthly,3,Low,Low,Monolithic,Single Server Deployment,REST API
4510,Low,5,Monthly,3,Low,Low,Monolithic,Single Server Deployment,REST API
85990,High,21,Daily,17,High,High,Kubernetes Deployment,Kubernetes Orchestration Deployment,REST API + gRPC/Event-Driven
186020,High,49,Daily,25,High,High,Kubernetes Deployment,Kubernetes Orchestration Deployment,REST API + gRPC/Event-Driven
15473,Low,15,Monthly,3,Medium,Low,Containerized App,Docker Container Deployment,REST API
114918,High,26,Daily,14,High,High,Kubernetes Deployment,Kubernetes Orchestration Deployment,REST API + gRPC/Event-Driven
116475,High,35,Daily,13,High,High,Kubernetes Deployment,Kubernetes Orchestration Deployment,REST API + gRPC/Event-Driven
85761,High,28,Daily,22,High,High,Kubernetes Deployment,Kubernetes Orchestration Deployment,REST API + gRPC/Event-Driven
33089,Medium,17,Weekly,12,Medium,Medium,Microservices,Microservices with Docker,REST API + gRPC
4263,Low,3,Monthly,1,Medium,Low,Monolithic,Single Server Deployment,REST API
700,Low,3,Monthly,3,Medium,Low,Monolithic,Single Server Deployment,REST API
37255,High,26,Weekly,12,High,High,Microservices,Microservices with Docker,REST API + gRPC
46424,High,23,Daily,9,Medium,High,Microservices,Microservices with Docker,REST API + gRPC
147831,High,32,Daily,22,High,High,Kubernetes Deployment,Kubernetes Orchestration Deployment,REST API + gRPC/Event-Driven
68082,High,31,Daily,11,High,High,Kubernetes Deployment,Kubernetes Orchestration Deployment,REST API + gRPC/Event-Driven
12581,Low,7,Weekly,8,High,Medium,Containerized App,Docker Container Deployment,REST API
128376,High,36,Daily,12,High,High,Kubernetes Deployment,Kubernetes Orchestration Deployment,REST API + gRPC/Event-Driven
7901,Low,8,Weekly,5,Medium,Medium,Containerized App,Docker Container Deployment,REST API
144693,High,36,Daily,16,High,High,Kubernetes Deployment,Kubernetes Orchestration Deployment,REST API + gRPC/Event-Driven
11400,Medium,15,Monthly,3,High,Low,Containerized App,Docker Container Deployment,REST API
35410,Medium,23,Daily,13,High,High,Microservices,Microservices with Docker,REST API + gRPC
43223,Medium,21,Daily,11,High,Medium,Microservices,Microservices with Docker,REST API + gRPC
1502,Low,4,Monthly,1,Medium,Low,Monolithic,Single Server Deployment,REST API
3003,Low,4,Monthly,2,Low,Low,Monolithic,Single Server Deployment,REST API
142104,High,39,Daily,23,High,High,Kubernetes Deployment,Kubernetes Orchestration Deployment,REST API + gRPC/Event-Driven
159157,High,22,Daily,23,High,High,Kubernetes Deployment,Kubernetes Orchestration Deployment,REST API + gRPC/Event-Driven
717,Low,2,Monthly,3,Low,Low,Monolithic,Single Server Deployment,REST API
10410,Low,6,Monthly,3,Medium,Low,Containerized App,Docker Container Deployment,REST API
15043,Low,8,Monthly,3,High,Low,Containerized App,Docker Container Deployment,REST API
194392,High,46,Daily,19,High,High,Kubernetes Deployment,Kubernetes Orchestration Deployment,REST API + gRPC/Event-Driven
136514,High,33,Daily,24,High,High,Kubernetes Deployment,Kubernetes Orchestration Deployment,REST API + gRPC/Event-Driven
86965,High,31,Daily,11,High,High,Kubernetes Deployment,Kubernetes Orchestration Deployment,REST API + gRPC/Event-Driven
1459,Low,4,Monthly,3,Medium,Low,Monolithic,Single Server Deployment,REST API
9020,Low,9,Weekly,5,Medium,Medium,Containerized App,Docker Container Deployment,REST API
61429,High,38,Daily,11,High,High,Kubernetes Deployment,Kubernetes Orchestration Deployment,REST API + gRPC/Event-Driven
118365,High,41,Daily,16,High,High,Kubernetes Deployment,Kubernetes Orchestration Deployment,REST API + gRPC/Event-Driven
4905,Low,3,Monthly,1,Medium,Low,Monolithic,Single Server Deployment,REST API
19115,Low,6,Monthly,3,Medium,Low,Containerized App,Docker Container Deployment,REST API
22162,High,24,Weekly,14,Medium,High,Microservices,Microservices with Docker,REST API + gRPC
53407,High,21,Daily,10,High,High,Kubernetes Deployment,Kubernetes Orchestration Deployment,REST API + gRPC/Event-Driven
4520,Low,3,Monthly,1,Medium,Low,Monolithic,Single Server Deployment,REST API
117817,High,30,Daily,10,High,High,Kubernetes Deployment,Kubernetes Orchestration Deployment,REST API + gRPC/Event-Driven
1558,Low,5,Monthly,2,Low,Low,Monolithic,Single Server Deployment,REST API
66369,High,49,Daily,13,High,High,Kubernetes Deployment,Kubernetes Orchestration Deployment,REST API + gRPC/Event-Driven
105476,High,47,Daily,14,High,High,Kubernetes Deployment,Kubernetes Orchestration Deployment,REST API + gRPC/Event-Driven
31478,High,28,Daily,9,Medium,High,Microservices,Microservices with Docker,REST API + gRPC
36086,Medium,28,Daily,12,High,Medium,Microservices,Microservices with Docker,REST API + gRPC
49533,Medium,21,Weekly,10,High,Medium,Microservices,Microservices with Docker,REST API + gRPC
9329,Low,11,Weekly,8,High,Medium,Containerized App,Docker Container Deployment,REST API
15218,Low,6,Monthly,3,Medium,Medium,Containerized App,Docker Container Deployment,REST API
171226,High,26,Daily,23,High,High,Kubernetes Deployment,Kubernetes Orchestration Deployment,REST API + gRPC/Event-Driven
43656,High,26,Daily,13,Medium,Medium,Microservices,Microservices with Docker,REST API + gRPC
64541,High,29,Daily,13,High,High,Kubernetes Deployment,Kubernetes Orchestration Deployment,REST API + gRPC/Event-Driven
169001,High,34,Daily,13,High,High,Kubernetes Deployment,Kubernetes Orchestration Deployment,REST API + gRPC/Event-Driven
10752,Low,14,Weekly,4,Medium,Low,Containerized App,Docker Container Deployment,REST API
63992,High,48,Daily,12,High,High,Kubernetes Deployment,Kubernetes Orchestration Deployment,REST API + gRPC/Event-Driven
14932,Medium,8,Monthly,6,Medium,Medium,Containerized App,Docker Container Deployment,REST API
16215,Medium,8,Weekly,8,High,Low,Containerized App,Docker Container Deployment,REST API
77747,High,33,Daily,13,High,High,Kubernetes Deployment,Kubernetes Orchestration Deployment,REST API + gRPC/Event-Driven
3566,Low,5,Monthly,1,Medium,Low,Monolithic,Single Server Deployment,REST API
4240,Low,3,Monthly,3,Medium,Low,Monolithic,Single Server Deployment,REST API
108602,High,29,Daily,18,High,High,Kubernetes Deployment,Kubernetes Orchestration Deployment,REST API + gRPC/Event-Driven
27438,Medium,18,Daily,13,High,Medium,Microservices,Microservices with Docker,REST API + gRPC
78405,High,32,Daily,16,High,High,Kubernetes Deployment,Kubernetes Orchestration Deployment,REST API + gRPC/Event-Driven
17019,Medium,10,Monthly,4,Medium,Low,Containerized App,Docker Container Deployment,REST API
157057,High,30,Daily,23,High,High,Kubernetes Deployment,Kubernetes Orchestration Deployment,REST API + gRPC/Event-Driven
2797,Low,5,Monthly,3,Low,Low,Monolithic,Single Server Deployment,REST API
22968,Medium,23,Daily,10,High,High,Microservices,Microservices with Docker,REST API + gRPC
19161,Medium,7,Weekly,5,Medium,Medium,Containerized App,Docker Container Deployment,REST API
36021,High,19,Weekly,14,Medium,Medium,Microservices,Microservices with Docker,REST API + gRPC
5035,Medium,8,Monthly,4,High,Medium,Containerized App,Docker Container Deployment,REST API
17157,Low,11,Monthly,4,Medium,Medium,Containerized App,Docker Container Deployment,REST API
6371,Medium,8,Monthly,3,Medium,Medium,Containerized App,Docker Container Deployment,REST API
21478,High,20,Daily,15,Medium,High,Microservices,Microservices with Docker,REST API + gRPC
123311,High,37,Daily,11,High,High,Kubernetes Deployment,Kubernetes Orchestration Deployment,REST API + gRPC/Event-Driven
91920,High,41,Daily,24,High,High,Kubernetes Deployment,Kubernetes Orchestration Deployment,REST API + gRPC/Event-Driven
12755,Low,8,Monthly,6,Medium,Medium,Containerized App,Docker Container Deployment,REST API
2320,Low,2,Monthly,1,Medium,Low,Monolithic,Single Server Deployment,REST API
13498,Low,11,Monthly,4,High,Low,Containerized App,Docker Container Deployment,REST API
188440,High,38,Daily,16,High,High,Kubernetes Deployment,Kubernetes Orchestration Deployment,REST API + gRPC/Event-Driven
6711,Low,11,Weekly,3,Medium,Medium,Containerized App,Docker Container Deployment,REST API
874,Low,3,Monthly,3,Medium,Low,Monolithic,Single Server Deployment,REST API
32506,High,20,Weekly,15,High,High,Microservices,Microservices with Docker,REST API + gRPC
65611,High,36,Daily,21,High,High,Kubernetes Deployment,Kubernetes Orchestration Deployment,REST API + gRPC/Event-Driven
197575,High,37,Daily,23,High,High,Kubernetes Deployment,Kubernetes Orchestration Deployment,REST API + gRPC/Event-Driven
4100,Low,2,Monthly,3,Low,Low,Monolithic,Single Server Deployment,REST API
35053,Medium,22,Daily,12,Medium,Medium,Microservices,Microservices with Docker,REST API + gRPC
2548,Low,4,Monthly,1,Low,Low,Monolithic,Single Server Deployment,REST API
2710,Low,4,Monthly,1,Low,Low,Monolithic,Single Server Deployment,REST API
46340,High,18,Daily,12,High,Medium,Microservices,Microservices with Docker,REST API + gRPC
51165,High,44,Daily,18,High,High,Kubernetes Deployment,Kubernetes Orchestration Deployment,REST API + gRPC/Event-Driven
2871,Low,2,Monthly,2,Low,Low,Monolithic,Single Server Deployment,REST API
44593,Medium,24,Weekly,14,High,Medium,Microservices,Microservices with Docker,REST API + gRPC
25254,High,29,Daily,9,Medium,Medium,Microservices,Microservices with Docker,REST API + gRPC
58503,High,37,Daily,18,High,High,Kubernetes Deployment,Kubernetes Orchestration Deployment,REST API + gRPC/Event-Driven
39794,Medium,22,Daily,12,Medium,Medium,Microservices,Microservices with Docker,REST API + gRPC
1636,Low,4,Monthly,3,Medium,Low,Monolithic,Single Server Deployment,REST API
106044,High,40,Daily,11,High,High,Kubernetes Deployment,Kubernetes Orchestration Deployment,REST API + gRPC/Event-Driven
1908,Low,2,Monthly,1,Low,Low,Monolithic,Single Server Deployment,REST API
4913,Low,3,Monthly,2,Low,Low,Monolithic,Single Server Deployment,REST API
6542,Medium,10,Monthly,7,High,Low,Containerized App,Docker Container Deployment,REST API
1835,Low,3,Monthly,3,Medium,Low,Monolithic,Single Server Deployment,REST API
3943,Low,2,Monthly,3,Medium,Low,Monolithic,Single Server Deployment,REST API
25075,High,25,Daily,14,Medium,Medium,Microservices,Microservices with Docker,REST API + gRPC
9039,Medium,14,Weekly,8,Medium,Low,Containerized App,Docker Container Deployment,REST API
19268,Medium,7,Weekly,4,Medium,Medium,Containerized App,Docker Container Deployment,REST API
103425,High,23,Daily,12,High,High,Kubernetes Deployment,Kubernetes Orchestration Deployment,REST API + gRPC/Event-Driven
2640,Low,3,Monthly,2,Low,Low,Monolithic,Single Server Deployment,REST API
38154,High,21,Daily,11,Medium,High,Microservices,Microservices with Docker,REST API + gRPC
185292,High,43,Daily,24,High,High,Kubernetes Deployment,Kubernetes Orchestration Deployment,REST API + gRPC/Event-Driven
26335,High,18,Weekly,14,High,Medium,Microservices,Microservices with Docker,REST API + gRPC
193866,High,25,Daily,11,High,High,Kubernetes Deployment,Kubernetes Orchestration Deployment,REST API + gRPC/Event-Driven
4470,Low,3,Monthly,1,Medium,Low,Monolithic,Single Server Deployment,REST API
3824,Low,5,Monthly,2,Low,Low,Monolithic,Single Server Deployment,REST API
8785,Low,8,Monthly,8,High,Medium,Containerized App,Docker Container Deployment,REST API
3908,Low,2,Monthly,3,Low,Low,Monolithic,Single Server Deployment,REST API
2953,Low,5,Monthly,1,Medium,Low,Monolithic,Single Server Deployment,REST API
38602,High,27,Weekly,15,Medium,Medium,Microservices,Microservices with Docker,REST API + gRPC
10315,Medium,13,Weekly,6,Medium,Low,Containerized App,Docker Container Deployment,REST API
34216,High,25,Daily,12,High,Medium,Microservices,Microservices with Docker,REST API + gRPC
156217,High,40,Daily,25,High,High,Kubernetes Deployment,Kubernetes Orchestration Deployment,REST API + gRPC/Event-Driven
152453,High,33,Daily,19,High,High,Kubernetes Deployment,Kubernetes Orchestration Deployment,REST API + gRPC/Event-Driven
1967,Low,3,Monthly,2,Medium,Low,Monolithic,Single Server Deployment,REST API
134393,High,30,Daily,10,High,High,Kubernetes Deployment,Kubernetes Orchestration Deployment,REST API + gRPC/Event-Driven
13712,Medium,7,Monthly,3,High,Medium,Containerized App,Docker Container Deployment,REST API
6370,Low,9,Weekly,7,High,Medium,Containerized App,Docker Container Deployment,REST API
131951,High,29,Daily,25,High,High,Kubernetes Deployment,Kubernetes Orchestration Deployment,REST API + gRPC/Event-Driven
4443,Low,2,Monthly,1,Medium,Low,Monolithic,Single Server Deployment,REST API
7453,Medium,7,Monthly,7,Medium,Medium,Containerized App,Docker Container Deployment,REST API
198464,High,29,Daily,22,High,High,Kubernetes Deployment,Kubernetes Orchestration Deployment,REST API + gRPC/Event-Driven
45658,High,22,Weekly,11,High,Medium,Microservices,Microservices with Docker,REST API + gRPC
71676,High,39,Daily,14,High,High,Kubernetes Deployment,Kubernetes Orchestration Deployment,REST API + gRPC/Event-Driven
22746,Medium,20,Weekly,13,High,Medium,Microservices,Microservices with Docker,REST API + gRPC
30540,High,25,Daily,11,High,High,Microservices,Microservices with Docker,REST API + gRPC
12543,Medium,15,Weekly,8,High,Medium,Containerized App,Docker Container Deployment,REST API
7480,Medium,15,Monthly,6,Medium,Low,Containerized App,Docker Container Deployment,REST API
124365,High,46,Daily,12,High,High,Kubernetes Deployment,Kubernetes Orchestration Deployment,REST API + gRPC/Event-Driven
1112,Low,4,Monthly,1,Low,Low,Monolithic,Single Server Deployment,REST API
6818,Medium,15,Monthly,3,Medium,Medium,Containerized App,Docker Container Deployment,REST API
4937,Low,2,Monthly,1,Medium,Low,Monolithic,Single Server Deployment,REST API
35619,High,16,Weekly,10,High,High,Microservices,Microservices with Docker,REST API + gRPC
42456,High,24,Daily,14,High,Medium,Microservices,Microservices with Docker,REST API + gRPC
2969,Low,4,Monthly,2,Low,Low,Monolithic,Single Server Deployment,REST API
881,Low,3,Monthly,1,Medium,Low,Monolithic,Single Server Deployment,REST API
184919,High,31,Daily,13,High,High,Kubernetes Deployment,Kubernetes Orchestration Deployment,REST API + gRPC/Event-Driven
198797,High,38,Daily,24,High,High,Kubernetes Deployment,Kubernetes Orchestration Deployment,REST API + gRPC/Event-Driven
114934,High,40,Daily,10,High,High,Kubernetes Deployment,Kubernetes Orchestration Deployment,REST API + gRPC/Event-Driven
7322,Low,15,Weekly,6,High,Low,Containerized App,Docker Container Deployment,REST API
1200,Low,4,Monthly,1,Low,Low,Monolithic,Single Server Deployment,REST API
47262,Medium,23,Weekly,15,Medium,High,Microservices,Microservices with Docker,REST API + gRPC
71039,High,39,Daily,16,High,High,Kubernetes Deployment,Kubernetes Orchestration Deployment,REST API + gRPC/Event-Driven
32745,High,26,Daily,9,High,Medium,Microservices,Microservices with Docker,REST API + gRPC
6587,Low,14,Monthly,6,High,Medium,Containerized App,Docker Container Deployment,REST API
879,Low,2,Monthly,1,Medium,Low,Monolithic,Single Server Deployment,REST API
6023,Medium,12,Weekly,4,Medium,Low,Containerized App,Docker Container Deployment,REST API
25884,High,25,Weekly,9,Medium,Medium,Microservices,Microservices with Docker,REST API + gRPC
10538,Low,14,Monthly,5,High,Medium,Containerized App,Docker Container Deployment,REST API
6801,Medium,8,Weekly,4,High,Low,Containerized App,Docker Container Deployment,REST API
130638,High,22,Daily,18,High,High,Kubernetes Deployment,Kubernetes Orchestration Deployment,REST API + gRPC/Event-Driven
119505,High,48,Daily,18,High,High,Kubernetes Deployment,Kubernetes Orchestration Deployment,REST API + gRPC/Event-Driven
38081,Medium,20,Daily,14,High,Medium,Microservices,Microservices with Docker,REST API + gRPC
25949,High,27,Daily,14,High,High,Microservices,Microservices with Docker,REST API + gRPC
15995,Low,8,Monthly,4,Medium,Low,Containerized App,Docker Container Deployment,REST API
23327,High,30,Weekly,14,High,Medium,Microservices,Microservices with Docker,REST API + gRPC
103649,High,31,Daily,22,High,High,Kubernetes Deployment,Kubernetes Orchestration Deployment,REST API + gRPC/Event-Driven
16728,Low,13,Weekly,8,Medium,Medium,Containerized App,Docker Container Deployment,REST API
2139,Low,5,Monthly,2,Low,Low,Monolithic,Single Server Deployment,REST API
16474,Medium,12,Monthly,6,Medium,Low,Containerized App,Docker Container Deployment,REST API
39317,Medium,22,Weekly,10,High,High,Microservices,Microservices with Docker,REST API + gRPC
131629,High,41,Daily,25,High,High,Kubernetes Deployment,Kubernetes Orchestration Deployment,REST API + gRPC/Event-Driven
44448,High,29,Daily,15,Medium,High,Microservices,Microservices with Docker,REST API + gRPC
2728,Low,4,Monthly,3,Medium,Low,Monolithic,Single Server Deployment,REST API
2349,Low,2,Monthly,1,Medium,Low,Monolithic,Single Server Deployment,REST API
98410,High,47,Daily,21,High,High,Kubernetes Deployment,Kubernetes Orchestration Deployment,REST API + gRPC/Event-Driven
67648,High,31,Daily,19,High,High,Kubernetes Deployment,Kubernetes Orchestration Deployment,REST API + gRPC/Event-Driven
63321,High,29,Daily,16,High,High,Kubernetes Deployment,Kubernetes Orchestration Deployment,REST API + gRPC/Event-Driven
91314,High,35,Daily,20,High,High,Kubernetes Deployment,Kubernetes Orchestration Deployment,REST API + gRPC/Event-Driven
1372,Low,2,Monthly,3,Medium,Low,Monolithic,Single Server Deployment,REST API
160925,High,44,Daily,25,High,High,Kubernetes Deployment,Kubernetes Orchestration Deployment,REST API + gRPC/Event-Driven
32528,Medium,27,Weekly,12,Medium,Medium,Microservices,Microservices with Docker,REST API + gRPC
169817,High,48,Daily,20,High,High,Kubernetes Deployment,Kubernetes Orchestration Deployment,REST API + gRPC/Event-Driven
31336,High,20,Daily,12,Medium,High,Microservices,Microservices with Docker,REST API + gRPC
174213,High,43,Daily,23,High,High,Kubernetes Deployment,Kubernetes Orchestration Deployment,REST API + gRPC/Event-Driven
188205,High,39,Daily,25,High,High,Kubernetes Deployment,Kubernetes Orchestration Deployment,REST API + gRPC/Event-Driven
3522,Low,2,Monthly,1,Medium,Low,Monolithic,Single Server Deployment,REST API
175555,High,24,Daily,19,High,High,Kubernetes Deployment,Kubernetes Orchestration Deployment,REST API + gRPC/Event-Driven
19575,Low,12,Monthly,6,High,Medium,Containerized App,Docker Container Deployment,REST API
45392,Medium,24,Weekly,12,High,Medium,Microservices,Microservices with Docker,REST API + gRPC
125176,High,29,Daily,16,High,High,Kubernetes Deployment,Kubernetes Orchestration Deployment,REST API + gRPC/Event-Driven
1317,Low,4,Monthly,2,Low,Low,Monolithic,Single Server Deployment,REST API
5459,Low,15,Weekly,4,Medium,Medium,Containerized App,Docker Container Deployment,REST API
5873,Medium,8,Weekly,4,Medium,Medium,Containerized App,Docker Container Deployment,REST API
83365,High,34,Daily,21,High,High,Kubernetes Deployment,Kubernetes Orchestration Deployment,REST API + gRPC/Event-Driven
23276,High,30,Daily,9,High,Medium,Microservices,Microservices with Docker,REST API + gRPC
36692,High,29,Daily,14,High,High,Microservices,Microservices with Docker,REST API + gRPC
8726,Medium,6,Monthly,4,Medium,Low,Containerized App,Docker Container Deployment,REST API
189712,High,34,Daily,16,High,High,Kubernetes Deployment,Kubernetes Orchestration Deployment,REST API + gRPC/Event-Driven
14190,Low,9,Weekly,7,Medium,Low,Containerized App,Docker Container Deployment,REST API
4740,Low,5,Monthly,2,Low,Low,Monolithic,Single Server Deployment,REST API
27939,Medium,21,Weekly,10,Medium,Medium,Microservices,Microservices with Docker,REST API + gRPC
47148,Medium,18,Weekly,12,High,Medium,Microservices,Microservices with Docker,REST API + gRPC
1625,Low,2,Monthly,3,Medium,Low,Monolithic,Single Server Deployment,REST API
36259,Medium,30,Daily,12,Medium,Medium,Microservices,Microservices with Docker,REST API + gRPC
3790,Low,5,Monthly,2,Medium,Low,Monolithic,Single Server Deployment,REST API
39549,High,25,Daily,13,High,Medium,Microservices,Microservices with Docker,REST API + gRPC
1269,Low,3,Monthly,3,Medium,Low,Monolithic,Single Server Deployment,REST API
13330,Low,12,Weekly,3,Medium,Low,Containerized App,Docker Container Deployment,REST API
14359,Medium,10,Weekly,4,Medium,Low,Containerized App,Docker Container Deployment,REST API
141438,High,28,Daily,14,High,High,Kubernetes Deployment,Kubernetes Orchestration Deployment,REST API + gRPC/Event-Driven
702,Low,2,Monthly,2,Low,Low,Monolithic,Single Server Deployment,REST API
139903,High,24,Daily,24,High,High,Kubernetes Deployment,Kubernetes Orchestration Deployment,REST API + gRPC/Event-Driven
2589,Low,2,Monthly,1,Low,Low,Monolithic,Single Server Deployment,REST API
2026,Low,5,Monthly,1,Low,Low,Monolithic,Single Server Deployment,REST API
33402,Medium,26,Daily,13,High,Medium,Microservices,Microservices with Docker,REST API + gRPC
71198,High,23,Daily,14,High,High,Kubernetes Deployment,Kubernetes Orchestration Deployment,REST API + gRPC/Event-Driven
9982,Medium,11,Weekly,8,High,Low,Containerized App,Docker Container Deployment,REST API
33610,Medium,19,Weekly,14,High,Medium,Microservices,Microservices with Docker,REST API + gRPC
37811,High,16,Weekly,11,High,Medium,Microservices,Microservices with Docker,REST API + gRPC
4132,Low,4,Monthly,1,Medium,Low,Monolithic,Single Server Deployment,REST API
111967,High,30,Daily,23,High,High,Kubernetes Deployment,Kubernetes Orchestration Deployment,REST API + gRPC/Event-Driven
515,Low,3,Monthly,1,Medium,Low,Monolithic,Single Server Deployment,REST API
156677,High,37,Daily,22,High,High,Kubernetes Deployment,Kubernetes Orchestration Deployment,REST API + gRPC/Event-Driven
40602,High,19,Weekly,13,Medium,High,Microservices,Microservices with Docker,REST API + gRPC
4157,Low,2,Monthly,1,Medium,Low,Monolithic,Single Server Deployment,REST API
2144,Low,2,Monthly,2,Medium,Low,Monolithic,Single Server Deployment,REST API
14730,Medium,11,Monthly,5,High,Medium,Containerized App,Docker Container Deployment,REST API
39824,Medium,22,Daily,15,Medium,High,Microservices,Microservices with Docker,REST API + gRPC
29749,Medium,26,Daily,12,Medium,Medium,Microservices,Microservices with Docker,REST API + gRPC
47688,Medium,24,Daily,10,High,High,Microservices,Microservices with Docker,REST API + gRPC
6091,Low,11,Monthly,7,Medium,Medium,Containerized App,Docker Container Deployment,REST API
40619,High,21,Weekly,10,High,High,Microservices,Microservices with Docker,REST API + gRPC
17566,Medium,12,Monthly,8,High,Low,Containerized App,Docker Container Deployment,REST API
20615,Medium,25,Weekly,9,Medium,Medium,Microservices,Microservices with Docker,REST API + gRPC
32859,High,24,Daily,14,Medium,High,Microservices,Microservices with Docker,REST API + gRPC
4664,Low,2,Monthly,1,Medium,Low,Monolithic,Single Server Deployment,REST API
48110,High,26,Weekly,15,Medium,High,Microservices,Microservices with Docker,REST API + gRPC
173152,High,48,Daily,20,High,High,Kubernetes Deployment,Kubernetes Orchestration Deployment,REST API + gRPC/Event-Driven
13487,Low,9,Weekly,3,Medium,Low,Containerized App,Docker Container Deployment,REST API
46979,High,29,Daily,13,High,High,Microservices,Microservices with Docker,REST API + gRPC
99185,High,38,Daily,17,High,High,Kubernetes Deployment,Kubernetes Orchestration Deployment,REST API + gRPC/Event-Driven
63275,High,33,Daily,11,High,High,Kubernetes Deployment,Kubernetes Orchestration Deployment,REST API + gRPC/Event-Driven
93269,High,37,Daily,23,High,High,Kubernetes Deployment,Kubernetes Orchestration Deployment,REST API + gRPC/Event-Driven
2287,Low,2,Monthly,2,Medium,Low,Monolithic,Single Server Deployment,REST API
18891,Low,8,Monthly,5,High,Medium,Containerized App,Docker Container Deployment,REST API
181216,High,34,Daily,10,High,High,Kubernetes Deployment,Kubernetes Orchestration Deployment,REST API + gRPC/Event-Driven
3906,Low,5,Monthly,3,Low,Low,Monolithic,Single Server Deployment,REST API
19694,Medium,6,Monthly,4,Medium,Low,Containerized App,Docker Container Deployment,REST API
93930,High,20,Daily,18,High,High,Kubernetes Deployment,Kubernetes Orchestration Deployment,REST API + gRPC/Event-Driven
7206,Low,15,Weekly,6,Medium,Low,Containerized App,Docker Container Deployment,REST API
18816,Low,14,Weekly,4,High,Low,Containerized App,Docker Container Deployment,REST API
180787,High,35,Daily,25,High,High,Kubernetes Deployment,Kubernetes Orchestration Deployment,REST API + gRPC/Event-Driven
27101,High,18,Daily,14,High,Medium,Microservices,Microservices with Docker,REST API + gRPC
18264,Medium,7,Monthly,4,High,Low,Containerized App,Docker Container Deployment,REST API
40804,Medium,25,Daily,15,Medium,High,Microservices,Microservices with Docker,REST API + gRPC
2461,Low,2,Monthly,1,Medium,Low,Monolithic,Single Server Deployment,REST API
29505,High,26,Daily,11,High,High,Microservices,Microservices with Docker,REST API + gRPC
199576,High,25,Daily,14,High,High,Kubernetes Deployment,Kubernetes Orchestration Deployment,REST API + gRPC/Event-Driven
107391,High,34,Daily,20,High,High,Kubernetes Deployment,Kubernetes Orchestration Deployment,REST API + gRPC/Event-Driven
135342,High,41,Daily,24,High,High,Kubernetes Deployment,Kubernetes Orchestration Deployment,REST API + gRPC/Event-Driven
163216,High,43,Daily,11,High,High,Kubernetes Deployment,Kubernetes Orchestration Deployment,REST API + gRPC/Event-Driven
15679,Low,15,Monthly,6,Medium,Medium,Containerized App,Docker Container Deployment,REST API
4662,Low,5,Monthly,1,Low,Low,Monolithic,Single Server Deployment,REST API
18512,Medium,7,Weekly,3,Medium,Low,Containerized App,Docker Container Deployment,REST API
1662,Low,2,Monthly,2,Medium,Low,Monolithic,Single Server Deployment,REST API
35349,Medium,28,Weekly,13,High,Medium,Microservices,Microservices with Docker,REST API + gRPC
13381,Low,13,Weekly,5,High,Low,Containerized App,Docker Container Deployment,REST API
42156,Medium,21,Weekly,14,Medium,High,Microservices,Microservices with Docker,REST API + gRPC
4683,Low,3,Monthly,3,Low,Low,Monolithic,Single Server Deployment,REST API
618,Low,5,Monthly,1,Medium,Low,Monolithic,Single Server Deployment,REST API
2360,Low,3,Monthly,1,Medium,Low,Monolithic,Single Server Deployment,REST API
4288,Low,3,Monthly,1,Medium,Low,Monolithic,Single Server Deployment,REST API
13753,Low,8,Weekly,8,High,Low,Containerized App,Docker Container Deployment,REST API
12357,Medium,10,Weekly,4,Medium,Low,Containerized App,Docker Container Deployment,REST API
14847,Medium,8,Weekly,4,Medium,Medium,Containerized App,Docker Container Deployment,REST API
25342,High,19,Weekly,14,Medium,Medium,Microservices,Microservices with Docker,REST API + gRPC
45792,Medium,24,Weekly,10,Medium,High,Microservices,Microservices with Docker,REST API + gRPC
33871,High,18,Weekly,11,High,High,Microservices,Microservices with Docker,REST API + gRPC
4406,Low,5,Monthly,2,Low,Low,Monolithic,Single Server Deployment,REST API
1486,Low,3,Monthly,3,Medium,Low,Monolithic,Single Server Deployment,REST API
22216,High,24,Weekly,13,Medium,High,Microservices,Microservices with Docker,REST API + gRPC
3030,Low,2,Monthly,2,Medium,Low,Monolithic,Single Server Deployment,REST API
4144,Low,4,Monthly,1,Low,Low,Monolithic,Single Server Deployment,REST API
1017,Low,3,Monthly,2,Low,Low,Monolithic,Single Server Deployment,REST API
5077,Medium,9,Weekly,4,Medium,Medium,Containerized App,Docker Container Deployment,REST API
43587,High,20,Weekly,9,Medium,High,Microservices,Microservices with Docker,REST API + gRPC
12737,Low,11,Monthly,5,Medium,Low,Containerized App,Docker Container Deployment,REST API
1297,Low,4,Monthly,2,Low,Low,Monolithic,Single Server Deployment,REST API
64698,High,48,Daily,24,High,High,Kubernetes Deployment,Kubernetes Orchestration Deployment,REST API + gRPC/Event-Driven
193881,High,50,Daily,25,High,High,Kubernetes Deployment,Kubernetes Orchestration Deployment,REST API + gRPC/Event-Driven
49777,Medium,17,Daily,9,High,Medium,Microservices,Microservices with Docker,REST API + gRPC
6304,Low,9,Weekly,4,Medium,Low,Containerized App,Docker Container Deployment,REST API
121376,High,27,Daily,18,High,High,Kubernetes Deployment,Kubernetes Orchestration Deployment,REST API + gRPC/Event-Driven
5526,Low,10,Weekly,6,High,Low,Containerized App,Docker Container Deployment,REST API
8596,Low,10,Weekly,6,High,Low,Containerized App,Docker Container Deployment,REST API
6980,Low,9,Monthly,5,High,Low,Containerized App,Docker Container Deployment,REST API
39377,Medium,18,Weekly,14,High,High,Microservices,Microservices with Docker,REST API + gRPC
129,Low,4,Monthly,1,Medium,Low,Monolithic,Single Server Deployment,REST API
6823,Low,6,Monthly,7,Medium,Low,Containerized App,Docker Container Deployment,REST API
9968,Low,6,Weekly,7,High,Low,Containerized App,Docker Container Deployment,REST API
47955,Medium,18,Daily,9,High,Medium,Microservices,Microservices with Docker,REST API + gRPC
28851,Medium,19,Weekly,15,High,Medium,Microservices,Microservices with Docker,REST API + gRPC
69671,High,21,Daily,24,High,High,Kubernetes Deployment,Kubernetes Orchestration Deployment,REST API + gRPC/Event-Driven
11156,Low,6,Monthly,7,Medium,Low,Containerized App,Docker Container Deployment,REST API
107322,High,42,Daily,11,High,High,Kubernetes Deployment,Kubernetes Orchestration Deployment,REST API + gRPC/Event-Driven
12370,Low,8,Weekly,7,High,Low,Containerized App,Docker Container Deployment,REST API
1737,Low,4,Monthly,1,Medium,Low,Monolithic,Single Server Deployment,REST API
97697,High,48,Daily,16,High,High,Kubernetes Deployment,Kubernetes Orchestration Deployment,REST API + gRPC/Event-Driven
17101,Low,14,Weekly,8,Medium,Low,Containerized App,Docker Container Deployment,REST API
26259,High,21,Daily,9,High,High,Microservices,Microservices with Docker,REST API + gRPC
10717,Medium,13,Weekly,8,High,Medium,Containerized App,Docker Container Deployment,REST API
10012,Medium,10,Weekly,7,High,Low,Containerized App,Docker Container Deployment,REST API
140049,High,48,Daily,10,High,High,Kubernetes Deployment,Kubernetes Orchestration Deployment,REST API + gRPC/Event-Driven
120326,High,44,Daily,22,High,High,Kubernetes Deployment,Kubernetes Orchestration Deployment,REST API + gRPC/Event-Driven
54101,High,29,Daily,14,High,High,Kubernetes Deployment,Kubernetes Orchestration Deployment,REST API + gRPC/Event-Driven
3974,Low,2,Monthly,1,Medium,Low,Monolithic,Single Server Deployment,REST API
9926,Low,12,Monthly,4,High,Medium,Containerized App,Docker Container Deployment,REST API
742,Low,4,Monthly,1,Low,Low,Monolithic,Single Server Deployment,REST API
105498,High,40,Daily,14,High,High,Kubernetes Deployment,Kubernetes Orchestration Deployment,REST API + gRPC/Event-Driven
2104,Low,2,Monthly,2,Medium,Low,Monolithic,Single Server Deployment,REST API
146909,High,37,Daily,23,High,High,Kubernetes Deployment,Kubernetes Orchestration Deployment,REST API + gRPC/Event-Driven
4958,Low,4,Monthly,2,Low,Low,Monolithic,Single Server Deployment,REST API
3708,Low,2,Monthly,1,Low,Low,Monolithic,Single Server Deployment,REST API
35702,Medium,27,Daily,10,Medium,Medium,Microservices,Microservices with Docker,REST API + gRPC
121634,High,34,Daily,20,High,High,Kubernetes Deployment,Kubernetes Orchestration Deployment,REST API + gRPC/Event-Driven
12836,Low,12,Monthly,4,Medium,Medium,Containerized App,Docker Container Deployment,REST API
16378,Medium,8,Weekly,8,Medium,Medium,Containerized App,Docker Container Deployment,REST API
53608,High,46,Daily,11,High,High,Kubernetes Deployment,Kubernetes Orchestration Deployment,REST API + gRPC/Event-Driven
38308,High,18,Weekly,14,High,High,Microservices,Microservices with Docker,REST API + gRPC
4752,Low,3,Monthly,1,Low,Low,Monolithic,Single Server Deployment,REST API
319,Low,4,Monthly,1,Low,Low,Monolithic,Single Server Deployment,REST API
35110,High,25,Daily,15,Medium,Medium,Microservices,Microservices with Docker,REST API + gRPC
13299,Medium,7,Monthly,7,High,Low,Containerized App,Docker Container Deployment,REST API
19180,Low,13,Weekly,5,Medium,Low,Containerized App,Docker Container Deployment,REST API
1386,Low,3,Monthly,1,Low,Low,Monolithic,Single Server Deployment,REST API
3666,Low,2,Monthly,1,Medium,Low,Monolithic,Single Server Deployment,REST API
11631,Medium,13,Weekly,3,High,Low,Containerized App,Docker Container Deployment,REST API
57013,High,27,Daily,13,High,High,Kubernetes Deployment,Kubernetes Orchestration Deployment,REST API + gRPC/Event-Driven
3014,Low,5,Monthly,3,Low,Low,Monolithic,Single Server Deployment,REST API
21464,Medium,30,Weekly,15,Medium,High,Microservices,Microservices with Docker,REST API + gRPC
8132,Low,11,Weekly,3,High,Medium,Containerized App,Docker Container Deployment,REST API
30259,Medium,16,Weekly,10,Medium,High,Microservices,Microservices with Docker,REST API + gRPC
118274,High,39,Daily,16,High,High,Kubernetes Deployment,Kubernetes Orchestration Deployment,REST API + gRPC/Event-Driven
167038,High,35,Daily,16,High,High,Kubernetes Deployment,Kubernetes Orchestration Deployment,REST API + gRPC/Event-Driven
38063,Medium,26,Weekly,15,Medium,Medium,Microservices,Microservices with Docker,REST API + gRPC
8445,Medium,13,Monthly,5,High,Low,Containerized App,Docker Container Deployment,REST API
10342,Medium,8,Monthly,4,Medium,Low,Containerized App,Docker Container Deployment,REST API
12769,Medium,14,Monthly,6,High,Low,Containerized App,Docker Container Deployment,REST API
189382,High,24,Daily,11,High,High,Kubernetes Deployment,Kubernetes Orchestration Deployment,REST API + gRPC/Event-Driven
1209,Low,4,Monthly,1,Medium,Low,Monolithic,Single Server Deployment,REST API
190953,High,26,Daily,23,High,High,Kubernetes Deployment,Kubernetes Orchestration Deployment,REST API + gRPC/Event-Driven
96470,High,35,Daily,22,High,High,Kubernetes Deployment,Kubernetes Orchestration Deployment,REST API + gRPC/Event-Driven
18763,Low,11,Weekly,8,High,Low,Containerized App,Docker Container Deployment,REST API
11776,Low,12,Weekly,4,Medium,Medium,Containerized App,Docker Container Deployment,REST API
30288,High,21,Daily,9,Medium,Medium,Microservices,Microservices with Docker,REST API + gRPC
478,Low,3,Monthly,2,Low,Low,Monolithic,Single Server Deployment,REST API
3560,Low,5,Monthly,2,Low,Low,Monolithic,Single Server Deployment,REST API
11481,Low,11,Monthly,8,High,Medium,Containerized App,Docker Container Deployment,REST API
70140,High,43,Daily,17,High,High,Kubernetes Deployment,Kubernetes Orchestration Deployment,REST API + gRPC/Event-Driven
8264,Medium,6,Weekly,8,High,Low,Containerized App,Docker Container Deployment,REST API
152591,High,44,Daily,21,High,High,Kubernetes Deployment,Kubernetes Orchestration Deployment,REST API + gRPC/Event-Driven
20527,Medium,25,Daily,10,Medium,High,Microservices,Microservices with Docker,REST API + gRPC
111064,High,34,Daily,24,High,High,Kubernetes Deployment,Kubernetes Orchestration Deployment,REST API + gRPC/Event-Driven
11224,Medium,9,Weekly,3,High,Medium,Containerized App,Docker Container Deployment,REST API
18131,Low,15,Weekly,7,High,Low,Containerized App,Docker Container Deployment,REST API
41548,Medium,26,Weekly,12,Medium,High,Microservices,Microservices with Docker,REST API + gRPC
45613,Medium,29,Weekly,11,High,Medium,Microservices,Microservices with Docker,REST API + gRPC
1852,Low,2,Monthly,2,Medium,Low,Monolithic,Single Server Deployment,REST API
170019,High,41,Daily,21,High,High,Kubernetes Deployment,Kubernetes Orchestration Deployment,REST API + gRPC/Event-Driven
46675,Medium,21,Weekly,9,Medium,Medium,Microservices,Microservices with Docker,REST API + gRPC
45717,Medium,22,Weekly,11,High,Medium,Microservices,Microservices with Docker,REST API + gRPC
22995,High,27,Daily,10,High,Medium,Microservices,Microservices with Docker,REST API + gRPC
138616,High,25,Daily,19,High,High,Kubernetes Deployment,Kubernetes Orchestration Deployment,REST API + gRPC/Event-Driven
31108,High,23,Daily,9,Medium,Medium,Microservices,Microservices with Docker,REST API + gRPC
18787,Low,6,Monthly,4,High,Low,Containerized App,Docker Container Deployment,REST API
1851,Low,5,Monthly,1,Low,Low,Monolithic,Single Server Deployment,REST API
173889,High,48,Daily,10,High,High,Kubernetes Deployment,Kubernetes Orchestration Deployment,REST API + gRPC/Event-Driven
189233,High,30,Daily,22,High,High,Kubernetes Deployment,Kubernetes Orchestration Deployment,REST API + gRPC/Event-Driven
43341,High,22,Weekly,10,Medium,Medium,Microservices,Microservices with Docker,REST API + gRPC
2928,Low,5,Monthly,2,Low,Low,Monolithic,Single Server Deployment,REST API
48367,High,17,Daily,9,High,High,Microservices,Microservices with Docker,REST API + gRPC
19879,Medium,8,Weekly,8,High,Medium,Containerized App,Docker Container Deployment,REST API
1859,Low,3,Monthly,2,Low,Low,Monolithic,Single Server Deployment,REST API
84165,High,39,Daily,22,High,High,Kubernetes Deployment,Kubernetes Orchestration Deployment,REST API + gRPC/Event-Driven
1879,Low,2,Monthly,1,Low,Low,Monolithic,Single Server Deployment,REST API
3899,Low,3,Monthly,1,Medium,Low,Monolithic,Single Server Deployment,REST API
8827,Medium,12,Monthly,5,High,Medium,Containerized App,Docker Container Deployment,REST API
91480,High,48,Daily,18,High,High,Kubernetes Deployment,Kubernetes Orchestration Deployment,REST API + gRPC/Event-Driven
46380,High,30,Weekly,10,High,Medium,Microservices,Microservices with Docker,REST API + gRPC
38730,Medium,30,Weekly,14,Medium,High,Microservices,Microservices with Docker,REST API + gRPC
5325,Medium,15,Weekly,5,High,Medium,Containerized App,Docker Container Deployment,REST API
18196,Low,13,Weekly,3,Medium,Low,Containerized App,Docker Container Deployment,REST API
2019,Low,3,Monthly,1,Low,Low,Monolithic,Single Server Deployment,REST API
3849,Low,5,Monthly,1,Low,Low,Monolithic,Single Server Deployment,REST API
4024,Low,4,Monthly,1,Medium,Low,Monolithic,Single Server Deployment,REST API
15260,Medium,8,Weekly,6,Medium,Medium,Containerized App,Docker Container Deployment,REST API
1956,Low,4,Monthly,1,Low,Low,Monolithic,Single Server Deployment,REST API
171465,High,25,Daily,13,High,High,Kubernetes Deployment,Kubernetes Orchestration Deployment,REST API + gRPC/Event-Driven
19090,Low,14,Monthly,3,High,Medium,Containerized App,Docker Container Deployment,REST API
4291,Low,3,Monthly,2,Medium,Low,Monolithic,Single Server Deployment,REST API
156442,High,23,Daily,21,High,High,Kubernetes Deployment,Kubernetes Orchestration Deployment,REST API + gRPC/Event-Driven
16101,Low,10,Monthly,4,Medium,Low,Containerized App,Docker Container Deployment,REST API
43875,Medium,22,Daily,9,Medium,Medium,Microservices,Microservices with Docker,REST API + gRPC
6812,Low,14,Monthly,3,Medium,Low,Containerized App,Docker Container Deployment,REST API
42567,Medium,24,Daily,15,Medium,High,Microservices,Microservices with Docker,REST API + gRPC
3980,Low,5,Monthly,1,Low,Low,Monolithic,Single Server Deployment,REST API
3117,Low,4,Monthly,3,Low,Low,Monolithic,Single Server Deployment,REST API
4808,Low,5,Monthly,2,Low,Low,Monolithic,Single Server Deployment,REST API
110690,High,27,Daily,22,High,High,Kubernetes Deployment,Kubernetes Orchestration Deployment,REST API + gRPC/Event-Driven
4096,Low,2,Monthly,1,Medium,Low,Monolithic,Single Server Deployment,REST API
1616,Low,2,Monthly,3,Medium,Low,Monolithic,Single Server Deployment,REST API
48327,Medium,29,Daily,14,High,Medium,Microservices,Microservices with Docker,REST API + gRPC
16123,Low,8,Monthly,6,High,Low,Containerized App,Docker Container Deployment,REST API
38499,Medium,26,Daily,9,Medium,High,Microservices,Microservices with Docker,REST API + gRPC
37864,High,18,Daily,13,High,Medium,Microservices,Microservices with Docker,REST API + gRPC
36878,Medium,23,Daily,12,High,High,Microservices,Microservices with Docker,REST API + gRPC
24664,High,27,Weekly,14,Medium,Medium,Microservices,Microservices with Docker,REST API + gRPC
27713,High,18,Weekly,12,Medium,High,Microservices,Microservices with Docker,REST API + gRPC
12167,Low,15,Monthly,3,Medium,Medium,Containerized App,Docker Container Deployment,REST API
543,Low,5,Monthly,2,Low,Low,Monolithic,Single Server Deployment,REST API
3825,Low,4,Monthly,3,Medium,Low,Monolithic,Single Server Deployment,REST API
40111,Medium,17,Weekly,14,High,High,Microservices,Microservices with Docker,REST API + gRPC
24933,High,29,Daily,9,High,Medium,Microservices,Microservices with Docker,REST API + gRPC
1231,Low,4,Monthly,3,Low,Low,Monolithic,Single Server Deployment,REST API
103303,High,45,Daily,21,High,High,Kubernetes Deployment,Kubernetes Orchestration Deployment,REST API + gRPC/Event-Driven
2568,Low,5,Monthly,3,Low,Low,Monolithic,Single Server Deployment,REST API
44270,Medium,25,Daily,15,Medium,Medium,Microservices,Microservices with Docker,REST API + gRPC
82558,High,25,Daily,21,High,High,Kubernetes Deployment,Kubernetes Orchestration Deployment,REST API + gRPC/Event-Driven
133845,High,34,Daily,25,High,High,Kubernetes Deployment,Kubernetes Orchestration Deployment,REST API + gRPC/Event-Driven
1889,Low,2,Monthly,2,Medium,Low,Monolithic,Single Server Deployment,REST API
4078,Low,5,Monthly,2,Medium,Low,Monolithic,Single Server Deployment,REST API
111519,High,47,Daily,19,High,High,Kubernetes Deployment,Kubernetes Orchestration Deployment,REST API + gRPC/Event-Driven
2456,Low,2,Monthly,2,Low,Low,Monolithic,Single Server Deployment,REST API
76162,High,44,Daily,18,High,High,Kubernetes Deployment,Kubernetes Orchestration Deployment,REST API + gRPC/Event-Driven
3404,Low,5,Monthly,2,Medium,Low,Monolithic,Single Server Deployment,REST API
52072,High,37,Daily,17,High,High,Kubernetes Deployment,Kubernetes Orchestration Deployment,REST API + gRPC/Event-Driven
6974,Low,12,Monthly,5,Medium,Low,Containerized App,Docker Container Deployment,REST API
176022,High,28,Daily,14,High,High,Kubernetes Deployment,Kubernetes Orchestration Deployment,REST API + gRPC/Event-Driven
1315,Low,2,Monthly,3,Low,Low,Monolithic,Single Server Deployment,REST API
13705,Low,11,Monthly,3,Medium,Medium,Containerized App,Docker Container Deployment,REST API
15881,Medium,6,Monthly,6,Medium,Medium,Containerized App,Docker Container Deployment,REST API
4219,Low,3,Monthly,1,Low,Low,Monolithic,Single Server Deployment,REST API
174722,High,38,Daily,25,High,High,Kubernetes Deployment,Kubernetes Orchestration Deployment,REST API + gRPC/Event-Driven
37838,High,21,Daily,14,High,Medium,Microservices,Microservices with Docker,REST API + gRPC
19969,Medium,6,Weekly,7,Medium,Low,Containerized App,Docker Container Deployment,REST API
1408,Low,2,Monthly,1,Medium,Low,Monolithic,Single Server Deployment,REST API
26907,High,22,Daily,9,High,Medium,Microservices,Microservices with Docker,REST API + gRPC
40074,Medium,18,Daily,15,High,Medium,Microservices,Microservices with Docker,REST API + gRPC
44684,Medium,25,Weekly,9,High,Medium,Microservices,Microservices with Docker,REST API + gRPC
3119,Low,2,Monthly,3,Medium,Low,Monolithic,Single Server Deployment,REST API
21087,High,26,Daily,15,High,High,Microservices,Microservices with Docker,REST API + gRPC
429,Low,2,Monthly,1,Low,Low,Monolithic,Single Server Deployment,REST API
16366,Low,11,Monthly,3,Medium,Low,Containerized App,Docker Container Deployment,REST API
33683,Medium,21,Weekly,10,High,High,Microservices,Microservices with Docker,REST API + gRPC
18473,Medium,12,Weekly,7,Medium,Medium,Containerized App,Docker Container Deployment,REST API
103481,High,30,Daily,12,High,High,Kubernetes Deployment,Kubernetes Orchestration Deployment,REST API + gRPC/Event-Driven
14574,Medium,7,Monthly,4,Medium,Low,Containerized App,Docker Container Deployment,REST API
15475,Medium,7,Weekly,3,High,Medium,Containerized App,Docker Container Deployment,REST API
10344,Low,15,Weekly,8,High,Low,Containerized App,Docker Container Deployment,REST API
114180,High,20,Daily,24,High,High,Kubernetes Deployment,Kubernetes Orchestration Deployment,REST API + gRPC/Event-Driven
28286,High,25,Weekly,12,High,High,Microservices,Microservices with Docker,REST API + gRPC
714,Low,2,Monthly,2,Medium,Low,Monolithic,Single Server Deployment,REST API
42307,Medium,28,Daily,12,Medium,Medium,Microservices,Microservices with Docker,REST API + gRPC
42556,Medium,28,Weekly,12,Medium,Medium,Microservices,Microservices with Docker,REST API + gRPC
19497,Medium,10,Weekly,6,Medium,Medium,Containerized App,Docker Container Deployment,REST API
22930,Medium,16,Weekly,13,Medium,Medium,Microservices,Microservices with Docker,REST API + gRPC
27222,Medium,16,Daily,9,High,Medium,Microservices,Microservices with Docker,REST API + gRPC
36125,Medium,24,Weekly,14,Medium,Medium,Microservices,Microservices with Docker,REST API + gRPC
3448,Low,4,Monthly,3,Low,Low,Monolithic,Single Server Deployment,REST API
2996,Low,2,Monthly,1,Medium,Low,Monolithic,Single Server Deployment,REST API
39990,High,26,Daily,9,Medium,High,Microservices,Microservices with Docker,REST API + gRPC
159713,High,44,Daily,14,High,High,Kubernetes Deployment,Kubernetes Orchestration Deployment,REST API + gRPC/Event-Driven
4772,Low,5,Monthly,2,Low,Low,Monolithic,Single Server Deployment,REST API
34442,Medium,26,Weekly,10,Medium,High,Microservices,Microservices with Docker,REST API + gRPC
106419,High,42,Daily,12,High,High,Kubernetes Deployment,Kubernetes Orchestration Deployment,REST API + gRPC/Event-Driven
2375,Low,3,Monthly,2,Medium,Low,Monolithic,Single Server Deployment,REST API
86626,High,23,Daily,10,High,High,Kubernetes Deployment,Kubernetes Orchestration Deployment,REST API + gRPC/Event-Driven
4091,Low,4,Monthly,1,Medium,Low,Monolithic,Single Server Deployment,REST API
19206,Medium,12,Monthly,6,High,Low,Containerized App,Docker Container Deployment,REST API
3845,Low,2,Monthly,3,Medium,Low,Monolithic,Single Server Deployment,REST API
3976,Low,4,Monthly,2,Medium,Low,Monolithic,Single Server Deployment,REST API
63955,High,32,Daily,12,High,High,Kubernetes Deployment,Kubernetes Orchestration Deployment,REST API + gRPC/Event-Driven
91429,High,21,Daily,13,High,High,Kubernetes Deployment,Kubernetes Orchestration Deployment,REST API + gRPC/Event-Driven
228,Low,3,Monthly,3,Low,Low,Monolithic,Single Server Deployment,REST API
14310,Medium,12,Monthly,6,Medium,Medium,Containerized App,Docker Container Deployment,REST API
13341,Low,12,Monthly,6,High,Medium,Containerized App,Docker Container Deployment,REST API
42060,High,28,Daily,12,High,High,Microservices,Microservices with Docker,REST API + gRPC
30495,High,29,Weekly,12,Medium,Medium,Microservices,Microservices with Docker,REST API + gRPC
4632,Low,3,Monthly,2,Medium,Low,Monolithic,Single Server Deployment,REST API
5959,Medium,12,Weekly,8,High,Low,Containerized App,Docker Container Deployment,REST API
14414,Low,9,Monthly,8,Medium,Medium,Containerized App,Docker Container Deployment,REST API
383,Low,3,Monthly,3,Medium,Low,Monolithic,Single Server Deployment,REST API
2152,Low,3,Monthly,1,Medium,Low,Monolithic,Single Server Deployment,REST API
117590,High,23,Daily,12,High,High,Kubernetes Deployment,Kubernetes Orchestration Deployment,REST API + gRPC/Event-Driven
3802,Low,3,Monthly,3,Low,Low,Monolithic,Single Server Deployment,REST API
26606,High,30,Daily,9,Medium,High,Microservices,Microservices with Docker,REST API + gRPC
4588,Low,3,Monthly,2,Medium,Low,Monolithic,Single Server Deployment,REST API
4911,Low,3,Monthly,2,Low,Low,Monolithic,Single Server Deployment,REST API
19976,Low,6,Weekly,3,Medium,Low,Containerized App,Docker Container Deployment,REST API
34022,Medium,22,Daily,15,High,High,Microservices,Microservices with Docker,REST API + gRPC
147091,High,47,Daily,12,High,High,Kubernetes Deployment,Kubernetes Orchestration Deployment,REST API + gRPC/Event-Driven
66110,High,29,Daily,14,High,High,Kubernetes Deployment,Kubernetes Orchestration Deployment,REST API + gRPC/Event-Driven
17894,Low,7,Monthly,3,Medium,Medium,Containerized App,Docker Container Deployment,REST API
2032,Low,5,Monthly,1,Low,Low,Monolithic,Single Server Deployment,REST API
3034,Low,3,Monthly,2,Low,Low,Monolithic,Single Server Deployment,REST API
47270,Medium,28,Daily,12,Medium,Medium,Microservices,Microservices with Docker,REST API + gRPC
20195,Medium,30,Daily,13,High,Medium,Microservices,Microservices with Docker,REST API + gRPC
7034,Low,15,Monthly,3,High,Medium,Containerized App,Docker Container Deployment,REST API
35494,High,22,Daily,14,Medium,Medium,Microservices,Microservices with Docker,REST API + gRPC
28210,Medium,23,Weekly,14,High,High,Microservices,Microservices with Docker,REST API + gRPC
7633,Medium,6,Monthly,6,Medium,Medium,Containerized App,Docker Container Deployment,REST API
10878,Medium,10,Weekly,6,Medium,Medium,Containerized App,Docker Container Deployment,REST API
4553,Low,2,Monthly,2,Medium,Low,Monolithic,Single Server Deployment,REST API
7701,Low,11,Weekly,4,High,Low,Containerized App,Docker Container Deployment,REST API
17298,Medium,14,Monthly,3,Medium,Low,Containerized App,Docker Container Deployment,REST API
36867,Medium,25,Weekly,12,High,Medium,Microservices,Microservices with Docker,REST API + gRPC
12649,Low,6,Weekly,7,High,Medium,Containerized App,Docker Container Deployment,REST API
49864,Medium,18,Weekly,11,Medium,High,Microservices,Microservices with Docker,REST API + gRPC
102612,High,30,Daily,13,High,High,Kubernetes Deployment,Kubernetes Orchestration Deployment,REST API + gRPC/Event-Driven
7407,Medium,8,Monthly,4,Medium,Low,Containerized App,Docker Container Deployment,REST API
36815,Medium,17,Weekly,10,High,High,Microservices,Microservices with Docker,REST API + gRPC
43038,High,30,Weekly,9,High,High,Microservices,Microservices with Docker,REST API + gRPC
1682,Low,5,Monthly,2,Medium,Low,Monolithic,Single Server Deployment,REST API
120992,High,26,Daily,14,High,High,Kubernetes Deployment,Kubernetes Orchestration Deployment,REST API + gRPC/Event-Driven
790,Low,3,Monthly,3,Medium,Low,Monolithic,Single Server Deployment,REST API
176082,High,22,Daily,22,High,High,Kubernetes Deployment,Kubernetes Orchestration Deployment,REST API + gRPC/Event-Driven
129809,High,33,Daily,13,High,High,Kubernetes Deployment,Kubernetes Orchestration Deployment,REST API + gRPC/Event-Driven
108192,High,20,Daily,21,High,High,Kubernetes Deployment,Kubernetes Orchestration Deployment,REST API + gRPC/Event-Driven
1197,Low,4,Monthly,3,Medium,Low,Monolithic,Single Server Deployment,REST API
113315,High,50,Daily,14,High,High,Kubernetes Deployment,Kubernetes Orchestration Deployment,REST API + gRPC/Event-Driven
53297,High,43,Daily,25,High,High,Kubernetes Deployment,Kubernetes Orchestration Deployment,REST API + gRPC/Event-Driven
31802,High,24,Daily,10,Medium,Medium,Microservices,Microservices with Docker,REST API + gRPC
1695,Low,2,Monthly,3,Low,Low,Monolithic,Single Server Deployment,REST API
75236,High,38,Daily,23,High,High,Kubernetes Deployment,Kubernetes Orchestration Deployment,REST API + gRPC/Event-Driven
178262,High,38,Daily,12,High,High,Kubernetes Deployment,Kubernetes Orchestration Deployment,REST API + gRPC/Event-Driven
32628,Medium,27,Daily,11,Medium,High,Microservices,Microservices with Docker,REST API + gRPC
2046,Low,4,Monthly,2,Medium,Low,Monolithic,Single Server Deployment,REST API
5469,Medium,14,Weekly,5,High,Low,Containerized App,Docker Container Deployment,REST API
34817,Medium,19,Weekly,10,Medium,High,Microservices,Microservices with Docker,REST API + gRPC
4321,Low,3,Monthly,3,Low,Low,Monolithic,Single Server Deployment,REST API
47268,Medium,16,Daily,13,Medium,Medium,Microservices,Microservices with Docker,REST API + gRPC
5860,Low,14,Weekly,7,High,Low,Containerized App,Docker Container Deployment,REST API
1953,Low,4,Monthly,2,Low,Low,Monolithic,Single Server Deployment,REST API
13160,Medium,11,Monthly,4,High,Low,Containerized App,Docker Container Deployment,REST API
19921,Low,6,Monthly,6,Medium,Medium,Containerized App,Docker Container Deployment,REST API
39225,Medium,19,Daily,10,Medium,High,Microservices,Microservices with Docker,REST API + gRPC
43876,High,24,Weekly,15,Medium,Medium,Microservices,Microservices with Docker,REST API + gRPC
1260,Low,4,Monthly,2,Medium,Low,Monolithic,Single Server Deployment,REST API
4544,Low,5,Monthly,2,Low,Low,Monolithic,Single Server Deployment,REST API
12045,Medium,14,Monthly,4,Medium,Low,Containerized App,Docker Container Deployment,REST API
182190,High,23,Daily,20,High,High,Kubernetes Deployment,Kubernetes Orchestration Deployment,REST API + gRPC/Event-Driven
4328,Low,4,Monthly,1,Medium,Low,Monolithic,Single Server Deployment,REST API
160360,High,34,Daily,14,High,High,Kubernetes Deployment,Kubernetes Orchestration Deployment,REST API + gRPC/Event-Driven
24540,High,30,Daily,12,High,High,Microservices,Microservices with Docker,REST API + gRPC
13781,Low,7,Weekly,8,Medium,Medium,Containerized App,Docker Container Deployment,REST API
11783,Low,9,Weekly,4,Medium,Medium,Containerized App,Docker Container Deployment,REST API
1593,Low,3,Monthly,3,Low,Low,Monolithic,Single Server Deployment,REST API
79283,High,23,Daily,23,High,High,Kubernetes Deployment,Kubernetes Orchestration Deployment,REST API + gRPC/Event-Driven
20786,Medium,27,Weekly,9,Medium,Medium,Microservices,Microservices with Docker,REST API + gRPC
39445,Medium,21,Daily,11,Medium,Medium,Microservices,Microservices with Docker,REST API + gRPC
45559,High,24,Daily,13,Medium,Medium,Microservices,Microservices with Docker,REST API + gRPC
10460,Low,13,Monthly,4,Medium,Low,Containerized App,Docker Container Deployment,REST API
4325,Low,2,Monthly,2,Low,Low,Monolithic,Single Server Deployment,REST API
15804,Low,11,Weekly,3,Medium,Medium,Containerized App,Docker Container Deployment,REST API
18529,Medium,14,Weekly,5,High,Medium,Containerized App,Docker Container Deployment,REST API
86063,High,31,Daily,18,High,High,Kubernetes Deployment,Kubernetes Orchestration Deployment,REST API + gRPC/Event-Driven
49950,High,22,Weekly,15,Medium,Medium,Microservices,Microservices with Docker,REST API + gRPC
46104,Medium,18,Weekly,14,High,High,Microservices,Microservices with Docker,REST API + gRPC
33819,Medium,21,Daily,9,High,Medium,Microservices,Microservices with Docker,REST API + gRPC
3990,Low,3,Monthly,1,Medium,Low,Monolithic,Single Server Deployment,REST API
11966,Low,9,Weekly,5,High,Medium,Containerized App,Docker Container Deployment,REST API
7067,Low,7,Weekly,5,High,Low,Containerized App,Docker Container Deployment,REST API
10157,Low,13,Monthly,3,High,Medium,Containerized App,Docker Container Deployment,REST API
15605,Medium,8,Weekly,4,Medium,Low,Containerized App,Docker Container Deployment,REST API
60416,High,28,Daily,15,High,High,Kubernetes Deployment,Kubernetes Orchestration Deployment,REST API + gRPC/Event-Driven
188682,High,23,Daily,12,High,High,Kubernetes Deployment,Kubernetes Orchestration Deployment,REST API + gRPC/Event-Driven
39129,High,24,Daily,12,High,High,Microservices,Microservices with Docker,REST API + gRPC
3969,Low,2,Monthly,3,Low,Low,Monolithic,Single Server Deployment,REST API
33381,Medium,29,Daily,15,Medium,High,Microservices,Microservices with Docker,REST API + gRPC
49938,Medium,23,Daily,12,High,Medium,Microservices,Microservices with Docker,REST API + gRPC
44347,High,24,Daily,14,Medium,High,Microservices,Microservices with Docker,REST API + gRPC
42132,Medium,22,Daily,9,Medium,High,Microservices,Microservices with Docker,REST API + gRPC
53710,High,30,Daily,21,High,High,Kubernetes Deployment,Kubernetes Orchestration Deployment,REST API + gRPC/Event-Driven
65850,High,35,Daily,12,High,High,Kubernetes Deployment,Kubernetes Orchestration Deployment,REST API + gRPC/Event-Driven
4062,Low,4,Monthly,2,Medium,Low,Monolithic,Single Server Deployment,REST API
4227,Low,4,Monthly,1,Medium,Low,Monolithic,Single Server Deployment,REST API
3784,Low,3,Monthly,2,Medium,Low,Monolithic,Single Server Deployment,REST API
49174,Medium,27,Weekly,12,Medium,Medium,Microservices,Microservices with Docker,REST API + gRPC
195532,High,31,Daily,17,High,High,Kubernetes Deployment,Kubernetes Orchestration Deployment,REST API + gRPC/Event-Driven
28748,Medium,30,Weekly,9,Medium,High,Microservices,Microservices with Docker,REST API + gRPC
123545,High,23,Daily,10,High,High,Kubernetes Deployment,Kubernetes Orchestration Deployment,REST API + gRPC/Event-Driven
13978,Medium,12,Monthly,4,Medium,Low,Containerized App,Docker Container Deployment,REST API
18896,Low,14,Monthly,5,Medium,Medium,Containerized App,Docker Container Deployment,REST API
2054,Low,2,Monthly,1,Low,Low,Monolithic,Single Server Deployment,REST API
16384,Medium,8,Monthly,3,Medium,Low,Containerized App,Docker Container Deployment,REST API
44621,High,25,Daily,12,High,High,Microservices,Microservices with Docker,REST API + gRPC
169007,High,32,Daily,15,High,High,Kubernetes Deployment,Kubernetes Orchestration Deployment,REST API + gRPC/Event-Driven
138176,High,43,Daily,10,High,High,Kubernetes Deployment,Kubernetes Orchestration Deployment,REST API + gRPC/Event-Driven
112957,High,47,Daily,24,High,High,Kubernetes Deployment,Kubernetes Orchestration Deployment,REST API + gRPC/Event-Driven
42370,Medium,17,Weekly,14,High,Medium,Microservices,Microservices with Docker,REST API + gRPC
1417,Low,4,Monthly,2,Medium,Low,Monolithic,Single Server Deployment,REST API
44083,Medium,19,Weekly,13,High,High,Microservices,Microservices with Docker,REST API + gRPC
37733,High,21,Weekly,13,Medium,High,Microservices,Microservices with Docker,REST API + gRPC
21915,High,18,Daily,14,High,Medium,Microservices,Microservices with Docker,REST API + gRPC
122866,High,35,Daily,15,High,High,Kubernetes Deployment,Kubernetes Orchestration Deployment,REST API + gRPC/Event-Driven
96657,High,36,Daily,23,High,High,Kubernetes Deployment,Kubernetes Orchestration Deployment,REST API + gRPC/Event-Driven
46421,High,24,Daily,11,Medium,Medium,Microservices,Microservices with Docker,REST API + gRPC
641,Low,4,Monthly,1,Medium,Low,Monolithic,Single Server Deployment,REST API
10323,Medium,14,Weekly,4,Medium,Low,Containerized App,Docker Container Deployment,REST API
233,Low,2,Monthly,1,Medium,Low,Monolithic,Single Server Deployment,REST API
33924,Medium,24,Weekly,9,High,Medium,Microservices,Microservices with Docker,REST API + gRPC
19396,Medium,11,Weekly,3,Medium,Medium,Containerized App,Docker Container Deployment,REST API
2806,Low,2,Monthly,3,Low,Low,Monolithic,Single Server Deployment,REST API
173614,High,37,Daily,20,High,High,Kubernetes Deployment,Kubernetes Orchestration Deployment,REST API + gRPC/Event-Driven
43690,Medium,16,Daily,11,Medium,Medium,Microservices,Microservices with Docker,REST API + gRPC
18299,Medium,15,Weekly,6,High,Medium,Containerized App,Docker Container Deployment,REST API
201,Low,5,Monthly,1,Medium,Low,Monolithic,Single Server Deployment,REST API
163328,High,34,Daily,17,High,High,Kubernetes Deployment,Kubernetes Orchestration Deployment,REST API + gRPC/Event-Driven
28057,Medium,26,Weekly,10,High,Medium,Microservices,Microservices with Docker,REST API + gRPC
7876,Medium,13,Monthly,8,Medium,Medium,Containerized App,Docker Container Deployment,REST API
39539,Medium,16,Daily,14,High,High,Microservices,Microservices with Docker,REST API + gRPC
154291,High,22,Daily,24,High,High,Kubernetes Deployment,Kubernetes Orchestration Deployment,REST API + gRPC/Event-Driven
530,Low,2,Monthly,2,Medium,Low,Monolithic,Single Server Deployment,REST API
9348,Low,14,Monthly,3,Medium,Medium,Containerized App,Docker Container Deployment,REST API
16914,Medium,13,Weekly,8,High,Medium,Containerized App,Docker Container Deployment,REST API
14941,Medium,12,Monthly,6,Medium,Medium,Containerized App,Docker Container Deployment,REST API
4509,Low,3,Monthly,2,Low,Low,Monolithic,Single Server Deployment,REST API
30531,Medium,28,Weekly,15,High,Medium,Microservices,Microservices with Docker,REST API + gRPC
180062,High,29,Daily,17,High,High,Kubernetes Deployment,Kubernetes Orchestration Deployment,REST API + gRPC/Event-Driven
30223,High,20,Weekly,13,Medium,High,Microservices,Microservices with Docker,REST API + gRPC
14639,Low,7,Weekly,3,High,Medium,Containerized App,Docker Container Deployment,REST API
36413,High,26,Daily,12,High,Medium,Microservices,Microservices with Docker,REST API + gRPC
3205,Low,3,Monthly,3,Medium,Low,Monolithic,Single Server Deployment,REST API
19850,Medium,7,Weekly,3,High,Medium,Containerized App,Docker Container Deployment,REST API
4056,Low,3,Monthly,3,Medium,Low,Monolithic,Single Server Deployment,REST API
38062,Medium,16,Weekly,11,Medium,High,Microservices,Microservices with Docker,REST API + gRPC
4387,Low,3,Monthly,2,Medium,Low,Monolithic,Single Server Deployment,REST API
19899,Low,6,Monthly,7,Medium,Low,Containerized App,Docker Container Deployment,REST API
4190,Low,4,Monthly,2,Medium,Low,Monolithic,Single Server Deployment,REST API
33137,High,18,Weekly,9,High,Medium,Microservices,Microservices with Docker,REST API + gRPC
1126,Low,4,Monthly,3,Low,Low,Monolithic,Single Server Deployment,REST API
34032,Medium,18,Daily,13,High,High,Microservices,Microservices with Docker,REST API + gRPC
6706,Medium,10,Monthly,6,Medium,Medium,Containerized App,Docker Container Deployment,REST API
49975,Medium,20,Daily,15,Medium,High,Microservices,Microservices with Docker,REST API + gRPC
20664,Medium,25,Daily,12,Medium,Medium,Microservices,Microservices with Docker,REST API + gRPC
649,Low,2,Monthly,1,Low,Low,Monolithic,Single Server Deployment,REST API
183643,High,45,Daily,12,High,High,Kubernetes Deployment,Kubernetes Orchestration Deployment,REST API + gRPC/Event-Driven
34832,Medium,17,Daily,15,Medium,High,Microservices,Microservices with Docker,REST API + gRPC
28451,Medium,25,Daily,9,High,Medium,Microservices,Microservices with Docker,REST API + gRPC
49646,High,26,Daily,10,High,High,Microservices,Microservices with Docker,REST API + gRPC
174733,High,50,Daily,17,High,High,Kubernetes Deployment,Kubernetes Orchestration Deployment,REST API + gRPC/Event-Driven
29538,Medium,21,Weekly,13,High,Medium,Microservices,Microservices with Docker,REST API + gRPC
3786,Low,5,Monthly,3,Medium,Low,Monolithic,Single Server Deployment,REST API
18592,Medium,13,Monthly,5,Medium,Medium,Containerized App,Docker Container Deployment,REST API
119856,High,42,Daily,22,High,High,Kubernetes Deployment,Kubernetes Orchestration Deployment,REST API + gRPC/Event-Driven
152750,High,25,Daily,10,High,High,Kubernetes Deployment,Kubernetes Orchestration Deployment,REST API + gRPC/Event-Driven
11774,Low,15,Monthly,6,Medium,Medium,Containerized App,Docker Container Deployment,REST API
3466,Low,4,Monthly,2,Medium,Low,Monolithic,Single Server Deployment,REST API
15219,Medium,6,Monthly,4,High,Medium,Containerized App,Docker Container Deployment,REST API
4998,Low,5,Monthly,3,Medium,Low,Monolithic,Single Server Deployment,REST API
2108,Low,5,Monthly,3,Low,Low,Monolithic,Single Server Deployment,REST API
46355,High,21,Daily,14,High,Medium,Microservices,Microservices with Docker,REST API + gRPC
43921,Medium,25,Weekly,12,High,High,Microservices,Microservices with Docker,REST API + gRPC
181033,High,45,Daily,22,High,High,Kubernetes Deployment,Kubernetes Orchestration Deployment,REST API + gRPC/Event-Driven
1072,Low,5,Monthly,3,Low,Low,Monolithic,Single Server Deployment,REST API
3780,Low,3,Monthly,2,Low,Low,Monolithic,Single Server Deployment,REST API
15530,Low,11,Weekly,3,Medium,Low,Containerized App,Docker Container Deployment,REST API
19042,Low,13,Weekly,7,High,Medium,Containerized App,Docker Container Deployment,REST API
1036,Low,5,Monthly,2,Low,Low,Monolithic,Single Server Deployment,REST API
12186,Medium,8,Monthly,5,High,Low,Containerized App,Docker Container Deployment,REST API
52367,High,26,Daily,24,High,High,Kubernetes Deployment,Kubernetes Orchestration Deployment,REST API + gRPC/Event-Driven
114512,High,32,Daily,12,High,High,Kubernetes Deployment,Kubernetes Orchestration Deployment,REST API + gRPC/Event-Driven
111325,High,38,Daily,20,High,High,Kubernetes Deployment,Kubernetes Orchestration Deployment,REST API + gRPC/Event-Driven
9793,Medium,12,Weekly,3,High,Medium,Containerized App,Docker Container Deployment,REST API
167373,High,21,Daily,14,High,High,Kubernetes Deployment,Kubernetes Orchestration Deployment,REST API + gRPC/Event-Driven
17840,Medium,11,Weekly,5,Medium,Low,Containerized App,Docker Container Deployment,REST API
8663,Low,14,Weekly,5,High,Low,Containerized App,Docker Container Deployment,REST API
11227,Medium,12,Monthly,5,High,Medium,Containerized App,Docker Container Deployment,REST API
3747,Low,5,Monthly,2,Low,Low,Monolithic,Single Server Deployment,REST API
3300,Low,2,Monthly,2,Medium,Low,Monolithic,Single Server Deployment,REST API
4733,Low,5,Monthly,3,Low,Low,Monolithic,Single Server Deployment,REST API
104973,High,22,Daily,20,High,High,Kubernetes Deployment,Kubernetes Orchestration Deployment,REST API + gRPC/Event-Driven
929,Low,3,Monthly,3,Medium,Low,Monolithic,Single Server Deployment,REST API
183422,High,46,Daily,24,High,High,Kubernetes Deployment,Kubernetes Orchestration Deployment,REST API + gRPC/Event-Driven
17630,Low,14,Monthly,4,Medium,Medium,Containerized App,Docker Container Deployment,REST API
101858,High,45,Daily,21,High,High,Kubernetes Deployment,Kubernetes Orchestration Deployment,REST API + gRPC/Event-Driven
18040,Medium,11,Weekly,3,Medium,Medium,Containerized App,Docker Container Deployment,REST API
142617,High,50,Daily,19,High,High,Kubernetes Deployment,Kubernetes Orchestration Deployment,REST API + gRPC/Event-Driven
1570,Low,3,Monthly,2,Low,Low,Monolithic,Single Server Deployment,REST API
43212,High,21,Weekly,14,Medium,Medium,Microservices,Microservices with Docker,REST API + gRPC
56205,High,25,Daily,16,High,High,Kubernetes Deployment,Kubernetes Orchestration Deployment,REST API + gRPC/Event-Driven
4670,Low,5,Monthly,2,Medium,Low,Monolithic,Single Server Deployment,REST API
1174,Low,4,Monthly,3,Medium,Low,Monolithic,Single Server Deployment,REST API
33256,Medium,16,Daily,12,High,Medium,Microservices,Microservices with Docker,REST API + gRPC
143,Low,2,Monthly,1,Medium,Low,Monolithic,Single Server Deployment,REST API
159375,High,22,Daily,19,High,High,Kubernetes Deployment,Kubernetes Orchestration Deployment,REST API + gRPC/Event-Driven
136731,High,21,Daily,24,High,High,Kubernetes Deployment,Kubernetes Orchestration Deployment,REST API + gRPC/Event-Driven
33156,Medium,17,Daily,12,High,High,Microservices,Microservices with Docker,REST API + gRPC
25654,Medium,16,Daily,9,Medium,Medium,Microservices,Microservices with Docker,REST API + gRPC
5609,Medium,12,Weekly,6,Medium,Low,Containerized App,Docker Container Deployment,REST API
51043,High,49,Daily,12,High,High,Kubernetes Deployment,Kubernetes Orchestration Deployment,REST API + gRPC/Event-Driven
4983,Low,3,Monthly,3,Medium,Low,Monolithic,Single Server Deployment,REST API
31314,Medium,18,Daily,12,Medium,Medium,Microservices,Microservices with Docker,REST API + gRPC
42426,Medium,24,Weekly,12,Medium,Medium,Microservices,Microservices with Docker,REST API + gRPC
2093,Low,4,Monthly,3,Medium,Low,Monolithic,Single Server Deployment,REST API
469,Low,2,Monthly,3,Medium,Low,Monolithic,Single Server Deployment,REST API
4213,Low,2,Monthly,3,Low,Low,Monolithic,Single Server Deployment,REST API
25193,High,18,Daily,13,Medium,Medium,Microservices,Microservices with Docker,REST API + gRPC
12178,Medium,6,Weekly,3,High,Low,Containerized App,Docker Container Deployment,REST API
10309,Medium,13,Monthly,7,Medium,Medium,Containerized App,Docker Container Deployment,REST API
8679,Low,15,Weekly,7,High,Low,Containerized App,Docker Container Deployment,REST API
7462,Medium,15,Weekly,5,Medium,Medium,Containerized App,Docker Container Deployment,REST API
165466,High,36,Daily,16,High,High,Kubernetes Deployment,Kubernetes Orchestration Deployment,REST API + gRPC/Event-Driven
78787,High,42,Daily,20,High,High,Kubernetes Deployment,Kubernetes Orchestration Deployment,REST API + gRPC/Event-Driven
39045,High,16,Weekly,14,Medium,High,Microservices,Microservices with Docker,REST API + gRPC
26056,Medium,17,Daily,11,Medium,High,Microservices,Microservices with Docker,REST API + gRPC
1953,Low,3,Monthly,2,Medium,Low,Monolithic,Single Server Deployment,REST API
38279,High,21,Daily,10,High,Medium,Microservices,Microservices with Docker,REST API + gRPC
46353,Medium,23,Weekly,13,Medium,Medium,Microservices,Microservices with Docker,REST API + gRPC
26416,Medium,17,Daily,10,Medium,Medium,Microservices,Microservices with Docker,REST API + gRPC
117357,High,27,Daily,11,High,High,Kubernetes Deployment,Kubernetes Orchestration Deployment,REST API + gRPC/Event-Driven
44887,Medium,26,Daily,15,High,High,Microservices,Microservices with Docker,REST API + gRPC
17079,Low,15,Monthly,8,High,Low,Containerized App,Docker Container Deployment,REST API
39312,High,18,Weekly,14,High,High,Microservices,Microservices with Docker,REST API + gRPC
2693,Low,3,Monthly,2,Medium,Low,Monolithic,Single Server Deployment,REST API
2457,Low,2,Monthly,3,Medium,Low,Monolithic,Single Server Deployment,REST API
3906,Low,5,Monthly,2,Low,Low,Monolithic,Single Server Deployment,REST API
21955,Medium,18,Weekly,12,Medium,Medium,Microservices,Microservices with Docker,REST API + gRPC
24063,High,29,Daily,13,High,High,Microservices,Microservices with Docker,REST API + gRPC
1916,Low,2,Monthly,2,Medium,Low,Monolithic,Single Server Deployment,REST API
36742,Medium,26,Daily,12,High,Medium,Microservices,Microservices with Docker,REST API + gRPC
14865,Medium,15,Weekly,3,Medium,Low,Containerized App,Docker Container Deployment,REST API
22276,High,22,Daily,9,Medium,Medium,Microservices,Microservices with Docker,REST API + gRPC
9068,Low,8,Weekly,6,Medium,Low,Containerized App,Docker Container Deployment,REST API
45281,High,17,Daily,10,Medium,High,Microservices,Microservices with Docker,REST API + gRPC
413,Low,2,Monthly,3,Medium,Low,Monolithic,Single Server Deployment,REST API
11639,Medium,15,Monthly,4,High,Low,Containerized App,Docker Container Deployment,REST API
2990,Low,4,Monthly,2,Medium,Low,Monolithic,Single Server Deployment,REST API
34642,Medium,30,Daily,10,High,High,Microservices,Microservices with Docker,REST API + gRPC
20751,High,17,Daily,14,High,Medium,Microservices,Microservices with Docker,REST API + gRPC
2017,Low,2,Monthly,3,Low,Low,Monolithic,Single Server Deployment,REST API
46974,Medium,18,Weekly,10,High,High,Microservices,Microservices with Docker,REST API + gRPC
343,Low,2,Monthly,3,Low,Low,Monolithic,Single Server Deployment,REST API
59097,High,21,Daily,22,High,High,Kubernetes Deployment,Kubernetes Orchestration Deployment,REST API + gRPC/Event-Driven
30581,High,21,Weekly,14,High,High,Microservices,Microservices with Docker,REST API + gRPC
23750,High,16,Weekly,12,High,Medium,Microservices,Microservices with Docker,REST API + gRPC
55456,High,29,Daily,22,High,High,Kubernetes Deployment,Kubernetes Orchestration Deployment,REST API + gRPC/Event-Driven
18970,Low,11,Weekly,4,Medium,Low,Containerized App,Docker Container Deployment,REST API
24009,Medium,30,Weekly,12,Medium,Medium,Microservices,Microservices with Docker,REST API + gRPC
1462,Low,3,Monthly,3,Medium,Low,Monolithic,Single Server Deployment,REST API
3979,Low,2,Monthly,3,Low,Low,Monolithic,Single Server Deployment,REST API
43254,High,20,Daily,10,Medium,High,Microservices,Microservices with Docker,REST API + gRPC
8778,Low,15,Weekly,3,Medium,Medium,Containerized App,Docker Container Deployment,REST API
1257,Low,5,Monthly,1,Medium,Low,Monolithic,Single Server Deployment,REST API
107006,High,22,Daily,12,High,High,Kubernetes Deployment,Kubernetes Orchestration Deployment,REST API + gRPC/Event-Driven
14805,Low,14,Monthly,3,High,Low,Containerized App,Docker Container Deployment,REST API
139533,High,46,Daily,23,High,High,Kubernetes Deployment,Kubernetes Orchestration Deployment,REST API + gRPC/Event-Driven
18306,Low,11,Monthly,6,High,Low,Containerized App,Docker Container Deployment,REST API
6296,Low,10,Monthly,3,High,Medium,Containerized App,Docker Container Deployment,REST API
7008,Medium,6,Weekly,8,Medium,Low,Containerized App,Docker Container Deployment,REST API
38894,High,22,Daily,15,High,High,Microservices,Microservices with Docker,REST API + gRPC
40379,High,22,Daily,9,High,Medium,Microservices,Microservices with Docker,REST API + gRPC
23856,High,16,Weekly,14,High,Medium,Microservices,Microservices with Docker,REST API + gRPC
174869,High,26,Daily,18,High,High,Kubernetes Deployment,Kubernetes Orchestration Deployment,REST API + gRPC/Event-Driven
15857,Low,9,Monthly,4,Medium,Medium,Containerized App,Docker Container Deployment,REST API
163338,High,29,Daily,17,High,High,Kubernetes Deployment,Kubernetes Orchestration Deployment,REST API + gRPC/Event-Driven
118452,High,32,Daily,15,High,High,Kubernetes Deployment,Kubernetes Orchestration Deployment,REST API + gRPC/Event-Driven
48443,High,18,Daily,11,Medium,High,Microservices,Microservices with Docker,REST API + gRPC
17302,Low,13,Weekly,7,Medium,Medium,Containerized App,Docker Container Deployment,REST API
4481,Low,3,Monthly,2,Medium,Low,Monolithic,Single Server Deployment,REST API
8163,Medium,6,Monthly,7,Medium,Medium,Containerized App,Docker Container Deployment,REST API
104652,High,49,Daily,15,High,High,Kubernetes Deployment,Kubernetes Orchestration Deployment,REST API + gRPC/Event-Driven
33648,High,17,Daily,12,High,Medium,Microservices,Microservices with Docker,REST API + gRPC
24599,Medium,26,Daily,13,Medium,High,Microservices,Microservices with Docker,REST API + gRPC
25598,High,21,Daily,15,Medium,High,Microservices,Microservices with Docker,REST API + gRPC
2876,Low,5,Monthly,2,Medium,Low,Monolithic,Single Server Deployment,REST API
847,Low,5,Monthly,2,Medium,Low,Monolithic,Single Server Deployment,REST API
152042,High,23,Daily,10,High,High,Kubernetes Deployment,Kubernetes Orchestration Deployment,REST API + gRPC/Event-Driven
41355,Medium,27,Weekly,14,Medium,Medium,Microservices,Microservices with Docker,REST API + gRPC
12742,Medium,15,Monthly,5,Medium,Medium,Containerized App,Docker Container Deployment,REST API
12576,Low,12,Weekly,8,Medium,Low,Containerized App,Docker Container Deployment,REST API
49094,High,20,Weekly,11,Medium,Medium,Microservices,Microservices with Docker,REST API + gRPC
90184,High,27,Daily,13,High,High,Kubernetes Deployment,Kubernetes Orchestration Deployment,REST API + gRPC/Event-Driven
5607,Medium,15,Monthly,6,High,Medium,Containerized App,Docker Container Deployment,REST API
4989,Low,5,Monthly,2,Low,Low,Monolithic,Single Server Deployment,REST API
37135,Medium,28,Weekly,13,High,Medium,Microservices,Microservices with Docker,REST API + gRPC
5491,Low,6,Monthly,8,Medium,Low,Containerized App,Docker Container Deployment,REST API
3397,Low,4,Monthly,3,Medium,Low,Monolithic,Single Server Deployment,REST API
4777,Low,5,Monthly,1,Low,Low,Monolithic,Single Server Deployment,REST API
3223,Low,4,Monthly,3,Low,Low,Monolithic,Single Server Deployment,REST API
11658,Medium,13,Weekly,8,Medium,Medium,Containerized App,Docker Container Deployment,REST API
310,Low,3,Monthly,1,Medium,Low,Monolithic,Single Server Deployment,REST API
9657,Low,13,Monthly,8,Medium,Medium,Containerized App,Docker Container Deployment,REST API
15357,Medium,9,Weekly,6,High,Low,Containerized App,Docker Container Deployment,REST API
638,Low,3,Monthly,2,Medium,Low,Monolithic,Single Server Deployment,REST API
3526,Low,3,Monthly,2,Low,Low,Monolithic,Single Server Deployment,REST API
48452,High,17,Weekly,11,High,Medium,Microservices,Microservices with Docker,REST API + gRPC
35378,High,24,Daily,9,High,Medium,Microservices,Microservices with Docker,REST API + gRPC
3580,Low,3,Monthly,2,Low,Low,Monolithic,Single Server Deployment,REST API
12551,Low,13,Monthly,7,Medium,Low,Containerized App,Docker Container Deployment,REST API
10587,Medium,14,Weekly,8,Medium,Medium,Containerized App,Docker Container Deployment,REST API
66032,High,34,Daily,20,High,High,Kubernetes Deployment,Kubernetes Orchestration Deployment,REST API + gRPC/Event-Driven
4359,Low,4,Monthly,3,Low,Low,Monolithic,Single Server Deployment,REST API
17885,Medium,10,Weekly,4,High,Low,Containerized App,Docker Container Deployment,REST API
2512,Low,3,Monthly,1,Low,Low,Monolithic,Single Server Deployment,REST API
3475,Low,2,Monthly,1,Low,Low,Monolithic,Single Server Deployment,REST API
42375,Medium,30,Daily,10,High,High,Microservices,Microservices with Docker,REST API + gRPC
96864,High,29,Daily,11,High,High,Kubernetes Deployment,Kubernetes Orchestration Deployment,REST API + gRPC/Event-Driven
1238,Low,5,Monthly,3,Medium,Low,Monolithic,Single Server Deployment,REST API
1689,Low,4,Monthly,3,Medium,Low,Monolithic,Single Server Deployment,REST API
2979,Low,3,Monthly,3,Medium,Low,Monolithic,Single Server Deployment,REST API
4895,Low,5,Monthly,3,Medium,Low,Monolithic,Single Server Deployment,REST API
14993,Medium,13,Weekly,5,Medium,Low,Containerized App,Docker Container Deployment,REST API
136749,High,43,Daily,13,High,High,Kubernetes Deployment,Kubernetes Orchestration Deployment,REST API + gRPC/Event-Driven
153,Low,3,Monthly,2,Medium,Low,Monolithic,Single Server Deployment,REST API
30813,Medium,22,Daily,13,Medium,High,Microservices,Microservices with Docker,REST API + gRPC
18668,Low,12,Weekly,7,High,Medium,Containerized App,Docker Container Deployment,REST API
17944,Low,9,Weekly,3,High,Low,Containerized App,Docker Container Deployment,REST API
44842,High,18,Weekly,10,Medium,High,Microservices,Microservices with Docker,REST API + gRPC
165833,High,25,Daily,24,High,High,Kubernetes Deployment,Kubernetes Orchestration Deployment,REST API + gRPC/Event-Driven
4693,Low,2,Monthly,1,Low,Low,Monolithic,Single Server Deployment,REST API
29853,Medium,29,Weekly,11,Medium,Medium,Microservices,Microservices with Docker,REST API + gRPC
20431,Medium,30,Weekly,9,Medium,High,Microservices,Microservices with Docker,REST API + gRPC
9388,Low,9,Monthly,7,High,Low,Containerized App,Docker Container Deployment,REST API
192017,High,41,Daily,13,High,High,Kubernetes Deployment,Kubernetes Orchestration Deployment,REST API + gRPC/Event-Driven
4829,Low,2,Monthly,3,Low,Low,Monolithic,Single Server Deployment,REST API
2365,Low,4,Monthly,1,Low,Low,Monolithic,Single Server Deployment,REST API
190154,High,47,Daily,16,High,High,Kubernetes Deployment,Kubernetes Orchestration Deployment,REST API + gRPC/Event-Driven
23669,High,16,Weekly,9,Medium,Medium,Microservices,Microservices with Docker,REST API + gRPC
154557,High,48,Daily,10,High,High,Kubernetes Deployment,Kubernetes Orchestration Deployment,REST API + gRPC/Event-Driven
36513,Medium,18,Daily,11,Medium,High,Microservices,Microservices with Docker,REST API + gRPC
617,Low,5,Monthly,3,Medium,Low,Monolithic,Single Server Deployment,REST API
14708,Medium,7,Monthly,5,High,Low,Containerized App,Docker Container Deployment,REST API
7870,Low,7,Monthly,4,High,Low,Containerized App,Docker Container Deployment,REST API
13603,Low,10,Weekly,5,Medium,Low,Containerized App,Docker Container Deployment,REST API
9228,Medium,10,Weekly,4,Medium,Low,Containerized App,Docker Container Deployment,REST API
8037,Medium,9,Monthly,7,High,Medium,Containerized App,Docker Container Deployment,REST API
850,Low,3,Monthly,3,Low,Low,Monolithic,Single Server Deployment,REST API
12805,Medium,12,Weekly,3,Medium,Low,Containerized App,Docker Container Deployment,REST API
42989,Medium,17,Daily,14,Medium,High,Microservices,Microservices with Docker,REST API + gRPC
110264,High,38,Daily,11,High,High,Kubernetes Deployment,Kubernetes Orchestration Deployment,REST API + gRPC/Event-Driven
153710,High,21,Daily,12,High,High,Kubernetes Deployment,Kubernetes Orchestration Deployment,REST API + gRPC/Event-Driven
4241,Low,5,Monthly,2,Low,Low,Monolithic,Single Server Deployment,REST API
18387,Low,12,Weekly,3,Medium,Low,Containerized App,Docker Container Deployment,REST API
10730,Low,12,Weekly,3,Medium,Medium,Containerized App,Docker Container Deployment,REST API
190028,High,20,Daily,12,High,High,Kubernetes Deployment,Kubernetes Orchestration Deployment,REST API + gRPC/Event-Driven
2619,Low,3,Monthly,1,Low,Low,Monolithic,Single Server Deployment,REST API
118178,High,30,Daily,16,High,High,Kubernetes Deployment,Kubernetes Orchestration Deployment,REST API + gRPC/Event-Driven
27224,High,17,Daily,9,Medium,Medium,Microservices,Microservices with Docker,REST API + gRPC
48437,Medium,28,Daily,9,High,High,Microservices,Microservices with Docker,REST API + gRPC
12550,Medium,11,Monthly,8,High,Medium,Containerized App,Docker Container Deployment,REST API
121472,High,36,Daily,19,High,High,Kubernetes Deployment,Kubernetes Orchestration Deployment,REST API + gRPC/Event-Driven
17597,Medium,9,Monthly,8,High,Low,Containerized App,Docker Container Deployment,REST API
2874,Low,2,Monthly,2,Low,Low,Monolithic,Single Server Deployment,REST API
15826,Medium,8,Monthly,8,Medium,Medium,Containerized App,Docker Container Deployment,REST API
9557,Low,13,Weekly,7,Medium,Medium,Containerized App,Docker Container Deployment,REST API
156855,High,22,Daily,12,High,High,Kubernetes Deployment,Kubernetes Orchestration Deployment,REST API + gRPC/Event-Driven
32427,High,25,Weekly,12,Medium,High,Microservices,Microservices with Docker,REST API + gRPC
76838,High,23,Daily,15,High,High,Kubernetes Deployment,Kubernetes Orchestration Deployment,REST API + gRPC/Event-Driven
34399,Medium,24,Weekly,14,High,Medium,Microservices,Microservices with Docker,REST API + gRPC
24892,High,18,Weekly,13,High,Medium,Microservices,Microservices with Docker,REST API + gRPC
183249,High,36,Daily,12,High,High,Kubernetes Deployment,Kubernetes Orchestration Deployment,REST API + gRPC/Event-Driven
4641,Low,3,Monthly,1,Medium,Low,Monolithic,Single Server Deployment,REST API
11400,Medium,8,Weekly,4,High,Low,Containerized App,Docker Container Deployment,REST API
3781,Low,4,Monthly,1,Medium,Low,Monolithic,Single Server Deployment,REST API
7691,Medium,6,Weekly,6,Medium,Low,Containerized App,Docker Container Deployment,REST API
3721,Low,2,Monthly,1,Medium,Low,Monolithic,Single Server Deployment,REST API
32323,Medium,20,Weekly,12,High,Medium,Microservices,Microservices with Docker,REST API + gRPC
35694,Medium,24,Daily,12,High,Medium,Microservices,Microservices with Docker,REST API + gRPC
47953,High,28,Daily,14,High,High,Microservices,Microservices with Docker,REST API + gRPC
69738,High,45,Daily,17,High,High,Kubernetes Deployment,Kubernetes Orchestration Deployment,REST API + gRPC/Event-Driven
1825,Low,4,Monthly,1,Medium,Low,Monolithic,Single Server Deployment,REST API
465,Low,4,Monthly,2,Medium,Low,Monolithic,Single Server Deployment,REST API
53308,High,20,Daily,21,High,High,Kubernetes Deployment,Kubernetes Orchestration Deployment,REST API + gRPC/Event-Driven
42947,Medium,29,Daily,13,Medium,Medium,Microservices,Microservices with Docker,REST API + gRPC
1826,Low,5,Monthly,3,Low,Low,Monolithic,Single Server Deployment,REST API
125114,High,23,Daily,23,High,High,Kubernetes Deployment,Kubernetes Orchestration Deployment,REST API + gRPC/Event-Driven
21322,High,30,Daily,13,Medium,Medium,Microservices,Microservices with Docker,REST API + gRPC
471,Low,5,Monthly,2,Low,Low,Monolithic,Single Server Deployment,REST API
21950,High,27,Daily,9,Medium,Medium,Microservices,Microservices with Docker,REST API + gRPC
18248,Low,8,Weekly,3,Medium,Low,Containerized App,Docker Container Deployment,REST API
166162,High,43,Daily,20,High,High,Kubernetes Deployment,Kubernetes Orchestration Deployment,REST API + gRPC/Event-Driven
32268,High,29,Weekly,10,Medium,Medium,Microservices,Microservices with Docker,REST API + gRPC
5853,Medium,12,Monthly,6,High,Medium,Containerized App,Docker Container Deployment,REST API
96414,High,47,Daily,23,High,High,Kubernetes Deployment,Kubernetes Orchestration Deployment,REST API + gRPC/Event-Driven
32386,Medium,21,Daily,11,Medium,Medium,Microservices,Microservices with Docker,REST API + gRPC
7271,Medium,11,Weekly,6,High,Medium,Containerized App,Docker Container Deployment,REST API
7032,Medium,6,Weekly,5,High,Medium,Containerized App,Docker Container Deployment,REST API
78117,High,41,Daily,17,High,High,Kubernetes Deployment,Kubernetes Orchestration Deployment,REST API + gRPC/Event-Driven
5211,Medium,13,Weekly,6,High,Medium,Containerized App,Docker Container Deployment,REST API
45620,Medium,20,Daily,12,High,High,Microservices,Microservices with Docker,REST API + gRPC
42569,Medium,17,Daily,13,Medium,Medium,Microservices,Microservices with Docker,REST API + gRPC
139730,High,44,Daily,25,High,High,Kubernetes Deployment,Kubernetes Orchestration Deployment,REST API + gRPC/Event-Driven
4817,Low,3,Monthly,2,Medium,Low,Monolithic,Single Server Deployment,REST API
137423,High,47,Daily,17,High,High,Kubernetes Deployment,Kubernetes Orchestration Deployment,REST API + gRPC/Event-Driven
1792,Low,3,Monthly,1,Medium,Low,Monolithic,Single Server Deployment,REST API
171525,High,27,Daily,14,High,High,Kubernetes Deployment,Kubernetes Orchestration Deployment,REST API + gRPC/Event-Driven
47793,Medium,29,Daily,13,Medium,Medium,Microservices,Microservices with Docker,REST API + gRPC
48297,Medium,30,Weekly,9,High,Medium,Microservices,Microservices with Docker,REST API + gRPC
25349,High,18,Weekly,15,Medium,High,Microservices,Microservices with Docker,REST API + gRPC
10523,Low,13,Weekly,7,Medium,Medium,Containerized App,Docker Container Deployment,REST API
48978,High,17,Daily,11,High,Medium,Microservices,Microservices with Docker,REST API + gRPC
6987,Low,9,Weekly,3,High,Medium,Containerized App,Docker Container Deployment,REST API
4250,Low,4,Monthly,1,Low,Low,Monolithic,Single Server Deployment,REST API
4908,Low,5,Monthly,2,Low,Low,Monolithic,Single Server Deployment,REST API
103002,High,36,Daily,16,High,High,Kubernetes Deployment,Kubernetes Orchestration Deployment,REST API + gRPC/Event-Driven
3782,Low,3,Monthly,1,Medium,Low,Monolithic,Single Server Deployment,REST API
2931,Low,4,Monthly,2,Low,Low,Monolithic,Single Server Deployment,REST API
3278,Low,5,Monthly,3,Medium,Low,Monolithic,Single Server Deployment,REST API
11030,Medium,7,Monthly,7,Medium,Medium,Containerized App,Docker Container Deployment,REST API
1165,Low,2,Monthly,3,Medium,Low,Monolithic,Single Server Deployment,REST API
4125,Low,2,Monthly,2,Low,Low,Monolithic,Single Server Deployment,REST API
53905,High,46,Daily,19,High,High,Kubernetes Deployment,Kubernetes Orchestration Deployment,REST API + gRPC/Event-Driven
4024,Low,5,Monthly,1,Low,Low,Monolithic,Single Server Deployment,REST API
196539,High,33,Daily,12,High,High,Kubernetes Deployment,Kubernetes Orchestration Deployment,REST API + gRPC/Event-Driven
196488,High,26,Daily,15,High,High,Kubernetes Deployment,Kubernetes Orchestration Deployment,REST API + gRPC/Event-Driven
8590,Medium,8,Weekly,3,Medium,Medium,Containerized App,Docker Container Deployment,REST API
24320,Medium,20,Daily,15,Medium,High,Microservices,Microservices with Docker,REST API + gRPC
67827,High,38,Daily,18,High,High,Kubernetes Deployment,Kubernetes Orchestration Deployment,REST API + gRPC/Event-Driven
19251,Medium,10,Monthly,8,High,Low,Containerized App,Docker Container Deployment,REST API
78878,High,29,Daily,10,High,High,Kubernetes Deployment,Kubernetes Orchestration Deployment,REST API + gRPC/Event-Driven
4342,Low,4,Monthly,2,Medium,Low,Monolithic,Single Server Deployment,REST API
48098,Medium,25,Weekly,12,Medium,Medium,Microservices,Microservices with Docker,REST API + gRPC
23959,Medium,26,Weekly,15,High,High,Microservices,Microservices with Docker,REST API + gRPC
34861,High,23,Weekly,10,High,High,Microservices,Microservices with Docker,REST API + gRPC
12000,Medium,9,Weekly,5,Medium,Medium,Containerized App,Docker Container Deployment,REST API
48308,High,17,Daily,11,High,Medium,Microservices,Microservices with Docker,REST API + gRPC
3315,Low,2,Monthly,2,Medium,Low,Monolithic,Single Server Deployment,REST API
36242,Medium,30,Daily,11,High,Medium,Microservices,Microservices with Docker,REST API + gRPC
29456,High,16,Daily,13,Medium,High,Microservices,Microservices with Docker,REST API + gRPC
17615,Medium,15,Monthly,4,Medium,Low,Containerized App,Docker Container Deployment,REST API
23969,Medium,25,Weekly,13,Medium,High,Microservices,Microservices with Docker,REST API + gRPC
55592,High,50,Daily,15,High,High,Kubernetes Deployment,Kubernetes Orchestration Deployment,REST API + gRPC/Event-Driven
39693,High,24,Daily,10,High,High,Microservices,Microservices with Docker,REST API + gRPC
5020,Low,8,Monthly,7,High,Low,Containerized App,Docker Container Deployment,REST API
129548,High,32,Daily,23,High,High,Kubernetes Deployment,Kubernetes Orchestration Deployment,REST API + gRPC/Event-Driven
12487,Low,8,Weekly,8,High,Medium,Containerized App,Docker Container Deployment,REST API
77592,High,34,Daily,20,High,High,Kubernetes Deployment,Kubernetes Orchestration Deployment,REST API + gRPC/Event-Driven
12644,Medium,12,Weekly,3,Medium,Medium,Containerized App,Docker Container Deployment,REST API
23467,High,16,Weekly,15,High,Medium,Microservices,Microservices with Docker,REST API + gRPC
43293,Medium,21,Weekly,9,Medium,High,Microservices,Microservices with Docker,REST API + gRPC
7796,Low,6,Monthly,5,Medium,Low,Containerized App,Docker Container Deployment,REST API
3816,Low,4,Monthly,1,Medium,Low,Monolithic,Single Server Deployment,REST API
12714,Medium,9,Weekly,8,High,Medium,Containerized App,Docker Container Deployment,REST API
50865,High,35,Daily,25,High,High,Kubernetes Deployment,Kubernetes Orchestration Deployment,REST API + gRPC/Event-Driven
147099,High,25,Daily,19,High,High,Kubernetes Deployment,Kubernetes Orchestration Deployment,REST API + gRPC/Event-Driven
19705,Low,8,Weekly,3,High,Low,Containerized App,Docker Container Deployment,REST API
26384,High,27,Daily,11,High,High,Microservices,Microservices with Docker,REST API + gRPC
109903,High,33,Daily,25,High,High,Kubernetes Deployment,Kubernetes Orchestration Deployment,REST API + gRPC/Event-Driven
87051,High,46,Daily,18,High,High,Kubernetes Deployment,Kubernetes Orchestration Deployment,REST API + gRPC/Event-Driven
10413,Low,10,Monthly,7,High,Low,Containerized App,Docker Container Deployment,REST API
35999,High,28,Daily,9,High,Medium,Microservices,Microservices with Docker,REST API + gRPC
26101,Medium,30,Daily,15,High,Medium,Microservices,Microservices with Docker,REST API + gRPC
26378,High,20,Daily,10,High,High,Microservices,Microservices with Docker,REST API + gRPC
19040,Low,10,Weekly,6,High,Low,Containerized App,Docker Container Deployment,REST API
44490,Medium,21,Daily,10,Medium,High,Microservices,Microservices with Docker,REST API + gRPC
52684,High,50,Daily,14,High,High,Kubernetes Deployment,Kubernetes Orchestration Deployment,REST API + gRPC/Event-Driven
4292,Low,5,Monthly,1,Medium,Low,Monolithic,Single Server Deployment,REST API
187176,High,26,Daily,20,High,High,Kubernetes Deployment,Kubernetes Orchestration Deployment,REST API + gRPC/Event-Driven
725,Low,2,Monthly,3,Low,Low,Monolithic,Single Server Deployment,REST API
163290,High,24,Daily,23,High,High,Kubernetes Deployment,Kubernetes Orchestration Deployment,REST API + gRPC/Event-Driven
6575,Medium,13,Monthly,4,High,Low,Containerized App,Docker Container Deployment,REST API
24075,Medium,26,Weekly,14,High,High,Microservices,Microservices with Docker,REST API + gRPC
20566,Medium,30,Weekly,10,High,Medium,Microservices,Microservices with Docker,REST API + gRPC
2523,Low,3,Monthly,3,Low,Low,Monolithic,Single Server Deployment,REST API
20268,Medium,24,Weekly,15,Medium,Medium,Microservices,Microservices with Docker,REST API + gRPC
19944,Low,14,Monthly,5,Medium,Low,Containerized App,Docker Container Deployment,REST API
91662,High,27,Daily,23,High,High,Kubernetes Deployment,Kubernetes Orchestration Deployment,REST API + gRPC/Event-Driven
15802,Low,10,Monthly,4,Medium,Low,Containerized App,Docker Container Deployment,REST API
846,Low,5,Monthly,1,Medium,Low,Monolithic,Single Server Deployment,REST API
22097,High,21,Daily,9,High,Medium,Microservices,Microservices with Docker,REST API + gRPC
19236,Low,10,Monthly,3,High,Low,Containerized App,Docker Container Deployment,REST API
40257,Medium,21,Daily,11,Medium,Medium,Microservices,Microservices with Docker,REST API + gRPC
11204,Low,7,Monthly,7,High,Medium,Containerized App,Docker Container Deployment,REST API
14675,Medium,14,Monthly,6,High,Low,Containerized App,Docker Container Deployment,REST API
39147,Medium,20,Daily,15,Medium,Medium,Microservices,Microservices with Docker,REST API + gRPC
7749,Low,7,Monthly,3,Medium,Low,Containerized App,Docker Container Deployment,REST API
95407,High,21,Daily,15,High,High,Kubernetes Deployment,Kubernetes Orchestration Deployment,REST API + gRPC/Event-Driven
33116,Medium,22,Daily,10,Medium,Medium,Microservices,Microservices with Docker,REST API + gRPC
16863,Low,6,Weekly,7,Medium,Medium,Containerized App,Docker Container Deployment,REST API
39167,High,29,Daily,9,Medium,High,Microservices,Microservices with Docker,REST API + gRPC
1794,Low,5,Monthly,2,Low,Low,Monolithic,Single Server Deployment,REST API
146843,High,46,Daily,16,High,High,Kubernetes Deployment,Kubernetes Orchestration Deployment,REST API + gRPC/Event-Driven
856,Low,5,Monthly,2,Low,Low,Monolithic,Single Server Deployment,REST API
34504,Medium,17,Daily,11,Medium,Medium,Microservices,Microservices with Docker,REST API + gRPC
4409,Low,3,Monthly,2,Low,Low,Monolithic,Single Server Deployment,REST API
19309,Medium,10,Weekly,6,Medium,Low,Containerized App,Docker Container Deployment,REST API
13531,Low,7,Weekly,6,High,Low,Containerized App,Docker Container Deployment,REST API
43567,Medium,27,Daily,12,Medium,High,Microservices,Microservices with Docker,REST API + gRPC
152361,High,33,Daily,12,High,High,Kubernetes Deployment,Kubernetes Orchestration Deployment,REST API + gRPC/Event-Driven
16490,Low,11,Monthly,4,High,Medium,Containerized App,Docker Container Deployment,REST API
77600,High,49,Daily,16,High,High,Kubernetes Deployment,Kubernetes Orchestration Deployment,REST API + gRPC/Event-Driven
136094,High,26,Daily,11,High,High,Kubernetes Deployment,Kubernetes Orchestration Deployment,REST API + gRPC/Event-Driven
7901,Medium,9,Weekly,6,Medium,Low,Containerized App,Docker Container Deployment,REST API
45390,High,27,Daily,14,High,Medium,Microservices,Microservices with Docker,REST API + gRPC
3512,Low,4,Monthly,3,Low,Low,Monolithic,Single Server Deployment,REST API
19971,Low,10,Monthly,4,Medium,Medium,Containerized App,Docker Container Deployment,REST API
22814,High,25,Daily,14,Medium,Medium,Microservices,Microservices with Docker,REST API + gRPC
10489,Medium,11,Weekly,5,Medium,Low,Containerized App,Docker Container Deployment,REST API
45884,Medium,21,Weekly,13,Medium,High,Microservices,Microservices with Docker,REST API + gRPC
39324,High,28,Daily,9,Medium,High,Microservices,Microservices with Docker,REST API + gRPC
140880,High,43,Daily,22,High,High,Kubernetes Deployment,Kubernetes Orchestration Deployment,REST API + gRPC/Event-Driven
35664,Medium,30,Daily,12,High,High,Microservices,Microservices with Docker,REST API + gRPC
3693,Low,3,Monthly,1,Medium,Low,Monolithic,Single Server Deployment,REST API
22337,High,22,Daily,11,High,Medium,Microservices,Microservices with Docker,REST API + gRPC
48043,High,30,Daily,14,Medium,High,Microservices,Microservices with Docker,REST API + gRPC
10504,Medium,6,Weekly,3,Medium,Medium,Containerized App,Docker Container Deployment,REST API
196389,High,49,Daily,20,High,High,Kubernetes Deployment,Kubernetes Orchestration Deployment,REST API + gRPC/Event-Driven
165146,High,40,Daily,13,High,High,Kubernetes Deployment,Kubernetes Orchestration Deployment,REST API + gRPC/Event-Driven
3362,Low,2,Monthly,2,Low,Low,Monolithic,Single Server Deployment,REST API
124352,High,34,Daily,10,High,High,Kubernetes Deployment,Kubernetes Orchestration Deployment,REST API + gRPC/Event-Driven
7827,Low,15,Monthly,8,High,Low,Containerized App,Docker Container Deployment,REST API
44096,High,28,Weekly,13,Medium,Medium,Microservices,Microservices with Docker,REST API + gRPC
46125,Medium,21,Weekly,15,Medium,Medium,Microservices,Microservices with Docker,REST API + gRPC
149903,High,26,Daily,17,High,High,Kubernetes Deployment,Kubernetes Orchestration Deployment,REST API + gRPC/Event-Driven
20593,High,19,Daily,14,Medium,High,Microservices,Microservices with Docker,REST API + gRPC
27552,High,24,Daily,13,High,High,Microservices,Microservices with Docker,REST API + gRPC
46331,High,29,Weekly,10,High,High,Microservices,Microservices with Docker,REST API + gRPC
2796,Low,5,Monthly,3,Low,Low,Monolithic,Single Server Deployment,REST API
12933,Medium,10,Monthly,3,High,Low,Containerized App,Docker Container Deployment,REST API
18421,Medium,6,Monthly,7,High,Low,Containerized App,Docker Container Deployment,REST API
52020,High,48,Daily,21,High,High,Kubernetes Deployment,Kubernetes Orchestration Deployment,REST API + gRPC/Event-Driven
771,Low,5,Monthly,1,Medium,Low,Monolithic,Single Server Deployment,REST API
7039,Medium,13,Weekly,8,High,Low,Containerized App,Docker Container Deployment,REST API
15985,Medium,10,Monthly,4,Medium,Medium,Containerized App,Docker Container Deployment,REST API
10788,Medium,10,Monthly,8,High,Low,Containerized App,Docker Container Deployment,REST API
14607,Low,10,Monthly,4,High,Low,Containerized App,Docker Container Deployment,REST API
42191,Medium,23,Weekly,9,High,Medium,Microservices,Microservices with Docker,REST API + gRPC
2350,Low,2,Monthly,2,Low,Low,Monolithic,Single Server Deployment,REST API
662,Low,2,Monthly,3,Medium,Low,Monolithic,Single Server Deployment,REST API
129415,High,43,Daily,11,High,High,Kubernetes Deployment,Kubernetes Orchestration Deployment,REST API + gRPC/Event-Driven
15308,Medium,10,Weekly,7,Medium,Medium,Containerized App,Docker Container Deployment,REST API
40838,High,28,Weekly,9,High,Medium,Microservices,Microservices with Docker,REST API + gRPC
19866,Low,8,Weekly,3,Medium,Medium,Containerized App,Docker Container Deployment,REST API
6310,Low,8,Weekly,8,High,Low,Containerized App,Docker Container Deployment,REST API
35125,High,18,Daily,10,High,Medium,Microservices,Microservices with Docker,REST API + gRPC
25908,Medium,29,Weekly,12,High,Medium,Microservices,Microservices with Docker,REST API + gRPC
18057,Medium,11,Weekly,8,High,Low,Containerized App,Docker Container Deployment,REST API
54314,High,44,Daily,11,High,High,Kubernetes Deployment,Kubernetes Orchestration Deployment,REST API + gRPC/Event-Driven
3282,Low,5,Monthly,2,Low,Low,Monolithic,Single Server Deployment,REST API
2805,Low,2,Monthly,2,Medium,Low,Monolithic,Single Server Deployment,REST API
17319,Medium,11,Monthly,8,Medium,Medium,Containerized App,Docker Container Deployment,REST API
46305,High,22,Weekly,9,Medium,Medium,Microservices,Microservices with Docker,REST API + gRPC
144121,High,41,Daily,21,High,High,Kubernetes Deployment,Kubernetes Orchestration Deployment,REST API + gRPC/Event-Driven
7526,Medium,10,Weekly,8,Medium,Medium,Containerized App,Docker Container Deployment,REST API
4147,Low,5,Monthly,1,Low,Low,Monolithic,Single Server Deployment,REST API
2812,Low,3,Monthly,1,Medium,Low,Monolithic,Single Server Deployment,REST API
40137,High,26,Daily,12,Medium,Medium,Microservices,Microservices with Docker,REST API + gRPC
123070,High,38,Daily,16,High,High,Kubernetes Deployment,Kubernetes Orchestration Deployment,REST API + gRPC/Event-Driven
17210,Medium,12,Weekly,4,High,Low,Containerized App,Docker Container Deployment,REST API
10367,Low,9,Monthly,8,Medium,Medium,Containerized App,Docker Container Deployment,REST API
95430,High,34,Daily,16,High,High,Kubernetes Deployment,Kubernetes Orchestration Deployment,REST API + gRPC/Event-Driven
18661,Medium,10,Weekly,5,Medium,Medium,Containerized App,Docker Container Deployment,REST API
55426,High,38,Daily,13,High,High,Kubernetes Deployment,Kubernetes Orchestration Deployment,REST API + gRPC/Event-Driven
25020,High,29,Daily,15,High,High,Microservices,Microservices with Docker,REST API + gRPC
16222,Medium,7,Weekly,8,Medium,Low,Containerized App,Docker Container Deployment,REST API
145717,High,40,Daily,24,High,High,Kubernetes Deployment,Kubernetes Orchestration Deployment,REST API + gRPC/Event-Driven
6558,Low,9,Weekly,8,High,Low,Containerized App,Docker Container Deployment,REST API
24042,High,25,Daily,9,High,High,Microservices,Microservices with Docker,REST API + gRPC
3496,Low,4,Monthly,3,Low,Low,Monolithic,Single Server Deployment,REST API
1097,Low,2,Monthly,1,Low,Low,Monolithic,Single Server Deployment,REST API
100727,High,34,Daily,11,High,High,Kubernetes Deployment,Kubernetes Orchestration Deployment,REST API + gRPC/Event-Driven
90506,High,33,Daily,11,High,High,Kubernetes Deployment,Kubernetes Orchestration Deployment,REST API + gRPC/Event-Driven
71859,High,36,Daily,23,High,High,Kubernetes Deployment,Kubernetes Orchestration Deployment,REST API + gRPC/Event-Driven
189933,High,23,Daily,11,High,High,Kubernetes Deployment,Kubernetes Orchestration Deployment,REST API + gRPC/Event-Driven
47615,High,27,Daily,10,High,Medium,Microservices,Microservices with Docker,REST API + gRPC
193589,High,29,Daily,23,High,High,Kubernetes Deployment,Kubernetes Orchestration Deployment,REST API + gRPC/Event-Driven
114009,High,35,Daily,24,High,High,Kubernetes Deployment,Kubernetes Orchestration Deployment,REST API + gRPC/Event-Driven
10130,Medium,8,Weekly,4,High,Low,Containerized App,Docker Container Deployment,REST API
41622,High,21,Weekly,11,Medium,Medium,Microservices,Microservices with Docker,REST API + gRPC
30303,High,24,Daily,14,High,High,Microservices,Microservices with Docker,REST API + gRPC
111692,High,47,Daily,13,High,High,Kubernetes Deployment,Kubernetes Orchestration Deployment,REST API + gRPC/Event-Driven
197373,High,30,Daily,16,High,High,Kubernetes Deployment,Kubernetes Orchestration Deployment,REST API + gRPC/Event-Driven
14304,Medium,13,Monthly,7,High,Low,Containerized App,Docker Container Deployment,REST API
39667,High,17,Weekly,13,Medium,Medium,Microservices,Microservices with Docker,REST API + gRPC
16555,Medium,9,Weekly,8,High,Medium,Containerized App,Docker Container Deployment,REST API
191467,High,45,Daily,10,High,High,Kubernetes Deployment,Kubernetes Orchestration Deployment,REST API + gRPC/Event-Driven
38582,High,29,Weekly,13,Medium,Medium,Microservices,Microservices with Docker,REST API + gRPC
143792,High,48,Daily,25,High,High,Kubernetes Deployment,Kubernetes Orchestration Deployment,REST API + gRPC/Event-Driven
32661,High,26,Daily,14,Medium,Medium,Microservices,Microservices with Docker,REST API + gRPC
111307,High,40,Daily,12,High,High,Kubernetes Deployment,Kubernetes Orchestration Deployment,REST API + gRPC/Event-Driven
172371,High,34,Daily,25,High,High,Kubernetes Deployment,Kubernetes Orchestration Deployment,REST API + gRPC/Event-Driven
9797,Low,10,Weekly,4,Medium,Low,Containerized App,Docker Container Deployment,REST API
48395,Medium,21,Weekly,15,High,High,Microservices,Microservices with Docker,REST API + gRPC
59587,High,38,Daily,22,High,High,Kubernetes Deployment,Kubernetes Orchestration Deployment,REST API + gRPC/Event-Driven
55459,High,32,Daily,19,High,High,Kubernetes Deployment,Kubernetes Orchestration Deployment,REST API + gRPC/Event-Driven
56663,High,47,Daily,14,High,High,Kubernetes Deployment,Kubernetes Orchestration Deployment,REST API + gRPC/Event-Driven
21960,Medium,23,Daily,14,Medium,Medium,Microservices,Microservices with Docker,REST API + gRPC
48914,High,30,Weekly,13,Medium,Medium,Microservices,Microservices with Docker,REST API + gRPC
36738,High,18,Weekly,11,High,High,Microservices,Microservices with Docker,REST API + gRPC
46252,High,18,Weekly,13,Medium,High,Microservices,Microservices with Docker,REST API + gRPC
176373,High,32,Daily,17,High,High,Kubernetes Deployment,Kubernetes Orchestration Deployment,REST API + gRPC/Event-Driven
8604,Low,15,Monthly,5,High,Medium,Containerized App,Docker Container Deployment,REST API
6683,Low,15,Monthly,7,Medium,Low,Containerized App,Docker Container Deployment,REST API
28156,Medium,30,Daily,9,High,High,Microservices,Microservices with Docker,REST API + gRPC
261,Low,4,Monthly,1,Medium,Low,Monolithic,Single Server Deployment,REST API
28096,High,24,Weekly,9,High,Medium,Microservices,Microservices with Docker,REST API + gRPC
5875,Low,11,Weekly,8,Medium,Low,Containerized App,Docker Container Deployment,REST API
29202,High,16,Weekly,13,High,Medium,Microservices,Microservices with Docker,REST API + gRPC
11899,Low,15,Weekly,8,Medium,Low,Containerized App,Docker Container Deployment,REST API
30185,Medium,28,Weekly,12,High,Medium,Microservices,Microservices with Docker,REST API + gRPC
48055,High,17,Weekly,11,Medium,High,Microservices,Microservices with Docker,REST API + gRPC
4195,Low,2,Monthly,3,Medium,Low,Monolithic,Single Server Deployment,REST API
184,Low,2,Monthly,1,Low,Low,Monolithic,Single Server Deployment,REST API
5707,Medium,9,Monthly,5,Medium,Medium,Containerized App,Docker Container Deployment,REST API
70830,High,35,Daily,12,High,High,Kubernetes Deployment,Kubernetes Orchestration Deployment,REST API + gRPC/Event-Driven
195048,High,25,Daily,12,High,High,Kubernetes Deployment,Kubernetes Orchestration Deployment,REST API + gRPC/Event-Driven
8945,Medium,12,Weekly,8,High,Medium,Containerized App,Docker Container Deployment,REST API
45966,High,27,Weekly,15,Medium,High,Microservices,Microservices with Docker,REST API + gRPC
20193,High,21,Weekly,12,Medium,High,Microservices,Microservices with Docker,REST API + gRPC
116397,High,45,Daily,21,High,High,Kubernetes Deployment,Kubernetes Orchestration Deployment,REST API + gRPC/Event-Driven
2786,Low,4,Monthly,1,Medium,Low,Monolithic,Single Server Deployment,REST API
165668,High,43,Daily,20,High,High,Kubernetes Deployment,Kubernetes Orchestration Deployment,REST API + gRPC/Event-Driven
14588,Low,14,Monthly,4,High,Low,Containerized App,Docker Container Deployment,REST API
15015,Low,8,Weekly,7,High,Low,Containerized App,Docker Container Deployment,REST API
60518,High,24,Daily,14,High,High,Kubernetes Deployment,Kubernetes Orchestration Deployment,REST API + gRPC/Event-Driven
33972,Medium,20,Daily,12,High,High,Microservices,Microservices with Docker,REST API + gRPC
1243,Low,3,Monthly,3,Medium,Low,Monolithic,Single Server Deployment,REST API
149581,High,32,Daily,10,High,High,Kubernetes Deployment,Kubernetes Orchestration Deployment,REST API + gRPC/Event-Driven
6713,Medium,9,Weekly,5,High,Low,Containerized App,Docker Container Deployment,REST API
6058,Low,10,Monthly,3,High,Medium,Containerized App,Docker Container Deployment,REST API
946,Low,2,Monthly,1,Low,Low,Monolithic,Single Server Deployment,REST API
124781,High,41,Daily,19,High,High,Kubernetes Deployment,Kubernetes Orchestration Deployment,REST API + gRPC/Event-Driven
49496,High,22,Daily,9,High,High,Microservices,Microservices with Docker,REST API + gRPC
15678,Low,14,Monthly,3,Medium,Low,Containerized App,Docker Container Deployment,REST API
17138,Medium,14,Weekly,8,High,Medium,Containerized App,Docker Container Deployment,REST API
2792,Low,4,Monthly,2,Medium,Low,Monolithic,Single Server Deployment,REST API
10684,Medium,15,Monthly,4,Medium,Low,Containerized App,Docker Container Deployment,REST API
4148,Low,5,Monthly,1,Medium,Low,Monolithic,Single Server Deployment,REST API
39295,Medium,22,Weekly,11,Medium,Medium,Microservices,Microservices with Docker,REST API + gRPC
87772,High,41,Daily,17,High,High,Kubernetes Deployment,Kubernetes Orchestration Deployment,REST API + gRPC/Event-Driven
44344,Medium,17,Daily,14,High,High,Microservices,Microservices with Docker,REST API + gRPC
35177,High,28,Weekly,14,High,High,Microservices,Microservices with Docker,REST API + gRPC
117060,High,26,Daily,16,High,High,Kubernetes Deployment,Kubernetes Orchestration Deployment,REST API + gRPC/Event-Driven
3039,Low,2,Monthly,1,Medium,Low,Monolithic,Single Server Deployment,REST API
19409,Medium,8,Weekly,8,High,Low,Containerized App,Docker Container Deployment,REST API
155705,High,38,Daily,16,High,High,Kubernetes Deployment,Kubernetes Orchestration Deployment,REST API + gRPC/Event-Driven
36778,Medium,20,Weekly,14,High,High,Microservices,Microservices with Docker,REST API + gRPC
48486,Medium,30,Weekly,14,Medium,High,Microservices,Microservices with Docker,REST API + gRPC
8811,Low,15,Monthly,7,Medium,Medium,Containerized App,Docker Container Deployment,REST API
1802,Low,3,Monthly,2,Low,Low,Monolithic,Single Server Deployment,REST API
4964,Low,3,Monthly,2,Low,Low,Monolithic,Single Server Deployment,REST API
14620,Medium,7,Weekly,8,Medium,Low,Containerized App,Docker Container Deployment,REST API
5842,Low,8,Monthly,5,High,Low,Containerized App,Docker Container Deployment,REST API
15546,Low,8,Weekly,7,High,Medium,Containerized App,Docker Container Deployment,REST API
119737,High,45,Daily,13,High,High,Kubernetes Deployment,Kubernetes Orchestration Deployment,REST API + gRPC/Event-Driven
9926,Low,14,Weekly,8,High,Low,Containerized App,Docker Container Deployment,REST API
13324,Low,11,Monthly,6,Medium,Medium,Containerized App,Docker Container Deployment,REST API
1321,Low,2,Monthly,3,Low,Low,Monolithic,Single Server Deployment,REST API
863,Low,5,Monthly,3,Medium,Low,Monolithic,Single Server Deployment,REST API
125904,High,31,Daily,14,High,High,Kubernetes Deployment,Kubernetes Orchestration Deployment,REST API + gRPC/Event-Driven
14065,Medium,10,Weekly,5,High,Medium,Containerized App,Docker Container Deployment,REST API
13612,Low,15,Monthly,7,High,Low,Containerized App,Docker Container Deployment,REST API
6582,Low,7,Weekly,6,High,Medium,Containerized App,Docker Container Deployment,REST API
24651,Medium,25,Daily,11,High,High,Microservices,Microservices with Docker,REST API + gRPC
1038,Low,4,Monthly,3,Medium,Low,Monolithic,Single Server Deployment,REST API
57861,High,28,Daily,24,High,High,Kubernetes Deployment,Kubernetes Orchestration Deployment,REST API + gRPC/Event-Driven
27284,High,23,Weekly,9,High,Medium,Microservices,Microservices with Docker,REST API + gRPC
148512,High,29,Daily,25,High,High,Kubernetes Deployment,Kubernetes Orchestration Deployment,REST API + gRPC/Event-Driven
4733,Low,5,Monthly,2,Medium,Low,Monolithic,Single Server Deployment,REST API
17451,Low,11,Weekly,5,Medium,Low,Containerized App,Docker Container Deployment,REST API
15774,Low,8,Weekly,7,High,Low,Containerized App,Docker Container Deployment,REST API
14682,Medium,13,Weekly,5,Medium,Low,Containerized App,Docker Container Deployment,REST API
8567,Medium,8,Monthly,7,Medium,Medium,Containerized App,Docker Container Deployment,REST API
181323,High,32,Daily,25,High,High,Kubernetes Deployment,Kubernetes Orchestration Deployment,REST API + gRPC/Event-Driven
194651,High,48,Daily,17,High,High,Kubernetes Deployment,Kubernetes Orchestration Deployment,REST API + gRPC/Event-Driven
42263,Medium,22,Daily,15,Medium,High,Microservices,Microservices with Docker,REST API + gRPC
29435,High,24,Daily,15,High,High,Microservices,Microservices with Docker,REST API + gRPC
8601,Medium,8,Weekly,8,Medium,Medium,Containerized App,Docker Container Deployment,REST API
84152,High,26,Daily,16,High,High,Kubernetes Deployment,Kubernetes Orchestration Deployment,REST API + gRPC/Event-Driven
19055,Medium,11,Weekly,4,High,Medium,Containerized App,Docker Container Deployment,REST API
41795,High,25,Daily,10,Medium,Medium,Microservices,Microservices with Docker,REST API + gRPC
5009,Low,6,Weekly,6,High,Low,Containerized App,Docker Container Deployment,REST API
7431,Medium,7,Weekly,4,High,Low,Containerized App,Docker Container Deployment,REST API
28030,Medium,30,Daily,9,High,High,Microservices,Microservices with Docker,REST API + gRPC
3817,Low,5,Monthly,2,Low,Low,Monolithic,Single Server Deployment,REST API
1444,Low,5,Monthly,2,Low,Low,Monolithic,Single Server Deployment,REST API
30509,Medium,22,Weekly,14,Medium,High,Microservices,Microservices with Docker,REST API + gRPC
183330,High,21,Daily,24,High,High,Kubernetes Deployment,Kubernetes Orchestration Deployment,REST API + gRPC/Event-Driven
104689,High,46,Daily,19,High,High,Kubernetes Deployment,Kubernetes Orchestration Deployment,REST API + gRPC/Event-Driven
32209,Medium,29,Daily,15,High,Medium,Microservices,Microservices with Docker,REST API + gRPC
62654,High,27,Daily,16,High,High,Kubernetes Deployment,Kubernetes Orchestration Deployment,REST API + gRPC/Event-Driven
39097,High,30,Daily,13,High,Medium,Microservices,Microservices with Docker,REST API + gRPC
4327,Low,3,Monthly,3,Low,Low,Monolithic,Single Server Deployment,REST API
41002,Medium,25,Weekly,12,High,Medium,Microservices,Microservices with Docker,REST API + gRPC
10910,Medium,8,Monthly,3,High,Low,Containerized App,Docker Container Deployment,REST API
3700,Low,5,Monthly,2,Low,Low,Monolithic,Single Server Deployment,REST API
46189,High,17,Weekly,9,Medium,Medium,Microservices,Microservices with Docker,REST API + gRPC
61811,High,23,Daily,19,High,High,Kubernetes Deployment,Kubernetes Orchestration Deployment,REST API + gRPC/Event-Driven
117206,High,39,Daily,11,High,High,Kubernetes Deployment,Kubernetes Orchestration Deployment,REST API + gRPC/Event-Driven
35156,Medium,17,Weekly,12,Medium,High,Microservices,Microservices with Docker,REST API + gRPC
12082,Medium,8,Weekly,7,Medium,Medium,Containerized App,Docker Container Deployment,REST API
128078,High,37,Daily,21,High,High,Kubernetes Deployment,Kubernetes Orchestration Deployment,REST API + gRPC/Event-Driven
9513,Low,6,Monthly,6,Medium,Medium,Containerized App,Docker Container Deployment,REST API
33264,Medium,21,Weekly,12,High,High,Microservices,Microservices with Docker,REST API + gRPC
3709,Low,2,Monthly,2,Low,Low,Monolithic,Single Server Deployment,REST API
37497,Medium,30,Weekly,9,High,High,Microservices,Microservices with Docker,REST API + gRPC
15980,Medium,9,Monthly,8,Medium,Medium,Containerized App,Docker Container Deployment,REST API
26955,High,22,Weekly,12,High,High,Microservices,Microservices with Docker,REST API + gRPC
3941,Low,5,Monthly,3,Medium,Low,Monolithic,Single Server Deployment,REST API
3914,Low,3,Monthly,1,Medium,Low,Monolithic,Single Server Deployment,REST API
70800,High,43,Daily,25,High,High,Kubernetes Deployment,Kubernetes Orchestration Deployment,REST API + gRPC/Event-Driven
9386,Medium,14,Weekly,8,Medium,Medium,Containerized App,Docker Container Deployment,REST API
44178,High,30,Daily,9,Medium,Medium,Microservices,Microservices with Docker,REST API + gRPC
28342,Medium,19,Daily,11,High,High,Microservices,Microservices with Docker,REST API + gRPC
4173,Low,3,Monthly,3,Low,Low,Monolithic,Single Server Deployment,REST API
37741,Medium,21,Daily,9,High,High,Microservices,Microservices with Docker,REST API + gRPC
46494,High,16,Daily,12,High,High,Microservices,Microservices with Docker,REST API + gRPC
3027,Low,5,Monthly,2,Low,Low,Monolithic,Single Server Deployment,REST API
3090,Low,5,Monthly,2,Medium,Low,Monolithic,Single Server Deployment,REST API
2116,Low,5,Monthly,3,Low,Low,Monolithic,Single Server Deployment,REST API
6992,Medium,13,Weekly,3,High,Medium,Containerized App,Docker Container Deployment,REST API
189111,High,34,Daily,20,High,High,Kubernetes Deployment,Kubernetes Orchestration Deployment,REST API + gRPC/Event-Driven
11153,Low,6,Monthly,4,Medium,Medium,Containerized App,Docker Container Deployment,REST API
18105,Medium,12,Monthly,6,High,Low,Containerized App,Docker Container Deployment,REST API
17518,Medium,10,Monthly,7,Medium,Medium,Containerized App,Docker Container Deployment,REST API
17343,Medium,14,Monthly,3,Medium,Low,Containerized App,Docker Container Deployment,REST API
7201,Low,10,Weekly,7,High,Low,Containerized App,Docker Container Deployment,REST API
3942,Low,5,Monthly,3,Low,Low,Monolithic,Single Server Deployment,REST API
10291,Medium,15,Monthly,6,High,Low,Containerized App,Docker Container Deployment,REST API
24792,Medium,29,Daily,12,High,High,Microservices,Microservices with Docker,REST API + gRPC
36311,High,22,Daily,10,High,High,Microservices,Microservices with Docker,REST API + gRPC
98736,High,21,Daily,21,High,High,Kubernetes Deployment,Kubernetes Orchestration Deployment,REST API + gRPC/Event-Driven
36571,Medium,19,Weekly,13,Medium,Medium,Microservices,Microservices with Docker,REST API + gRPC
3129,Low,3,Monthly,2,Low,Low,Monolithic,Single Server Deployment,REST API
29210,High,26,Weekly,12,Medium,Medium,Microservices,Microservices with Docker,REST API + gRPC
2663,Low,5,Monthly,3,Low,Low,Monolithic,Single Server Deployment,REST API
2480,Low,4,Monthly,3,Low,Low,Monolithic,Single Server Deployment,REST API
14227,Low,10,Weekly,4,Medium,Low,Containerized App,Docker Container Deployment,REST API
44862,Medium,28,Daily,15,High,Medium,Microservices,Microservices with Docker,REST API + gRPC
10755,Low,11,Weekly,3,High,Low,Containerized App,Docker Container Deployment,REST API
41590,High,24,Daily,14,Medium,High,Microservices,Microservices with Docker,REST API + gRPC
3826,Low,5,Monthly,1,Medium,Low,Monolithic,Single Server Deployment,REST API
9170,Medium,14,Monthly,6,High,Low,Containerized App,Docker Container Deployment,REST API
30853,Medium,27,Weekly,14,High,Medium,Microservices,Microservices with Docker,REST API + gRPC
9593,Low,15,Weekly,4,High,Medium,Containerized App,Docker Container Deployment,REST API
163017,High,22,Daily,21,High,High,Kubernetes Deployment,Kubernetes Orchestration Deployment,REST API + gRPC/Event-Driven
4621,Low,5,Monthly,2,Medium,Low,Monolithic,Single Server Deployment,REST API
21930,High,20,Weekly,12,High,Medium,Microservices,Microservices with Docker,REST API + gRPC
6698,Low,15,Weekly,4,Medium,Low,Containerized App,Docker Container Deployment,REST API
47752,High,20,Daily,14,High,Medium,Microservices,Microservices with Docker,REST API + gRPC
9558,Medium,10,Weekly,3,Medium,Low,Containerized App,Docker Container Deployment,REST API
39060,High,25,Weekly,11,Medium,Medium,Microservices,Microservices with Docker,REST API + gRPC
44500,Medium,25,Daily,13,Medium,Medium,Microservices,Microservices with Docker,REST API + gRPC
2887,Low,4,Monthly,1,Medium,Low,Monolithic,Single Server Deployment,REST API
117696,High,41,Daily,15,High,High,Kubernetes Deployment,Kubernetes Orchestration Deployment,REST API + gRPC/Event-Driven
48232,Medium,17,Daily,10,Medium,Medium,Microservices,Microservices with Docker,REST API + gRPC
11263,Medium,7,Weekly,6,Medium,Low,Containerized App,Docker Container Deployment,REST API
15420,Low,15,Monthly,5,Medium,Medium,Containerized App,Docker Container Deployment,REST API
191317,High,42,Daily,25,High,High,Kubernetes Deployment,Kubernetes Orchestration Deployment,REST API + gRPC/Event-Driven
12192,Medium,13,Weekly,5,High,Low,Containerized App,Docker Container Deployment,REST API
3824,Low,2,Monthly,1,Medium,Low,Monolithic,Single Server Deployment,REST API
115493,High,49,Daily,12,High,High,Kubernetes Deployment,Kubernetes Orchestration Deployment,REST API + gRPC/Event-Driven
599,Low,2,Monthly,2,Medium,Low,Monolithic,Single Server Deployment,REST API
67751,High,28,Daily,16,High,High,Kubernetes Deployment,Kubernetes Orchestration Deployment,REST API + gRPC/Event-Driven
91669,High,26,Daily,11,High,High,Kubernetes Deployment,Kubernetes Orchestration Deployment,REST API + gRPC/Event-Driven
116838,High,31,Daily,23,High,High,Kubernetes Deployment,Kubernetes Orchestration Deployment,REST API + gRPC/Event-Driven
1325,Low,3,Monthly,3,Low,Low,Monolithic,Single Server Deployment,REST API
11407,Medium,10,Weekly,4,Medium,Medium,Containerized App,Docker Container Deployment,REST API
4186,Low,5,Monthly,3,Medium,Low,Monolithic,Single Server Deployment,REST API
18703,Low,8,Monthly,7,Medium,Low,Containerized App,Docker Container Deployment,REST API
7323,Low,10,Weekly,3,High,Medium,Containerized App,Docker Container Deployment,REST API
114336,High,31,Daily,24,High,High,Kubernetes Deployment,Kubernetes Orchestration Deployment,REST API + gRPC/Event-Driven
9337,Medium,6,Monthly,8,High,Medium,Containerized App,Docker Container Deployment,REST API
48885,High,26,Weekly,13,High,Medium,Microservices,Microservices with Docker,REST API + gRPC
33333,Medium,20,Weekly,10,Medium,Medium,Microservices,Microservices with Docker,REST API + gRPC
173,Low,2,Monthly,3,Medium,Low,Monolithic,Single Server Deployment,REST API
52202,High,46,Daily,11,High,High,Kubernetes Deployment,Kubernetes Orchestration Deployment,REST API + gRPC/Event-Driven
32799,Medium,24,Daily,14,Medium,High,Microservices,Microservices with Docker,REST API + gRPC
30399,Medium,23,Weekly,9,Medium,Medium,Microservices,Microservices with Docker,REST API + gRPC
4940,Low,5,Monthly,3,Medium,Low,Monolithic,Single Server Deployment,REST API
26340,High,26,Daily,12,Medium,Medium,Microservices,Microservices with Docker,REST API + gRPC
3434,Low,3,Monthly,1,Low,Low,Monolithic,Single Server Deployment,REST API
196942,High,28,Daily,14,High,High,Kubernetes Deployment,Kubernetes Orchestration Deployment,REST API + gRPC/Event-Driven
25876,Medium,21,Weekly,11,High,Medium,Microservices,Microservices with Docker,REST API + gRPC
3135,Low,2,Monthly,3,Medium,Low,Monolithic,Single Server Deployment,REST API
23489,High,17,Weekly,11,High,High,Microservices,Microservices with Docker,REST API + gRPC
761,Low,2,Monthly,1,Low,Low,Monolithic,Single Server Deployment,REST API
1139,Low,3,Monthly,1,Medium,Low,Monolithic,Single Server Deployment,REST API
23141,High,28,Weekly,9,High,High,Microservices,Microservices with Docker,REST API + gRPC
22286,Medium,16,Daily,15,Medium,High,Microservices,Microservices with Docker,REST API + gRPC
127086,High,44,Daily,25,High,High,Kubernetes Deployment,Kubernetes Orchestration Deployment,REST API + gRPC/Event-Driven
9467,Low,8,Monthly,8,Medium,Low,Containerized App,Docker Container Deployment,REST API
37505,High,19,Weekly,13,Medium,Medium,Microservices,Microservices with Docker,REST API + gRPC
17593,Low,9,Weekly,8,High,Medium,Containerized App,Docker Container Deployment,REST API
2144,Low,2,Monthly,1,Low,Low,Monolithic,Single Server Deployment,REST API
181625,High,38,Daily,25,High,High,Kubernetes Deployment,Kubernetes Orchestration Deployment,REST API + gRPC/Event-Driven
8999,Low,8,Monthly,7,High,Low,Containerized App,Docker Container Deployment,REST API
830,Low,4,Monthly,2,Medium,Low,Monolithic,Single Server Deployment,REST API
11090,Medium,8,Weekly,4,Medium,Low,Containerized App,Docker Container Deployment,REST API
123965,High,35,Daily,24,High,High,Kubernetes Deployment,Kubernetes Orchestration Deployment,REST API + gRPC/Event-Driven
46634,Medium,17,Weekly,11,High,Medium,Microservices,Microservices with Docker,REST API + gRPC
42897,High,21,Daily,14,Medium,Medium,Microservices,Microservices with Docker,REST API + gRPC
929,Low,4,Monthly,3,Low,Low,Monolithic,Single Server Deployment,REST API
3333,Low,3,Monthly,1,Medium,Low,Monolithic,Single Server Deployment,REST API
14622,Low,6,Weekly,6,High,Medium,Containerized App,Docker Container Deployment,REST API
19276,Medium,14,Monthly,8,High,Low,Containerized App,Docker Container Deployment,REST API
37895,High,26,Weekly,9,High,High,Microservices,Microservices with Docker,REST API + gRPC
172212,High,44,Daily,10,High,High,Kubernetes Deployment,Kubernetes Orchestration Deployment,REST API + gRPC/Event-Driven
1572,Low,5,Monthly,3,Medium,Low,Monolithic,Single Server Deployment,REST API
29621,Medium,23,Daily,11,Medium,High,Microservices,Microservices with Docker,REST API + gRPC
11438,Low,9,Weekly,6,Medium,Low,Containerized App,Docker Container Deployment,REST API
126145,High,44,Daily,25,High,High,Kubernetes Deployment,Kubernetes Orchestration Deployment,REST API + gRPC/Event-Driven
25315,High,16,Daily,13,High,High,Microservices,Microservices with Docker,REST API + gRPC
58232,High,25,Daily,16,High,High,Kubernetes Deployment,Kubernetes Orchestration Deployment,REST API + gRPC/Event-Driven
14617,Low,15,Monthly,4,Medium,Medium,Containerized App,Docker Container Deployment,REST API
11389,Low,11,Monthly,6,High,Medium,Containerized App,Docker Container Deployment,REST API
124224,High,25,Daily,18,High,High,Kubernetes Deployment,Kubernetes Orchestration Deployment,REST API + gRPC/Event-Driven
49062,Medium,26,Weekly,14,Medium,High,Microservices,Microservices with Docker,REST API + gRPC
2168,Low,5,Monthly,1,Low,Low,Monolithic,Single Server Deployment,REST API
41055,Medium,29,Weekly,10,Medium,High,Microservices,Microservices with Docker,REST API + gRPC
15554,Low,12,Weekly,7,Medium,Low,Containerized App,Docker Container Deployment,REST API
6652,Medium,11,Monthly,8,High,Low,Containerized App,Docker Container Deployment,REST API
39572,Medium,27,Daily,14,Medium,High,Microservices,Microservices with Docker,REST API + gRPC
421,Low,5,Monthly,3,Low,Low,Monolithic,Single Server Deployment,REST API
42469,Medium,26,Daily,12,Medium,Medium,Microservices,Microservices with Docker,REST API + gRPC
402,Low,4,Monthly,1,Low,Low,Monolithic,Single Server Deployment,REST API
6313,Medium,15,Monthly,8,High,Low,Containerized App,Docker Container Deployment,REST API
13000,Medium,12,Monthly,3,Medium,Low,Containerized App,Docker Container Deployment,REST API
110294,High,29,Daily,24,High,High,Kubernetes Deployment,Kubernetes Orchestration Deployment,REST API + gRPC/Event-Driven
36296,Medium,18,Daily,15,Medium,Medium,Microservices,Microservices with Docker,REST API + gRPC
90590,High,26,Daily,13,High,High,Kubernetes Deployment,Kubernetes Orchestration Deployment,REST API + gRPC/Event-Driven
3575,Low,4,Monthly,2,Medium,Low,Monolithic,Single Server Deployment,REST API
35458,High,18,Weekly,13,Medium,Medium,Microservices,Microservices with Docker,REST API + gRPC
159770,High,34,Daily,22,High,High,Kubernetes Deployment,Kubernetes Orchestration Deployment,REST API + gRPC/Event-Driven
15085,Medium,11,Weekly,5,Medium,Low,Containerized App,Docker Container Deployment,REST API
4152,Low,5,Monthly,3,Medium,Low,Monolithic,Single Server Deployment,REST API
33883,Medium,23,Daily,14,Medium,Medium,Microservices,Microservices with Docker,REST API + gRPC
91366,High,47,Daily,25,High,High,Kubernetes Deployment,Kubernetes Orchestration Deployment,REST API + gRPC/Event-Driven
4495,Low,3,Monthly,3,Low,Low,Monolithic,Single Server Deployment,REST API
3341,Low,5,Monthly,1,Medium,Low,Monolithic,Single Server Deployment,REST API
103413,High,36,Daily,23,High,High,Kubernetes Deployment,Kubernetes Orchestration Deployment,REST API + gRPC/Event-Driven
2366,Low,4,Monthly,1,Medium,Low,Monolithic,Single Server Deployment,REST API
17400,Medium,10,Weekly,4,Medium,Medium,Containerized App,Docker Container Deployment,REST API
40632,High,30,Weekly,13,Medium,Medium,Microservices,Microservices with Docker,REST API + gRPC
14914,Low,13,Monthly,5,High,Low,Containerized App,Docker Container Deployment,REST API
9338,Low,10,Monthly,3,Medium,Medium,Containerized App,Docker Container Deployment,REST API
50510,High,22,Daily,10,High,High,Kubernetes Deployment,Kubernetes Orchestration Deployment,REST API + gRPC/Event-Driven
17236,Medium,11,Weekly,6,High,Medium,Containerized App,Docker Container Deployment,REST API
7051,Low,12,Monthly,4,High,Low,Containerized App,Docker Container Deployment,REST API
29569,High,28,Daily,9,Medium,High,Microservices,Microservices with Docker,REST API + gRPC
67682,High,29,Daily,12,High,High,Kubernetes Deployment,Kubernetes Orchestration Deployment,REST API + gRPC/Event-Driven
45475,Medium,20,Weekly,11,Medium,Medium,Microservices,Microservices with Docker,REST API + gRPC
1378,Low,3,Monthly,2,Medium,Low,Monolithic,Single Server Deployment,REST API
1698,Low,5,Monthly,3,Medium,Low,Monolithic,Single Server Deployment,REST API
30465,High,29,Weekly,12,High,Medium,Microservices,Microservices with Docker,REST API + gRPC
17360,Medium,10,Monthly,5,Medium,Low,Containerized App,Docker Container Deployment,REST API
4593,Low,5,Monthly,1,Low,Low,Monolithic,Single Server Deployment,REST API
4080,Low,2,Monthly,1,Low,Low,Monolithic,Single Server Deployment,REST API
987,Low,3,Monthly,2,Low,Low,Monolithic,Single Server Deployment,REST API
172758,High,45,Daily,23,High,High,Kubernetes Deployment,Kubernetes Orchestration Deployment,REST API + gRPC/Event-Driven
46262,Medium,24,Daily,9,Medium,High,Microservices,Microservices with Docker,REST API + gRPC
59548,High,31,Daily,23,High,High,Kubernetes Deployment,Kubernetes Orchestration Deployment,REST API + gRPC/Event-Driven
187404,High,48,Daily,15,High,High,Kubernetes Deployment,Kubernetes Orchestration Deployment,REST API + gRPC/Event-Driven
33569,Medium,25,Daily,15,Medium,High,Microservices,Microservices with Docker,REST API + gRPC
119821,High,31,Daily,21,High,High,Kubernetes Deployment,Kubernetes Orchestration Deployment,REST API + gRPC/Event-Driven
55597,High,36,Daily,13,High,High,Kubernetes Deployment,Kubernetes Orchestration Deployment,REST API + gRPC/Event-Driven
24480,High,30,Weekly,15,Medium,High,Microservices,Microservices with Docker,REST API + gRPC
2004,Low,2,Monthly,2,Medium,Low,Monolithic,Single Server Deployment,REST API
13849,Medium,7,Weekly,5,Medium,Low,Containerized App,Docker Container Deployment,REST API
33358,High,27,Daily,9,High,High,Microservices,Microservices with Docker,REST API + gRPC
48032,Medium,17,Weekly,14,Medium,High,Microservices,Microservices with Docker,REST API + gRPC
138,Low,5,Monthly,2,Low,Low,Monolithic,Single Server Deployment,REST API
181834,High,49,Daily,12,High,High,Kubernetes Deployment,Kubernetes Orchestration Deployment,REST API + gRPC/Event-Driven
16507,Medium,9,Weekly,5,Medium,Low,Containerized App,Docker Container Deployment,REST API
8273,Medium,11,Monthly,6,Medium,Low,Containerized App,Docker Container Deployment,REST API
3909,Low,5,Monthly,2,Low,Low,Monolithic,Single Server Deployment,REST API
148215,High,44,Daily,13,High,High,Kubernetes Deployment,Kubernetes Orchestration Deployment,REST API + gRPC/Event-Driven
162776,High,21,Daily,22,High,High,Kubernetes Deployment,Kubernetes Orchestration Deployment,REST API + gRPC/Event-Driven
8170,Medium,14,Monthly,3,Medium,Low,Containerized App,Docker Container Deployment,REST API
21679,High,27,Daily,9,High,High,Microservices,Microservices with Docker,REST API + gRPC
187611,High,33,Daily,25,High,High,Kubernetes Deployment,Kubernetes Orchestration Deployment,REST API + gRPC/Event-Driven
91199,High,47,Daily,21,High,High,Kubernetes Deployment,Kubernetes Orchestration Deployment,REST API + gRPC/Event-Driven
15928,Medium,11,Monthly,3,Medium,Medium,Containerized App,Docker Container Deployment,REST API
9082,Low,8,Weekly,8,High,Low,Containerized App,Docker Container Deployment,REST API
177611,High,47,Daily,14,High,High,Kubernetes Deployment,Kubernetes Orchestration Deployment,REST API + gRPC/Event-Driven
159735,High,30,Daily,25,High,High,Kubernetes Deployment,Kubernetes Orchestration Deployment,REST API + gRPC/Event-Driven
7235,Low,9,Weekly,5,High,Medium,Containerized App,Docker Container Deployment,REST API
6288,Medium,6,Monthly,7,High,Low,Containerized App,Docker Container Deployment,REST API
7082,Medium,13,Monthly,7,Medium,Low,Containerized App,Docker Container Deployment,REST API
108766,High,36,Daily,10,High,High,Kubernetes Deployment,Kubernetes Orchestration Deployment,REST API + gRPC/Event-Driven
3627,Low,2,Monthly,3,Low,Low,Monolithic,Single Server Deployment,REST API
157291,High,47,Daily,22,High,High,Kubernetes Deployment,Kubernetes Orchestration Deployment,REST API + gRPC/Event-Driven
14408,Low,11,Monthly,8,Medium,Medium,Containerized App,Docker Container Deployment,REST API
3849,Low,3,Monthly,3,Medium,Low,Monolithic,Single Server Deployment,REST API
137147,High,20,Daily,24,High,High,Kubernetes Deployment,Kubernetes Orchestration Deployment,REST API + gRPC/Event-Driven
11998,Low,6,Monthly,5,High,Low,Containerized App,Docker Container Deployment,REST API
48106,Medium,16,Daily,11,Medium,High,Microservices,Microservices with Docker,REST API + gRPC
1071,Low,3,Monthly,3,Medium,Low,Monolithic,Single Server Deployment,REST API
95867,High,32,Daily,20,High,High,Kubernetes Deployment,Kubernetes Orchestration Deployment,REST API + gRPC/Event-Driven
2919,Low,2,Monthly,2,Low,Low,Monolithic,Single Server Deployment,REST API
40142,Medium,26,Daily,9,High,Medium,Microservices,Microservices with Docker,REST API + gRPC
20086,Medium,28,Weekly,14,Medium,Medium,Microservices,Microservices with Docker,REST API + gRPC
3548,Low,4,Monthly,2,Medium,Low,Monolithic,Single Server Deployment,REST API
15196,Low,10,Monthly,6,High,Low,Containerized App,Docker Container Deployment,REST API
8086,Low,13,Monthly,3,High,Low,Containerized App,Docker Container Deployment,REST API
38381,Medium,26,Daily,9,High,Medium,Microservices,Microservices with Docker,REST API + gRPC
15865,Low,8,Monthly,6,High,Low,Containerized App,Docker Container Deployment,REST API
10528,Low,12,Monthly,6,High,Medium,Containerized App,Docker Container Deployment,REST API
42081,Medium,17,Weekly,11,High,Medium,Microservices,Microservices with Docker,REST API + gRPC
48797,Medium,16,Daily,10,Medium,High,Microservices,Microservices with Docker,REST API + gRPC
1176,Low,2,Monthly,2,Medium,Low,Monolithic,Single Server Deployment,REST API
3172,Low,3,Monthly,3,Medium,Low,Monolithic,Single Server Deployment,REST API
16656,Medium,15,Weekly,5,Medium,Low,Containerized App,Docker Container Deployment,REST API
170685,High,36,Daily,22,High,High,Kubernetes Deployment,Kubernetes Orchestration Deployment,REST API + gRPC/Event-Driven
162833,High,33,Daily,22,High,High,Kubernetes Deployment,Kubernetes Orchestration Deployment,REST API + gRPC/Event-Driven
2671,Low,5,Monthly,3,Medium,Low,Monolithic,Single Server Deployment,REST API
181511,High,34,Daily,12,High,High,Kubernetes Deployment,Kubernetes Orchestration Deployment,REST API + gRPC/Event-Driven
157179,High,35,Daily,12,High,High,Kubernetes Deployment,Kubernetes Orchestration Deployment,REST API + gRPC/Event-Driven
2082,Low,4,Monthly,3,Low,Low,Monolithic,Single Server Deployment,REST API
110226,High,33,Daily,11,High,High,Kubernetes Deployment,Kubernetes Orchestration Deployment,REST API + gRPC/Event-Driven
158681,High,37,Daily,19,High,High,Kubernetes Deployment,Kubernetes Orchestration Deployment,REST API + gRPC/Event-Driven
821,Low,5,Monthly,2,Medium,Low,Monolithic,Single Server Deployment,REST API
47185,Medium,22,Weekly,12,High,Medium,Microservices,Microservices with Docker,REST API + gRPC
11521,Low,9,Monthly,3,High,Medium,Containerized App,Docker Container Deployment,REST API
114972,High,43,Daily,22,High,High,Kubernetes Deployment,Kubernetes Orchestration Deployment,REST API + gRPC/Event-Driven
1644,Low,5,Monthly,3,Medium,Low,Monolithic,Single Server Deployment,REST API
63569,High,20,Daily,17,High,High,Kubernetes Deployment,Kubernetes Orchestration Deployment,REST API + gRPC/Event-Driven
30591,Medium,27,Weekly,14,High,Medium,Microservices,Microservices with Docker,REST API + gRPC
156553,High,27,Daily,24,High,High,Kubernetes Deployment,Kubernetes Orchestration Deployment,REST API + gRPC/Event-Driven
18275,Medium,8,Monthly,8,Medium,Low,Containerized App,Docker Container Deployment,REST API
4440,Low,5,Monthly,1,Medium,Low,Monolithic,Single Server Deployment,REST API
3049,Low,5,Monthly,2,Medium,Low,Monolithic,Single Server Deployment,REST API
230,Low,5,Monthly,3,Medium,Low,Monolithic,Single Server Deployment,REST API
34073,High,25,Weekly,13,Medium,High,Microservices,Microservices with Docker,REST API + gRPC
4162,Low,5,Monthly,2,Low,Low,Monolithic,Single Server Deployment,REST API
566,Low,4,Monthly,2,Low,Low,Monolithic,Single Server Deployment,REST API
2981,Low,4,Monthly,2,Medium,Low,Monolithic,Single Server Deployment,REST API
4001,Low,5,Monthly,2,Low,Low,Monolithic,Single Server Deployment,REST API
2801,Low,5,Monthly,3,Low,Low,Monolithic,Single Server Deployment,REST API
2016,Low,3,Monthly,2,Medium,Low,Monolithic,Single Server Deployment,REST API
41604,Medium,18,Weekly,15,Medium,Medium,Microservices,Microservices with Docker,REST API + gRPC
29971,Medium,24,Daily,11,High,High,Microservices,Microservices with Docker,REST API + gRPC
145324,High,24,Daily,14,High,High,Kubernetes Deployment,Kubernetes Orchestration Deployment,REST API + gRPC/Event-Driven
43677,High,24,Daily,15,High,Medium,Microservices,Microservices with Docker,REST API + gRPC
27252,Medium,29,Daily,15,Medium,Medium,Microservices,Microservices with Docker,REST API + gRPC
184358,High,47,Daily,10,High,High,Kubernetes Deployment,Kubernetes Orchestration Deployment,REST API + gRPC/Event-Driven
79786,High,26,Daily,14,High,High,Kubernetes Deployment,Kubernetes Orchestration Deployment,REST API + gRPC/Event-Driven
139986,High,26,Daily,25,High,High,Kubernetes Deployment,Kubernetes Orchestration Deployment,REST API + gRPC/Event-Driven
17147,Low,11,Monthly,6,Medium,Medium,Containerized App,Docker Container Deployment,REST API
3977,Low,2,Monthly,2,Medium,Low,Monolithic,Single Server Deployment,REST API
22578,Medium,17,Weekly,10,High,Medium,Microservices,Microservices with Docker,REST API + gRPC
82559,High,44,Daily,21,High,High,Kubernetes Deployment,Kubernetes Orchestration Deployment,REST API + gRPC/Event-Driven
106927,High,45,Daily,14,High,High,Kubernetes Deployment,Kubernetes Orchestration Deployment,REST API + gRPC/Event-Driven
47432,High,25,Weekly,9,High,Medium,Microservices,Microservices with Docker,REST API + gRPC
174016,High,20,Daily,15,High,High,Kubernetes Deployment,Kubernetes Orchestration Deployment,REST API + gRPC/Event-Driven
19501,Low,10,Monthly,4,High,Low,Containerized App,Docker Container Deployment,REST API
135538,High,34,Daily,11,High,High,Kubernetes Deployment,Kubernetes Orchestration Deployment,REST API + gRPC/Event-Driven
40183,Medium,22,Weekly,11,Medium,Medium,Microservices,Microservices with Docker,REST API + gRPC
39536,High,22,Daily,15,Medium,High,Microservices,Microservices with Docker,REST API + gRPC
25240,High,28,Daily,12,Medium,Medium,Microservices,Microservices with Docker,REST API + gRPC
1446,Low,5,Monthly,2,Medium,Low,Monolithic,Single Server Deployment,REST API
13228,Medium,14,Weekly,3,High,Medium,Containerized App,Docker Container Deployment,REST API
2619,Low,2,Monthly,1,Low,Low,Monolithic,Single Server Deployment,REST API
7178,Medium,12,Weekly,7,Medium,Low,Containerized App,Docker Container Deployment,REST API
1308,Low,2,Monthly,1,Medium,Low,Monolithic,Single Server Deployment,REST API
19252,Low,8,Weekly,3,High,Medium,Containerized App,Docker Container Deployment,REST API
29342,High,22,Daily,11,Medium,Medium,Microservices,Microservices with Docker,REST API + gRPC
22788,Medium,29,Weekly,14,Medium,Medium,Microservices,Microservices with Docker,REST API + gRPC
36260,High,23,Weekly,14,Medium,Medium,Microservices,Microservices with Docker,REST API + gRPC
2218,Low,2,Monthly,2,Low,Low,Monolithic,Single Server Deployment,REST API
5179,Medium,12,Weekly,7,High,Medium,Containerized App,Docker Container Deployment,REST API
83882,High,28,Daily,22,High,High,Kubernetes Deployment,Kubernetes Orchestration Deployment,REST API + gRPC/Event-Driven
10421,Medium,6,Weekly,6,High,Low,Containerized App,Docker Container Deployment,REST API
4369,Low,3,Monthly,2,Medium,Low,Monolithic,Single Server Deployment,REST API
4799,Low,4,Monthly,1,Low,Low,Monolithic,Single Server Deployment,REST API
9546,Medium,8,Monthly,4,High,Low,Containerized App,Docker Container Deployment,REST API
819,Low,4,Monthly,3,Medium,Low,Monolithic,Single Server Deployment,REST API
145255,High,23,Daily,10,High,High,Kubernetes Deployment,Kubernetes Orchestration Deployment,REST API + gRPC/Event-Driven
4552,Low,2,Monthly,3,Medium,Low,Monolithic,Single Server Deployment,REST API
513,Low,2,Monthly,2,Low,Low,Monolithic,Single Server Deployment,REST API
22256,High,20,Daily,12,Medium,High,Microservices,Microservices with Docker,REST API + gRPC
4525,Low,4,Monthly,1,Medium,Low,Monolithic,Single Server Deployment,REST API
13548,Medium,12,Weekly,4,Medium,Low,Containerized App,Docker Container Deployment,REST API
180013,High,21,Daily,24,High,High,Kubernetes Deployment,Kubernetes Orchestration Deployment,REST API + gRPC/Event-Driven
8832,Medium,8,Monthly,7,High,Medium,Containerized App,Docker Container Deployment,REST API
15879,Medium,9,Weekly,8,High,Medium,Containerized App,Docker Container Deployment,REST API
3036,Low,4,Monthly,1,Low,Low,Monolithic,Single Server Deployment,REST API
25615,High,22,Weekly,11,High,High,Microservices,Microservices with Docker,REST API + gRPC
2237,Low,2,Monthly,2,Medium,Low,Monolithic,Single Server Deployment,REST API
108937,High,21,Daily,18,High,High,Kubernetes Deployment,Kubernetes Orchestration Deployment,REST API + gRPC/Event-Driven
44804,High,23,Weekly,13,High,Medium,Microservices,Microservices with Docker,REST API + gRPC
182530,High,25,Daily,21,High,High,Kubernetes Deployment,Kubernetes Orchestration Deployment,REST API + gRPC/Event-Driven
98218,High,30,Daily,15,High,High,Kubernetes Deployment,Kubernetes Orchestration Deployment,REST API + gRPC/Event-Driven
28855,Medium,26,Daily,10,High,High,Microservices,Microservices with Docker,REST API + gRPC
11799,Low,14,Weekly,6,High,Low,Containerized App,Docker Container Deployment,REST API
116372,High,20,Daily,21,High,High,Kubernetes Deployment,Kubernetes Orchestration Deployment,REST API + gRPC/Event-Driven
23401,High,19,Daily,15,High,Medium,Microservices,Microservices with Docker,REST API + gRPC
84300,High,43,Daily,23,High,High,Kubernetes Deployment,Kubernetes Orchestration Deployment,REST API + gRPC/Event-Driven
16972,Low,10,Monthly,5,Medium,Low,Containerized App,Docker Container Deployment,REST API
15432,Medium,7,Weekly,8,High,Low,Containerized App,Docker Container Deployment,REST API
66473,High,21,Daily,20,High,High,Kubernetes Deployment,Kubernetes Orchestration Deployment,REST API + gRPC/Event-Driven
33606,Medium,20,Weekly,12,High,Medium,Microservices,Microservices with Docker,REST API + gRPC
4927,Low,4,Monthly,1,Low,Low,Monolithic,Single Server Deployment,REST API
7323,Medium,12,Monthly,8,High,Medium,Containerized App,Docker Container Deployment,REST API
10982,Low,12,Monthly,3,Medium,Low,Containerized App,Docker Container Deployment,REST API
4661,Low,2,Monthly,1,Medium,Low,Monolithic,Single Server Deployment,REST API
28888,Medium,19,Weekly,13,High,Medium,Microservices,Microservices with Docker,REST API + gRPC
110175,High,41,Daily,19,High,High,Kubernetes Deployment,Kubernetes Orchestration Deployment,REST API + gRPC/Event-Driven
62406,High,43,Daily,25,High,High,Kubernetes Deployment,Kubernetes Orchestration Deployment,REST API + gRPC/Event-Driven
51898,High,47,Daily,19,High,High,Kubernetes Deployment,Kubernetes Orchestration Deployment,REST API + gRPC/Event-Driven
111882,High,47,Daily,10,High,High,Kubernetes Deployment,Kubernetes Orchestration Deployment,REST API + gRPC/Event-Driven
116800,High,48,Daily,10,High,High,Kubernetes Deployment,Kubernetes Orchestration Deployment,REST API + gRPC/Event-Driven
14094,Low,9,Monthly,6,Medium,Low,Containerized App,Docker Container Deployment,REST API
45661,Medium,25,Weekly,10,High,High,Microservices,Microservices with Docker,REST API + gRPC
11465,Medium,11,Monthly,4,Medium,Medium,Containerized App,Docker Container Deployment,REST API
3666,Low,4,Monthly,3,Low,Low,Monolithic,Single Server Deployment,REST API
48777,High,30,Daily,14,Medium,Medium,Microservices,Microservices with Docker,REST API + gRPC
830,Low,2,Monthly,1,Low,Low,Monolithic,Single Server Deployment,REST API
18310,Low,8,Weekly,6,Medium,Low,Containerized App,Docker Container Deployment,REST API
49215,Medium,26,Daily,11,High,Medium,Microservices,Microservices with Docker,REST API + gRPC
9190,Low,12,Monthly,8,High,Medium,Containerized App,Docker Container Deployment,REST API
11117,Low,9,Weekly,7,High,Low,Containerized App,Docker Container Deployment,REST API
36253,Medium,25,Weekly,13,Medium,High,Microservices,Microservices with Docker,REST API + gRPC
180407,High,47,Daily,22,High,High,Kubernetes Deployment,Kubernetes Orchestration Deployment,REST API + gRPC/Event-Driven
46340,Medium,16,Weekly,12,High,High,Microservices,Microservices with Docker,REST API + gRPC
172038,High,46,Daily,15,High,High,Kubernetes Deployment,Kubernetes Orchestration Deployment,REST API + gRPC/Event-Driven
9947,Medium,7,Weekly,6,Medium,Medium,Containerized App,Docker Container Deployment,REST API
1325,Low,2,Monthly,1,Medium,Low,Monolithic,Single Server Deployment,REST API
29550,Medium,28,Daily,13,Medium,Medium,Microservices,Microservices with Docker,REST API + gRPC
182186,High,25,Daily,19,High,High,Kubernetes Deployment,Kubernetes Orchestration Deployment,REST API + gRPC/Event-Driven
20279,Medium,20,Daily,14,High,High,Microservices,Microservices with Docker,REST API + gRPC
33047,Medium,23,Daily,10,Medium,High,Microservices,Microservices with Docker,REST API + gRPC
93970,High,23,Daily,22,High,High,Kubernetes Deployment,Kubernetes Orchestration Deployment,REST API + gRPC/Event-Driven
32561,Medium,18,Weekly,11,High,High,Microservices,Microservices with Docker,REST API + gRPC
2499,Low,3,Monthly,1,Medium,Low,Monolithic,Single Server Deployment,REST API
179897,High,37,Daily,21,High,High,Kubernetes Deployment,Kubernetes Orchestration Deployment,REST API + gRPC/Event-Driven
73713,High,46,Daily,10,High,High,Kubernetes Deployment,Kubernetes Orchestration Deployment,REST API + gRPC/Event-Driven
6803,Low,6,Monthly,4,Medium,Medium,Containerized App,Docker Container Deployment,REST API
41774,High,24,Daily,13,High,High,Microservices,Microservices with Docker,REST API + gRPC
72385,High,47,Daily,15,High,High,Kubernetes Deployment,Kubernetes Orchestration Deployment,REST API + gRPC/Event-Driven
31055,High,24,Weekly,14,Medium,High,Microservices,Microservices with Docker,REST API + gRPC
31508,Medium,18,Weekly,10,Medium,Medium,Microservices,Microservices with Docker,REST API + gRPC
172752,High,50,Daily,12,High,High,Kubernetes Deployment,Kubernetes Orchestration Deployment,REST API + gRPC/Event-Driven
2148,Low,2,Monthly,3,Medium,Low,Monolithic,Single Server Deployment,REST API
1425,Low,5,Monthly,3,Low,Low,Monolithic,Single Server Deployment,REST API
12111,Medium,7,Monthly,3,High,Medium,Containerized App,Docker Container Deployment,REST API
7531,Low,8,Weekly,6,High,Low,Containerized App,Docker Container Deployment,REST API
82487,High,45,Daily,14,High,High,Kubernetes Deployment,Kubernetes Orchestration Deployment,REST API + gRPC/Event-Driven
37723,Medium,17,Daily,15,Medium,Medium,Microservices,Microservices with Docker,REST API + gRPC
141009,High,25,Daily,17,High,High,Kubernetes Deployment,Kubernetes Orchestration Deployment,REST API + gRPC/Event-Driven
5900,Medium,8,Weekly,6,Medium,Medium,Containerized App,Docker Container Deployment,REST API
25119,Medium,23,Daily,10,Medium,Medium,Microservices,Microservices with Docker,REST API + gRPC
4907,Low,4,Monthly,2,Low,Low,Monolithic,Single Server Deployment,REST API
103898,High,40,Daily,15,High,High,Kubernetes Deployment,Kubernetes Orchestration Deployment,REST API + gRPC/Event-Driven
2260,Low,4,Monthly,2,Low,Low,Monolithic,Single Server Deployment,REST API
1482,Low,2,Monthly,2,Medium,Low,Monolithic,Single Server Deployment,REST API
7077,Medium,8,Weekly,3,High,Medium,Containerized App,Docker Container Deployment,REST API
179750,High,31,Daily,11,High,High,Kubernetes Deployment,Kubernetes Orchestration Deployment,REST API + gRPC/Event-Driven
42280,Medium,22,Weekly,9,High,Medium,Microservices,Microservices with Docker,REST API + gRPC
21057,High,23,Daily,12,Medium,Medium,Microservices,Microservices with Docker,REST API + gRPC
32229,Medium,23,Daily,15,Medium,Medium,Microservices,Microservices with Docker,REST API + gRPC
18055,Low,13,Monthly,7,High,Low,Containerized App,Docker Container Deployment,REST API
158013,High,29,Daily,15,High,High,Kubernetes Deployment,Kubernetes Orchestration Deployment,REST API + gRPC/Event-Driven
1865,Low,2,Monthly,2,Medium,Low,Monolithic,Single Server Deployment,REST API
32245,Medium,23,Daily,9,Medium,Medium,Microservices,Microservices with Docker,REST API + gRPC
103009,High,22,Daily,10,High,High,Kubernetes Deployment,Kubernetes Orchestration Deployment,REST API + gRPC/Event-Driven
13517,Low,9,Monthly,3,High,Low,Containerized App,Docker Container Deployment,REST API
4954,Low,2,Monthly,3,Low,Low,Monolithic,Single Server Deployment,REST API
188832,High,27,Daily,18,High,High,Kubernetes Deployment,Kubernetes Orchestration Deployment,REST API + gRPC/Event-Driven
26875,High,16,Daily,10,Medium,Medium,Microservices,Microservices with Docker,REST API + gRPC
15345,Medium,14,Weekly,3,Medium,Medium,Containerized App,Docker Container Deployment,REST API
166521,High,29,Daily,22,High,High,Kubernetes Deployment,Kubernetes Orchestration Deployment,REST API + gRPC/Event-Driven
124006,High,43,Daily,15,High,High,Kubernetes Deployment,Kubernetes Orchestration Deployment,REST API + gRPC/Event-Driven
45339,Medium,22,Daily,9,Medium,High,Microservices,Microservices with Docker,REST API + gRPC
178600,High,31,Daily,16,High,High,Kubernetes Deployment,Kubernetes Orchestration Deployment,REST API + gRPC/Event-Driven
69722,High,38,Daily,11,High,High,Kubernetes Deployment,Kubernetes Orchestration Deployment,REST API + gRPC/Event-Driven
120672,High,42,Daily,25,High,High,Kubernetes Deployment,Kubernetes Orchestration Deployment,REST API + gRPC/Event-Driven
49302,Medium,28,Weekly,12,High,Medium,Microservices,Microservices with Docker,REST API + gRPC
120108,High,50,Daily,14,High,High,Kubernetes Deployment,Kubernetes Orchestration Deployment,REST API + gRPC/Event-Driven
862,Low,4,Monthly,1,Medium,Low,Monolithic,Single Server Deployment,REST API
7540,Medium,7,Weekly,6,Medium,Medium,Containerized App,Docker Container Deployment,REST API
82992,High,49,Daily,18,High,High,Kubernetes Deployment,Kubernetes Orchestration Deployment,REST API + gRPC/Event-Driven
15086,Medium,10,Weekly,3,Medium,Medium,Containerized App,Docker Container Deployment,REST API
17784,Low,11,Weekly,4,High,Low,Containerized App,Docker Container Deployment,REST API
165702,High,36,Daily,18,High,High,Kubernetes Deployment,Kubernetes Orchestration Deployment,REST API + gRPC/Event-Driven
35103,High,26,Weekly,11,Medium,High,Microservices,Microservices with Docker,REST API + gRPC
146615,High,31,Daily,16,High,High,Kubernetes Deployment,Kubernetes Orchestration Deployment,REST API + gRPC/Event-Driven
147147,High,34,Daily,22,High,High,Kubernetes Deployment,Kubernetes Orchestration Deployment,REST API + gRPC/Event-Driven
18052,Medium,15,Weekly,4,Medium,Medium,Containerized App,Docker Container Deployment,REST API
684,Low,3,Monthly,3,Low,Low,Monolithic,Single Server Deployment,REST API
16719,Low,13,Weekly,6,High,Medium,Containerized App,Docker Container Deployment,REST API
144874,High,49,Daily,24,High,High,Kubernetes Deployment,Kubernetes Orchestration Deployment,REST API + gRPC/Event-Driven
25956,Medium,18,Daily,11,Medium,High,Microservices,Microservices with Docker,REST API + gRPC
5744,Low,11,Weekly,4,Medium,Low,Containerized App,Docker Container Deployment,REST API
197226,High,41,Daily,10,High,High,Kubernetes Deployment,Kubernetes Orchestration Deployment,REST API + gRPC/Event-Driven
8468,Low,7,Monthly,6,Medium,Low,Containerized App,Docker Container Deployment,REST API
1224,Low,2,Monthly,3,Medium,Low,Monolithic,Single Server Deployment,REST API
32212,Medium,20,Daily,14,Medium,High,Microservices,Microservices with Docker,REST API + gRPC
72093,High,45,Daily,12,High,High,Kubernetes Deployment,Kubernetes Orchestration Deployment,REST API + gRPC/Event-Driven
10154,Medium,9,Monthly,4,High,Low,Containerized App,Docker Container Deployment,REST API
2576,Low,2,Monthly,3,Low,Low,Monolithic,Single Server Deployment,REST API
122432,High,23,Daily,25,High,High,Kubernetes Deployment,Kubernetes Orchestration Deployment,REST API + gRPC/Event-Driven
186532,High,50,Daily,20,High,High,Kubernetes Deployment,Kubernetes Orchestration Deployment,REST API + gRPC/Event-Driven
2667,Low,4,Monthly,3,Medium,Low,Monolithic,Single Server Deployment,REST API
42073,High,22,Daily,12,Medium,High,Microservices,Microservices with Docker,REST API + gRPC
2200,Low,3,Monthly,2,Low,Low,Monolithic,Single Server Deployment,REST API
18418,Low,15,Weekly,4,Medium,Low,Containerized App,Docker Container Deployment,REST API
51148,High,20,Daily,19,High,High,Kubernetes Deployment,Kubernetes Orchestration Deployment,REST API + gRPC/Event-Driven
31856,High,30,Daily,12,High,Medium,Microservices,Microservices with Docker,REST API + gRPC
125507,High,44,Daily,14,High,High,Kubernetes Deployment,Kubernetes Orchestration Deployment,REST API + gRPC/Event-Driven
58748,High,47,Daily,17,High,High,Kubernetes Deployment,Kubernetes Orchestration Deployment,REST API + gRPC/Event-Driven
56408,High,24,Daily,18,High,High,Kubernetes Deployment,Kubernetes Orchestration Deployment,REST API + gRPC/Event-Driven
130545,High,41,Daily,24,High,High,Kubernetes Deployment,Kubernetes Orchestration Deployment,REST API + gRPC/Event-Driven
102,Low,3,Monthly,1,Medium,Low,Monolithic,Single Server Deployment,REST API
1427,Low,4,Monthly,1,Medium,Low,Monolithic,Single Server Deployment,REST API
3364,Low,5,Monthly,3,Low,Low,Monolithic,Single Server Deployment,REST API
40213,High,21,Daily,12,Medium,Medium,Microservices,Microservices with Docker,REST API + gRPC
2650,Low,4,Monthly,3,Medium,Low,Monolithic,Single Server Deployment,REST API
37747,Medium,30,Weekly,11,Medium,Medium,Microservices,Microservices with Docker,REST API + gRPC
188375,High,35,Daily,20,High,High,Kubernetes Deployment,Kubernetes Orchestration Deployment,REST API + gRPC/Event-Driven
637,Low,3,Monthly,2,Low,Low,Monolithic,Single Server Deployment,REST API
15414,Low,10,Weekly,3,High,Medium,Containerized App,Docker Container Deployment,REST API
47453,High,26,Daily,12,Medium,High,Microservices,Microservices with Docker,REST API + gRPC
29103,High,23,Daily,11,High,High,Microservices,Microservices with Docker,REST API + gRPC
146629,High,34,Daily,10,High,High,Kubernetes Deployment,Kubernetes Orchestration Deployment,REST API + gRPC/Event-Driven
44244,High,16,Weekly,11,High,High,Microservices,Microservices with Docker,REST API + gRPC
3146,Low,3,Monthly,1,Medium,Low,Monolithic,Single Server Deployment,REST API
44942,Medium,25,Weekly,10,Medium,Medium,Microservices,Microservices with Docker,REST API + gRPC
4914,Low,4,Monthly,3,Medium,Low,Monolithic,Single Server Deployment,REST API
19370,Medium,10,Monthly,7,Medium,Low,Containerized App,Docker Container Deployment,REST API
66571,High,46,Daily,16,High,High,Kubernetes Deployment,Kubernetes Orchestration Deployment,REST API + gRPC/Event-Driven
132878,High,21,Daily,25,High,High,Kubernetes Deployment,Kubernetes Orchestration Deployment,REST API + gRPC/Event-Driven
48629,Medium,25,Weekly,9,High,High,Microservices,Microservices with Docker,REST API + gRPC
3182,Low,3,Monthly,3,Medium,Low,Monolithic,Single Server Deployment,REST API
161259,High,34,Daily,18,High,High,Kubernetes Deployment,Kubernetes Orchestration Deployment,REST API + gRPC/Event-Driven
19527,Medium,11,Weekly,3,Medium,Medium,Containerized App,Docker Container Deployment,REST API
14444,Low,10,Monthly,8,Medium,Medium,Containerized App,Docker Container Deployment,REST API
4120,Low,3,Monthly,3,Medium,Low,Monolithic,Single Server Deployment,REST API
14193,Low,14,Monthly,4,Medium,Low,Containerized App,Docker Container Deployment,REST API
2601,Low,2,Monthly,3,Low,Low,Monolithic,Single Server Deployment,REST API
93298,High,38,Daily,25,High,High,Kubernetes Deployment,Kubernetes Orchestration Deployment,REST API + gRPC/Event-Driven
3281,Low,3,Monthly,2,Low,Low,Monolithic,Single Server Deployment,REST API
460,Low,2,Monthly,1,Low,Low,Monolithic,Single Server Deployment,REST API
9660,Low,12,Monthly,7,Medium,Medium,Containerized App,Docker Container Deployment,REST API
120923,High,33,Daily,25,High,High,Kubernetes Deployment,Kubernetes Orchestration Deployment,REST API + gRPC/Event-Driven
1764,Low,3,Monthly,2,Medium,Low,Monolithic,Single Server Deployment,REST API
132205,High,23,Daily,23,High,High,Kubernetes Deployment,Kubernetes Orchestration Deployment,REST API + gRPC/Event-Driven
47147,Medium,27,Daily,9,High,High,Microservices,Microservices with Docker,REST API + gRPC
14431,Medium,9,Weekly,4,High,Medium,Containerized App,Docker Container Deployment,REST API
26440,Medium,21,Daily,10,High,High,Microservices,Microservices with Docker,REST API + gRPC
43679,Medium,30,Weekly,13,Medium,High,Microservices,Microservices with Docker,REST API + gRPC
103344,High,35,Daily,25,High,High,Kubernetes Deployment,Kubernetes Orchestration Deployment,REST API + gRPC/Event-Driven
17960,Low,8,Weekly,8,High,Medium,Containerized App,Docker Container Deployment,REST API
3656,Low,5,Monthly,1,Low,Low,Monolithic,Single Server Deployment,REST API
78709,High,33,Daily,18,High,High,Kubernetes Deployment,Kubernetes Orchestration Deployment,REST API + gRPC/Event-Driven
12512,Medium,8,Weekly,5,Medium,Low,Containerized App,Docker Container Deployment,REST API
9484,Medium,9,Monthly,5,High,Medium,Containerized App,Docker Container Deployment,REST API
284,Low,4,Monthly,3,Low,Low,Monolithic,Single Server Deployment,REST API
3521,Low,4,Monthly,1,Medium,Low,Monolithic,Single Server Deployment,REST API
60297,High,35,Daily,16,High,High,Kubernetes Deployment,Kubernetes Orchestration Deployment,REST API + gRPC/Event-Driven
14979,Low,11,Weekly,4,High,Low,Containerized App,Docker Container Deployment,REST API
1180,Low,4,Monthly,1,Medium,Low,Monolithic,Single Server Deployment,REST API
44201,Medium,16,Weekly,15,High,High,Microservices,Microservices with Docker,REST API + gRPC
2480,Low,4,Monthly,3,Medium,Low,Monolithic,Single Server Deployment,REST API
127779,High,30,Daily,23,High,High,Kubernetes Deployment,Kubernetes Orchestration Deployment,REST API + gRPC/Event-Driven
11324,Low,8,Weekly,7,Medium,Medium,Containerized App,Docker Container Deployment,REST API
192544,High,22,Daily,14,High,High,Kubernetes Deployment,Kubernetes Orchestration Deployment,REST API + gRPC/Event-Driven
86894,High,20,Daily,22,High,High,Kubernetes Deployment,Kubernetes Orchestration Deployment,REST API + gRPC/Event-Driven
5158,Medium,14,Weekly,4,High,Low,Containerized App,Docker Container Deployment,REST API
1395,Low,5,Monthly,2,Medium,Low,Monolithic,Single Server Deployment,REST API
158232,High,49,Daily,15,High,High,Kubernetes Deployment,Kubernetes Orchestration Deployment,REST API + gRPC/Event-Driven
3045,Low,2,Monthly,1,Low,Low,Monolithic,Single Server Deployment,REST API
3051,Low,5,Monthly,1,Medium,Low,Monolithic,Single Server Deployment,REST API
32287,High,21,Daily,9,Medium,High,Microservices,Microservices with Docker,REST API + gRPC
61656,High,43,Daily,14,High,High,Kubernetes Deployment,Kubernetes Orchestration Deployment,REST API + gRPC/Event-Driven
25535,Medium,17,Daily,11,High,Medium,Microservices,Microservices with Docker,REST API + gRPC
7667,Low,7,Monthly,7,Medium,Medium,Containerized App,Docker Container Deployment,REST API
76612,High,43,Daily,12,High,High,Kubernetes Deployment,Kubernetes Orchestration Deployment,REST API + gRPC/Event-Driven
192728,High,27,Daily,10,High,High,Kubernetes Deployment,Kubernetes Orchestration Deployment,REST API + gRPC/Event-Driven
4885,Low,3,Monthly,3,Medium,Low,Monolithic,Single Server Deployment,REST API
93700,High,44,Daily,12,High,High,Kubernetes Deployment,Kubernetes Orchestration Deployment,REST API + gRPC/Event-Driven
11652,Low,10,Monthly,7,Medium,Low,Containerized App,Docker Container Deployment,REST API
47695,High,26,Daily,11,Medium,High,Microservices,Microservices with Docker,REST API + gRPC
25432,High,19,Daily,9,High,High,Microservices,Microservices with Docker,REST API + gRPC
568,Low,2,Monthly,3,Medium,Low,Monolithic,Single Server Deployment,REST API
99162,High,49,Daily,15,High,High,Kubernetes Deployment,Kubernetes Orchestration Deployment,REST API + gRPC/Event-Driven
8669,Low,14,Monthly,5,Medium,Low,Containerized App,Docker Container Deployment,REST API
101733,High,45,Daily,12,High,High,Kubernetes Deployment,Kubernetes Orchestration Deployment,REST API + gRPC/Event-Driven
41865,High,25,Weekly,12,High,High,Microservices,Microservices with Docker,REST API + gRPC
129260,High,28,Daily,15,High,High,Kubernetes Deployment,Kubernetes Orchestration Deployment,REST API + gRPC/Event-Driven
6887,Low,7,Monthly,6,High,Low,Containerized App,Docker Container Deployment,REST API
5415,Low,13,Weekly,4,Medium,Low,Containerized App,Docker Container Deployment,REST API
42516,Medium,29,Daily,10,Medium,High,Microservices,Microservices with Docker,REST API + gRPC
117636,High,25,Daily,12,High,High,Kubernetes Deployment,Kubernetes Orchestration Deployment,REST API + gRPC/Event-Driven
17217,Low,8,Monthly,5,High,Low,Containerized App,Docker Container Deployment,REST API
9010,Medium,8,Monthly,4,High,Low,Containerized App,Docker Container Deployment,REST API
169547,High,34,Daily,15,High,High,Kubernetes Deployment,Kubernetes Orchestration Deployment,REST API + gRPC/Event-Driven
47122,Medium,27,Daily,11,High,High,Microservices,Microservices with Docker,REST API + gRPC
4725,Low,4,Monthly,3,Medium,Low,Monolithic,Single Server Deployment,REST API
85040,High,23,Daily,15,High,High,Kubernetes Deployment,Kubernetes Orchestration Deployment,REST API + gRPC/Event-Driven
23549,High,20,Daily,9,High,High,Microservices,Microservices with Docker,REST API + gRPC
121101,High,27,Daily,24,High,High,Kubernetes Deployment,Kubernetes Orchestration Deployment,REST API + gRPC/Event-Driven
197700,High,45,Daily,23,High,High,Kubernetes Deployment,Kubernetes Orchestration Deployment,REST API + gRPC/Event-Driven
9616,Medium,12,Monthly,5,High,Medium,Containerized App,Docker Container Deployment,REST API
19690,Low,8,Weekly,6,Medium,Medium,Containerized App,Docker Container Deployment,REST API
6368,Medium,14,Weekly,5,Medium,Low,Containerized App,Docker Container Deployment,REST API
28109,High,20,Daily,9,Medium,Medium,Microservices,Microservices with Docker,REST API + gRPC
150470,High,24,Daily,20,High,High,Kubernetes Deployment,Kubernetes Orchestration Deployment,REST API + gRPC/Event-Driven
96131,High,48,Daily,17,High,High,Kubernetes Deployment,Kubernetes Orchestration Deployment,REST API + gRPC/Event-Driven
23620,Medium,17,Daily,15,High,High,Microservices,Microservices with Docker,REST API + gRPC
4358,Low,4,Monthly,2,Medium,Low,Monolithic,Single Server Deployment,REST API
103357,High,31,Daily,25,High,High,Kubernetes Deployment,Kubernetes Orchestration Deployment,REST API + gRPC/Event-Driven
187407,High,31,Daily,21,High,High,Kubernetes Deployment,Kubernetes Orchestration Deployment,REST API + gRPC/Event-Driven
21395,High,16,Weekly,9,Medium,Medium,Microservices,Microservices with Docker,REST API + gRPC
4568,Low,4,Monthly,2,Low,Low,Monolithic,Single Server Deployment,REST API
162406,High,29,Daily,12,High,High,Kubernetes Deployment,Kubernetes Orchestration Deployment,REST API + gRPC/Event-Driven
3483,Low,2,Monthly,2,Medium,Low,Monolithic,Single Server Deployment,REST API
62022,High,20,Daily,18,High,High,Kubernetes Deployment,Kubernetes Orchestration Deployment,REST API + gRPC/Event-Driven
15016,Medium,13,Monthly,5,High,Low,Containerized App,Docker Container Deployment,REST API
5103,Medium,7,Monthly,5,Medium,Low,Containerized App,Docker Container Deployment,REST API
4900,Low,2,Monthly,2,Medium,Low,Monolithic,Single Server Deployment,REST API
45476,High,30,Daily,12,High,Medium,Microservices,Microservices with Docker,REST API + gRPC
81794,High,37,Daily,23,High,High,Kubernetes Deployment,Kubernetes Orchestration Deployment,REST API + gRPC/Event-Driven
3285,Low,4,Monthly,3,Medium,Low,Monolithic,Single Server Deployment,REST API
70353,High,43,Daily,12,High,High,Kubernetes Deployment,Kubernetes Orchestration Deployment,REST API + gRPC/Event-Driven
3602,Low,5,Monthly,1,Medium,Low,Monolithic,Single Server Deployment,REST API
16476,Low,7,Monthly,3,High,Low,Containerized App,Docker Container Deployment,REST API
165950,High,39,Daily,14,High,High,Kubernetes Deployment,Kubernetes Orchestration Deployment,REST API + gRPC/Event-Driven
66797,High,42,Daily,13,High,High,Kubernetes Deployment,Kubernetes Orchestration Deployment,REST API + gRPC/Event-Driven
15990,Low,6,Monthly,4,High,Medium,Containerized App,Docker Container Deployment,REST API
2211,Low,3,Monthly,1,Low,Low,Monolithic,Single Server Deployment,REST API
10477,Medium,7,Monthly,8,Medium,Low,Containerized App,Docker Container Deployment,REST API
4948,Low,4,Monthly,2,Low,Low,Monolithic,Single Server Deployment,REST API
18525,Low,12,Monthly,7,High,Low,Containerized App,Docker Container Deployment,REST API
40178,Medium,26,Weekly,15,Medium,High,Microservices,Microservices with Docker,REST API + gRPC
121585,High,21,Daily,17,High,High,Kubernetes Deployment,Kubernetes Orchestration Deployment,REST API + gRPC/Event-Driven
1502,Low,4,Monthly,3,Low,Low,Monolithic,Single Server Deployment,REST API
62122,High,37,Daily,12,High,High,Kubernetes Deployment,Kubernetes Orchestration Deployment,REST API + gRPC/Event-Driven
246,Low,2,Monthly,3,Low,Low,Monolithic,Single Server Deployment,REST API
10926,Low,10,Weekly,5,High,Low,Containerized App,Docker Container Deployment,REST API
1020,Low,2,Monthly,1,Low,Low,Monolithic,Single Server Deployment,REST API
21964,Medium,21,Weekly,9,High,Medium,Microservices,Microservices with Docker,REST API + gRPC
141639,High,34,Daily,19,High,High,Kubernetes Deployment,Kubernetes Orchestration Deployment,REST API + gRPC/Event-Driven
4073,Low,2,Monthly,1,Low,Low,Monolithic,Single Server Deployment,REST API
5114,Low,10,Monthly,6,High,Medium,Containerized App,Docker Container Deployment,REST API
2566,Low,4,Monthly,2,Low,Low,Monolithic,Single Server Deployment,REST API
53724,High,32,Daily,24,High,High,Kubernetes Deployment,Kubernetes Orchestration Deployment,REST API + gRPC/Event-Driven
13796,Medium,8,Weekly,8,Medium,Medium,Containerized App,Docker Container Deployment,REST API
49013,High,29,Weekly,12,High,High,Microservices,Microservices with Docker,REST API + gRPC
107258,High,39,Daily,18,High,High,Kubernetes Deployment,Kubernetes Orchestration Deployment,REST API + gRPC/Event-Driven
198550,High,46,Daily,17,High,High,Kubernetes Deployment,Kubernetes Orchestration Deployment,REST API + gRPC/Event-Driven
3336,Low,2,Monthly,2,Low,Low,Monolithic,Single Server Deployment,REST API
4840,Low,2,Monthly,2,Medium,Low,Monolithic,Single Server Deployment,REST API
6855,Medium,10,Monthly,3,High,Low,Containerized App,Docker Container Deployment,REST API
39493,High,18,Weekly,10,Medium,High,Microservices,Microservices with Docker,REST API + gRPC
49257,Medium,19,Weekly,10,Medium,Medium,Microservices,Microservices with Docker,REST API + gRPC
4031,Low,5,Monthly,2,Medium,Low,Monolithic,Single Server Deployment,REST API
10250,Low,13,Monthly,8,High,Low,Containerized App,Docker Container Deployment,REST API
146047,High,30,Daily,24,High,High,Kubernetes Deployment,Kubernetes Orchestration Deployment,REST API + gRPC/Event-Driven
21924,Medium,26,Weekly,10,High,Medium,Microservices,Microservices with Docker,REST API + gRPC
2506,Low,2,Monthly,2,Low,Low,Monolithic,Single Server Deployment,REST API
15552,Medium,9,Weekly,4,High,Low,Containerized App,Docker Container Deployment,REST API
24458,Medium,26,Daily,14,Medium,High,Microservices,Microservices with Docker,REST API + gRPC
103907,High,37,Daily,10,High,High,Kubernetes Deployment,Kubernetes Orchestration Deployment,REST API + gRPC/Event-Driven
10173,Medium,15,Monthly,8,Medium,Low,Containerized App,Docker Container Deployment,REST API
64779,High,34,Daily,14,High,High,Kubernetes Deployment,Kubernetes Orchestration Deployment,REST API + gRPC/Event-Driven
72076,High,35,Daily,15,High,High,Kubernetes Deployment,Kubernetes Orchestration Deployment,REST API + gRPC/Event-Driven
48144,Medium,22,Daily,11,High,Medium,Microservices,Microservices with Docker,REST API + gRPC
148915,High,23,Daily,18,High,High,Kubernetes Deployment,Kubernetes Orchestration Deployment,REST API + gRPC/Event-Driven
119349,High,45,Daily,17,High,High,Kubernetes Deployment,Kubernetes Orchestration Deployment,REST API + gRPC/Event-Driven
60575,High,30,Daily,17,High,High,Kubernetes Deployment,Kubernetes Orchestration Deployment,REST API + gRPC/Event-Driven
1079,Low,4,Monthly,3,Low,Low,Monolithic,Single Server Deployment,REST API
157745,High,33,Daily,16,High,High,Kubernetes Deployment,Kubernetes Orchestration Deployment,REST API + gRPC/Event-Driven
128704,High,47,Daily,10,High,High,Kubernetes Deployment,Kubernetes Orchestration Deployment,REST API + gRPC/Event-Driven
41940,High,16,Daily,9,Medium,High,Microservices,Microservices with Docker,REST API + gRPC
13287,Low,8,Monthly,5,Medium,Medium,Containerized App,Docker Container Deployment,REST API
188507,High,29,Daily,12,High,High,Kubernetes Deployment,Kubernetes Orchestration Deployment,REST API + gRPC/Event-Driven
139682,High,36,Daily,23,High,High,Kubernetes Deployment,Kubernetes Orchestration Deployment,REST API + gRPC/Event-Driven
4939,Low,5,Monthly,3,Medium,Low,Monolithic,Single Server Deployment,REST API
2633,Low,4,Monthly,3,Low,Low,Monolithic,Single Server Deployment,REST API
74778,High,24,Daily,15,High,High,Kubernetes Deployment,Kubernetes Orchestration Deployment,REST API + gRPC/Event-Driven
3919,Low,4,Monthly,2,Medium,Low,Monolithic,Single Server Deployment,REST API
152970,High,20,Daily,25,High,High,Kubernetes Deployment,Kubernetes Orchestration Deployment,REST API + gRPC/Event-Driven
32400,High,24,Daily,15,Medium,High,Microservices,Microservices with Docker,REST API + gRPC
194898,High,41,Daily,19,High,High,Kubernetes Deployment,Kubernetes Orchestration Deployment,REST API + gRPC/Event-Driven
53480,High,31,Daily,19,High,High,Kubernetes Deployment,Kubernetes Orchestration Deployment,REST API + gRPC/Event-Driven
170820,High,21,Daily,22,High,High,Kubernetes Deployment,Kubernetes Orchestration Deployment,REST API + gRPC/Event-Driven
76150,High,47,Daily,21,High,High,Kubernetes Deployment,Kubernetes Orchestration Deployment,REST API + gRPC/Event-Driven
17050,Medium,11,Monthly,6,High,Medium,Containerized App,Docker Container Deployment,REST API
3537,Low,4,Monthly,2,Medium,Low,Monolithic,Single Server Deployment,REST API
1220,Low,2,Monthly,3,Low,Low,Monolithic,Single Server Deployment,REST API
6777,Medium,11,Weekly,4,Medium,Low,Containerized App,Docker Container Deployment,REST API
30575,Medium,29,Daily,12,High,Medium,Microservices,Microservices with Docker,REST API + gRPC
121316,High,36,Daily,18,High,High,Kubernetes Deployment,Kubernetes Orchestration Deployment,REST API + gRPC/Event-Driven
40001,Medium,27,Weekly,12,Medium,High,Microservices,Microservices with Docker,REST API + gRPC
18630,Medium,14,Weekly,8,High,Medium,Containerized App,Docker Container Deployment,REST API
100172,High,45,Daily,14,High,High,Kubernetes Deployment,Kubernetes Orchestration Deployment,REST API + gRPC/Event-Driven
18525,Low,8,Monthly,5,High,Low,Containerized App,Docker Container Deployment,REST API
44330,Medium,26,Daily,10,High,High,Microservices,Microservices with Docker,REST API + gRPC
18254,Low,7,Monthly,8,High,Medium,Containerized App,Docker Container Deployment,REST API
923,Low,5,Monthly,1,Medium,Low,Monolithic,Single Server Deployment,REST API
1672,Low,2,Monthly,3,Low,Low,Monolithic,Single Server Deployment,REST API
73675,High,50,Daily,21,High,High,Kubernetes Deployment,Kubernetes Orchestration Deployment,REST API + gRPC/Event-Driven
32461,High,26,Weekly,11,Medium,Medium,Microservices,Microservices with Docker,REST API + gRPC
1643,Low,3,Monthly,3,Low,Low,Monolithic,Single Server Deployment,REST API
33681,High,24,Weekly,13,Medium,Medium,Microservices,Microservices with Docker,REST API + gRPC
85573,High,50,Daily,10,High,High,Kubernetes Deployment,Kubernetes Orchestration Deployment,REST API + gRPC/Event-Driven
3830,Low,3,Monthly,3,Medium,Low,Monolithic,Single Server Deployment,REST API
6194,Medium,11,Weekly,7,High,Low,Containerized App,Docker Container Deployment,REST API
2271,Low,4,Monthly,1,Low,Low,Monolithic,Single Server Deployment,REST API
20958,Medium,27,Weekly,12,High,Medium,Microservices,Microservices with Docker,REST API + gRPC
7986,Low,6,Monthly,7,High,Medium,Containerized App,Docker Container Deployment,REST API
11281,Medium,12,Weekly,4,Medium,Low,Containerized App,Docker Container Deployment,REST API
5599,Medium,15,Weekly,3,High,Low,Containerized App,Docker Container Deployment,REST API
2852,Low,5,Monthly,3,Medium,Low,Monolithic,Single Server Deployment,REST API
18277,Low,6,Weekly,7,High,Low,Containerized App,Docker Container Deployment,REST API
12704,Medium,11,Weekly,8,Medium,Medium,Containerized App,Docker Container Deployment,REST API
49974,High,27,Weekly,10,High,High,Microservices,Microservices with Docker,REST API + gRPC
11671,Medium,12,Monthly,3,Medium,Medium,Containerized App,Docker Container Deployment,REST API
2665,Low,2,Monthly,1,Medium,Low,Monolithic,Single Server Deployment,REST API
1503,Low,2,Monthly,2,Medium,Low,Monolithic,Single Server Deployment,REST API
8579,Low,8,Monthly,6,Medium,Medium,Containerized App,Docker Container Deployment,REST API
7622,Low,15,Monthly,7,High,Medium,Containerized App,Docker Container Deployment,REST API
108033,High,46,Daily,20,High,High,Kubernetes Deployment,Kubernetes Orchestration Deployment,REST API + gRPC/Event-Driven
102094,High,43,Daily,21,High,High,Kubernetes Deployment,Kubernetes Orchestration Deployment,REST API + gRPC/Event-Driven
1370,Low,5,Monthly,3,Low,Low,Monolithic,Single Server Deployment,REST API
43539,Medium,27,Weekly,14,Medium,Medium,Microservices,Microservices with Docker,REST API + gRPC
2043,Low,5,Monthly,3,Medium,Low,Monolithic,Single Server Deployment,REST API
7211,Medium,12,Monthly,3,Medium,Medium,Containerized App,Docker Container Deployment,REST API
14858,Low,15,Monthly,7,Medium,Low,Containerized App,Docker Container Deployment,REST API
5276,Medium,13,Weekly,7,High,Medium,Containerized App,Docker Container Deployment,REST API
9296,Low,15,Monthly,6,High,Low,Containerized App,Docker Container Deployment,REST API
20458,High,20,Weekly,12,High,High,Microservices,Microservices with Docker,REST API + gRPC
12847,Low,9,Monthly,7,High,Low,Containerized App,Docker Container Deployment,REST API
98509,High,22,Daily,25,High,High,Kubernetes Deployment,Kubernetes Orchestration Deployment,REST API + gRPC/Event-Driven
4604,Low,4,Monthly,3,Low,Low,Monolithic,Single Server Deployment,REST API
7106,Medium,7,Weekly,5,High,Low,Containerized App,Docker Container Deployment,REST API
49030,High,20,Daily,15,High,High,Microservices,Microservices with Docker,REST API + gRPC
19564,Medium,13,Weekly,3,Medium,Medium,Containerized App,Docker Container Deployment,REST API
3562,Low,4,Monthly,2,Low,Low,Monolithic,Single Server Deployment,REST API
12848,Medium,8,Monthly,8,Medium,Medium,Containerized App,Docker Container Deployment,REST API
152282,High,29,Daily,23,High,High,Kubernetes Deployment,Kubernetes Orchestration Deployment,REST API + gRPC/Event-Driven
33869,Medium,21,Daily,13,Medium,High,Microservices,Microservices with Docker,REST API + gRPC
7324,Low,13,Weekly,5,Medium,Low,Containerized App,Docker Container Deployment,REST API
975,Low,3,Monthly,1,Medium,Low,Monolithic,Single Server Deployment,REST API
9195,Low,14,Monthly,8,High,Medium,Containerized App,Docker Container Deployment,REST API
3844,Low,3,Monthly,3,Medium,Low,Monolithic,Single Server Deployment,REST API
48636,Medium,20,Daily,12,Medium,High,Microservices,Microservices with Docker,REST API + gRPC
4897,Low,2,Monthly,3,Low,Low,Monolithic,Single Server Deployment,REST API
3568,Low,5,Monthly,3,Medium,Low,Monolithic,Single Server Deployment,REST API
11562,Low,11,Weekly,4,High,Medium,Containerized App,Docker Container Deployment,REST API
29128,High,27,Daily,12,Medium,Medium,Microservices,Microservices with Docker,REST API + gRPC
70923,High,46,Daily,21,High,High,Kubernetes Deployment,Kubernetes Orchestration Deployment,REST API + gRPC/Event-Driven
18250,Low,8,Monthly,4,Medium,Low,Containerized App,Docker Container Deployment,REST API
188732,High,24,Daily,25,High,High,Kubernetes Deployment,Kubernetes Orchestration Deployment,REST API + gRPC/Event-Driven
15890,Low,13,Weekly,7,High,Medium,Containerized App,Docker Container Deployment,REST API
2087,Low,5,Monthly,2,Medium,Low,Monolithic,Single Server Deployment,REST API
61245,High,41,Daily,17,High,High,Kubernetes Deployment,Kubernetes Orchestration Deployment,REST API + gRPC/Event-Driven
4069,Low,4,Monthly,1,Medium,Low,Monolithic,Single Server Deployment,REST API
8707,Medium,8,Weekly,5,High,Medium,Containerized App,Docker Container Deployment,REST API
1539,Low,2,Monthly,2,Low,Low,Monolithic,Single Server Deployment,REST API
39961,Medium,21,Daily,14,High,High,Microservices,Microservices with Docker,REST API + gRPC
126624,High,23,Daily,16,High,High,Kubernetes Deployment,Kubernetes Orchestration Deployment,REST API + gRPC/Event-Driven
101464,High,44,Daily,21,High,High,Kubernetes Deployment,Kubernetes Orchestration Deployment,REST API + gRPC/Event-Driven
133345,High,50,Daily,21,High,High,Kubernetes Deployment,Kubernetes Orchestration Deployment,REST API + gRPC/Event-Driven
7755,Low,9,Monthly,3,Medium,Low,Containerized App,Docker Container Deployment,REST API
170747,High,20,Daily,20,High,High,Kubernetes Deployment,Kubernetes Orchestration Deployment,REST API + gRPC/Event-Driven
15088,Medium,7,Weekly,3,Medium,Low,Containerized App,Docker Container Deployment,REST API
4201,Low,3,Monthly,3,Low,Low,Monolithic,Single Server Deployment,REST API
359,Low,2,Monthly,2,Medium,Low,Monolithic,Single Server Deployment,REST API
24183,Medium,29,Weekly,9,High,Medium,Microservices,Microservices with Docker,REST API + gRPC
270,Low,4,Monthly,1,Medium,Low,Monolithic,Single Server Deployment,REST API
43059,High,21,Daily,10,High,High,Microservices,Microservices with Docker,REST API + gRPC
80780,High,24,Daily,20,High,High,Kubernetes Deployment,Kubernetes Orchestration Deployment,REST API + gRPC/Event-Driven
10314,Medium,10,Monthly,4,Medium,Low,Containerized App,Docker Container Deployment,REST API
40253,Medium,24,Weekly,13,High,High,Microservices,Microservices with Docker,REST API + gRPC
56907,High,31,Daily,15,High,High,Kubernetes Deployment,Kubernetes Orchestration Deployment,REST API + gRPC/Event-Driven
19440,Medium,8,Weekly,5,Medium,Medium,Containerized App,Docker Container Deployment,REST API
1922,Low,3,Monthly,2,Medium,Low,Monolithic,Single Server Deployment,REST API
44874,High,26,Daily,10,High,High,Microservices,Microservices with Docker,REST API + gRPC
4402,Low,2,Monthly,3,Medium,Low,Monolithic,Single Server Deployment,REST API
10232,Low,7,Monthly,6,High,Medium,Containerized App,Docker Container Deployment,REST API
19967,Low,7,Monthly,3,High,Medium,Containerized App,Docker Container Deployment,REST API
108843,High,21,Daily,21,High,High,Kubernetes Deployment,Kubernetes Orchestration Deployment,REST API + gRPC/Event-Driven
34178,Medium,23,Weekly,14,High,High,Microservices,Microservices with Docker,REST API + gRPC
2354,Low,4,Monthly,1,Low,Low,Monolithic,Single Server Deployment,REST API
189697,High,30,Daily,24,High,High,Kubernetes Deployment,Kubernetes Orchestration Deployment,REST API + gRPC/Event-Driven
45286,Medium,16,Daily,14,Medium,Medium,Microservices,Microservices with Docker,REST API + gRPC
42819,High,22,Weekly,14,High,High,Microservices,Microservices with Docker,REST API + gRPC
10107,Low,12,Monthly,4,Medium,Medium,Containerized App,Docker Container Deployment,REST API
7277,Low,10,Monthly,6,High,Medium,Containerized App,Docker Container Deployment,REST API
3599,Low,5,Monthly,1,Medium,Low,Monolithic,Single Server Deployment,REST API
99377,High,37,Daily,21,High,High,Kubernetes Deployment,Kubernetes Orchestration Deployment,REST API + gRPC/Event-Driven
161227,High,48,Daily,21,High,High,Kubernetes Deployment,Kubernetes Orchestration Deployment,REST API + gRPC/Event-Driven
74931,High,23,Daily,16,High,High,Kubernetes Deployment,Kubernetes Orchestration Deployment,REST API + gRPC/Event-Driven
19015,Medium,14,Weekly,6,Medium,Medium,Containerized App,Docker Container Deployment,REST API
47470,High,17,Daily,12,High,High,Microservices,Microservices with Docker,REST API + gRPC
130328,High,30,Daily,12,High,High,Kubernetes Deployment,Kubernetes Orchestration Deployment,REST API + gRPC/Event-Driven
24637,High,22,Weekly,9,Medium,Medium,Microservices,Microservices with Docker,REST API + gRPC
39939,High,17,Weekly,9,High,High,Microservices,Microservices with Docker,REST API + gRPC
23607,High,27,Daily,15,High,High,Microservices,Microservices with Docker,REST API + gRPC
26266,High,18,Weekly,10,Medium,High,Microservices,Microservices with Docker,REST API + gRPC
2965,Low,4,Monthly,3,Medium,Low,Monolithic,Single Server Deployment,REST API
3514,Low,4,Monthly,2,Low,Low,Monolithic,Single Server Deployment,REST API
29315,High,23,Daily,12,Medium,Medium,Microservices,Microservices with Docker,REST API + gRPC
174089,High,35,Daily,25,High,High,Kubernetes Deployment,Kubernetes Orchestration Deployment,REST API + gRPC/Event-Driven
15995,Low,6,Monthly,6,High,Medium,Containerized App,Docker Container Deployment,REST API
8628,Medium,15,Monthly,7,High,Medium,Containerized App,Docker Container Deployment,REST API
5431,Low,11,Weekly,5,Medium,Medium,Containerized App,Docker Container Deployment,REST API
42264,High,28,Weekly,12,Medium,High,Microservices,Microservices with Docker,REST API + gRPC
31520,Medium,25,Weekly,10,High,Medium,Microservices,Microservices with Docker,REST API + gRPC
181732,High,44,Daily,12,High,High,Kubernetes Deployment,Kubernetes Orchestration Deployment,REST API + gRPC/Event-Driven
14399,Low,9,Weekly,7,Medium,Medium,Containerized App,Docker Container Deployment,REST API
136969,High,30,Daily,14,High,High,Kubernetes Deployment,Kubernetes Orchestration Deployment,REST API + gRPC/Event-Driven
40162,High,17,Weekly,9,High,Medium,Microservices,Microservices with Docker,REST API + gRPC
66664,High,26,Daily,25,High,High,Kubernetes Deployment,Kubernetes Orchestration Deployment,REST API + gRPC/Event-Driven
4907,Low,2,Monthly,2,Low,Low,Monolithic,Single Server Deployment,REST API
48245,High,17,Daily,12,Medium,Medium,Microservices,Microservices with Docker,REST API + gRPC
192,Low,3,Monthly,3,Medium,Low,Monolithic,Single Server Deployment,REST API
79057,High,44,Daily,23,High,High,Kubernetes Deployment,Kubernetes Orchestration Deployment,REST API + gRPC/Event-Driven
120972,High,39,Daily,12,High,High,Kubernetes Deployment,Kubernetes Orchestration Deployment,REST API + gRPC/Event-Driven
42293,Medium,28,Weekly,13,Medium,High,Microservices,Microservices with Docker,REST API + gRPC
2257,Low,3,Monthly,2,Low,Low,Monolithic,Single Server Deployment,REST API
16362,Medium,15,Weekly,4,Medium,Medium,Containerized App,Docker Container Deployment,REST API
16976,Medium,13,Monthly,5,High,Medium,Containerized App,Docker Container Deployment,REST API
82605,High,41,Daily,22,High,High,Kubernetes Deployment,Kubernetes Orchestration Deployment,REST API + gRPC/Event-Driven
2742,Low,3,Monthly,1,Medium,Low,Monolithic,Single Server Deployment,REST API
3189,Low,2,Monthly,1,Low,Low,Monolithic,Single Server Deployment,REST API
3697,Low,2,Monthly,2,Medium,Low,Monolithic,Single Server Deployment,REST API
2370,Low,2,Monthly,1,Medium,Low,Monolithic,Single Server Deployment,REST API
15068,Medium,8,Monthly,8,Medium,Medium,Containerized App,Docker Container Deployment,REST API
5722,Medium,13,Monthly,4,Medium,Low,Containerized App,Docker Container Deployment,REST API
38896,Medium,27,Weekly,15,Medium,Medium,Microservices,Microservices with Docker,REST API + gRPC
3052,Low,3,Monthly,2,Medium,Low,Monolithic,Single Server Deployment,REST API
3048,Low,4,Monthly,1,Low,Low,Monolithic,Single Server Deployment,REST API
43671,Medium,18,Weekly,13,High,High,Microservices,Microservices with Docker,REST API + gRPC
28428,High,19,Daily,13,High,High,Microservices,Microservices with Docker,REST API + gRPC
4363,Low,4,Monthly,1,Low,Low,Monolithic,Single Server Deployment,REST API
1353,Low,5,Monthly,1,Medium,Low,Monolithic,Single Server Deployment,REST API
45275,Medium,18,Weekly,15,Medium,Medium,Microservices,Microservices with Docker,REST API + gRPC
156506,High,33,Daily,13,High,High,Kubernetes Deployment,Kubernetes Orchestration Deployment,REST API + gRPC/Event-Driven
42744,Medium,20,Daily,10,Medium,Medium,Microservices,Microservices with Docker,REST API + gRPC
41958,High,23,Daily,12,High,High,Microservices,Microservices with Docker,REST API + gRPC
1338,Low,2,Monthly,1,Medium,Low,Monolithic,Single Server Deployment,REST API
4648,Low,2,Monthly,1,Medium,Low,Monolithic,Single Server Deployment,REST API
25751,High,27,Daily,9,Medium,Medium,Microservices,Microservices with Docker,REST API + gRPC
163243,High,43,Daily,20,High,High,Kubernetes Deployment,Kubernetes Orchestration Deployment,REST API + gRPC/Event-Driven
27804,High,19,Daily,11,Medium,High,Microservices,Microservices with Docker,REST API + gRPC
199055,High,33,Daily,16,High,High,Kubernetes Deployment,Kubernetes Orchestration Deployment,REST API + gRPC/Event-Driven
13187,Low,8,Weekly,6,Medium,Low,Containerized App,Docker Container Deployment,REST API
4226,Low,5,Monthly,2,Medium,Low,Monolithic,Single Server Deployment,REST API
7470,Medium,10,Weekly,8,High,Low,Containerized App,Docker Container Deployment,REST API
19975,Medium,12,Monthly,7,Medium,Medium,Containerized App,Docker Container Deployment,REST API
105238,High,45,Daily,14,High,High,Kubernetes Deployment,Kubernetes Orchestration Deployment,REST API + gRPC/Event-Driven
59974,High,34,Daily,10,High,High,Kubernetes Deployment,Kubernetes Orchestration Deployment,REST API + gRPC/Event-Driven
48434,High,16,Daily,13,High,High,Microservices,Microservices with Docker,REST API + gRPC
27229,Medium,23,Daily,14,High,High,Microservices,Microservices with Docker,REST API + gRPC
14628,Medium,14,Weekly,8,Medium,Low,Containerized App,Docker Container Deployment,REST API
179748,High,43,Daily,25,High,High,Kubernetes Deployment,Kubernetes Orchestration Deployment,REST API + gRPC/Event-Driven
130693,High,29,Daily,15,High,High,Kubernetes Deployment,Kubernetes Orchestration Deployment,REST API + gRPC/Event-Driven
33897,Medium,18,Weekly,10,Medium,High,Microservices,Microservices with Docker,REST API + gRPC
8059,Low,7,Weekly,5,Medium,Low,Containerized App,Docker Container Deployment,REST API
19751,Medium,12,Weekly,8,Medium,Low,Containerized App,Docker Container Deployment,REST API
194817,High,32,Daily,17,High,High,Kubernetes Deployment,Kubernetes Orchestration Deployment,REST API + gRPC/Event-Driven
4877,Low,5,Monthly,1,Medium,Low,Monolithic,Single Server Deployment,REST API
2366,Low,4,Monthly,2,Low,Low,Monolithic,Single Server Deployment,REST API
178221,High,32,Daily,12,High,High,Kubernetes Deployment,Kubernetes Orchestration Deployment,REST API + gRPC/Event-Driven
13384,Medium,12,Weekly,5,High,Low,Containerized App,Docker Container Deployment,REST API
4012,Low,4,Monthly,1,Low,Low,Monolithic,Single Server Deployment,REST API
194092,High,35,Daily,24,High,High,Kubernetes Deployment,Kubernetes Orchestration Deployment,REST API + gRPC/Event-Driven
14269,Medium,6,Weekly,7,High,Medium,Containerized App,Docker Container Deployment,REST API
1831,Low,2,Monthly,3,Medium,Low,Monolithic,Single Server Deployment,REST API
123892,High,21,Daily,23,High,High,Kubernetes Deployment,Kubernetes Orchestration Deployment,REST API + gRPC/Event-Driven
9770,Low,13,Monthly,5,Medium,Low,Containerized App,Docker Container Deployment,REST API
85615,High,42,Daily,14,High,High,Kubernetes Deployment,Kubernetes Orchestration Deployment,REST API + gRPC/Event-Driven
100133,High,33,Daily,25,High,High,Kubernetes Deployment,Kubernetes Orchestration Deployment,REST API + gRPC/Event-Driven
2750,Low,2,Monthly,1,Low,Low,Monolithic,Single Server Deployment,REST API
8396,Low,12,Monthly,3,High,Medium,Containerized App,Docker Container Deployment,REST API
47172,Medium,16,Daily,9,High,High,Microservices,Microservices with Docker,REST API + gRPC
61262,High,24,Daily,11,High,High,Kubernetes Deployment,Kubernetes Orchestration Deployment,REST API + gRPC/Event-Driven
15787,Low,12,Weekly,7,Medium,Low,Containerized App,Docker Container Deployment,REST API
96278,High,22,Daily,19,High,High,Kubernetes Deployment,Kubernetes Orchestration Deployment,REST API + gRPC/Event-Driven
138232,High,44,Daily,17,High,High,Kubernetes Deployment,Kubernetes Orchestration Deployment,REST API + gRPC/Event-Driven
1324,Low,5,Monthly,1,Medium,Low,Monolithic,Single Server Deployment,REST API
14649,Low,13,Monthly,5,High,Low,Containerized App,Docker Container Deployment,REST API
150244,High,48,Daily,21,High,High,Kubernetes Deployment,Kubernetes Orchestration Deployment,REST API + gRPC/Event-Driven
1004,Low,2,Monthly,3,Low,Low,Monolithic,Single Server Deployment,REST API
30976,High,20,Weekly,15,High,Medium,Microservices,Microservices with Docker,REST API + gRPC
24187,High,16,Daily,12,High,High,Microservices,Microservices with Docker,REST API + gRPC
42019,High,16,Daily,12,High,Medium,Microservices,Microservices with Docker,REST API + gRPC
4018,Low,3,Monthly,2,Low,Low,Monolithic,Single Server Deployment,REST API
2341,Low,5,Monthly,2,Medium,Low,Monolithic,Single Server Deployment,REST API
1204,Low,5,Monthly,3,Low,Low,Monolithic,Single Server Deployment,REST API
22520,High,25,Daily,11,Medium,Medium,Microservices,Microservices with Docker,REST API + gRPC
4174,Low,2,Monthly,1,Medium,Low,Monolithic,Single Server Deployment,REST API
14690,Low,9,Weekly,3,Medium,Medium,Containerized App,Docker Container Deployment,REST API
150408,High,45,Daily,12,High,High,Kubernetes Deployment,Kubernetes Orchestration Deployment,REST API + gRPC/Event-Driven
2488,Low,3,Monthly,1,Low,Low,Monolithic,Single Server Deployment,REST API
172506,High,38,Daily,21,High,High,Kubernetes Deployment,Kubernetes Orchestration Deployment,REST API + gRPC/Event-Driven
110538,High,27,Daily,15,High,High,Kubernetes Deployment,Kubernetes Orchestration Deployment,REST API + gRPC/Event-Driven
15766,Low,12,Monthly,3,Medium,Medium,Containerized App,Docker Container Deployment,REST API
2228,Low,4,Monthly,2,Medium,Low,Monolithic,Single Server Deployment,REST API
26427,Medium,17,Daily,14,Medium,High,Microservices,Microservices with Docker,REST API + gRPC
56526,High,35,Daily,18,High,High,Kubernetes Deployment,Kubernetes Orchestration Deployment,REST API + gRPC/Event-Driven
162204,High,35,Daily,20,High,High,Kubernetes Deployment,Kubernetes Orchestration Deployment,REST API + gRPC/Event-Driven
40382,Medium,28,Weekly,14,Medium,High,Microservices,Microservices with Docker,REST API + gRPC
2512,Low,5,Monthly,1,Low,Low,Monolithic,Single Server Deployment,REST API
9067,Medium,12,Monthly,5,High,Low,Containerized App,Docker Container Deployment,REST API
4503,Low,3,Monthly,1,Low,Low,Monolithic,Single Server Deployment,REST API
1167,Low,2,Monthly,3,Medium,Low,Monolithic,Single Server Deployment,REST API
136569,High,28,Daily,25,High,High,Kubernetes Deployment,Kubernetes Orchestration Deployment,REST API + gRPC/Event-Driven
115359,High,22,Daily,20,High,High,Kubernetes Deployment,Kubernetes Orchestration Deployment,REST API + gRPC/Event-Driven
19974,Medium,15,Weekly,4,Medium,Low,Containerized App,Docker Container Deployment,REST API
37951,High,19,Daily,13,Medium,Medium,Microservices,Microservices with Docker,REST API + gRPC
15021,Low,15,Monthly,7,High,Medium,Containerized App,Docker Container Deployment,REST API
26287,High,22,Daily,9,High,High,Microservices,Microservices with Docker,REST API + gRPC
10790,Medium,12,Monthly,7,High,Medium,Containerized App,Docker Container Deployment,REST API
35722,High,23,Weekly,14,High,Medium,Microservices,Microservices with Docker,REST API + gRPC
77808,High,37,Daily,20,High,High,Kubernetes Deployment,Kubernetes Orchestration Deployment,REST API + gRPC/Event-Driven
9330,Medium,12,Weekly,6,Medium,Low,Containerized App,Docker Container Deployment,REST API
13590,Low,15,Weekly,4,High,Medium,Containerized App,Docker Container Deployment,REST API
118630,High,43,Daily,24,High,High,Kubernetes Deployment,Kubernetes Orchestration Deployment,REST API + gRPC/Event-Driven
64883,High,26,Daily,14,High,High,Kubernetes Deployment,Kubernetes Orchestration Deployment,REST API + gRPC/Event-Driven
46440,Medium,25,Weekly,12,Medium,Medium,Microservices,Microservices with Docker,REST API + gRPC
6994,Low,14,Monthly,5,Medium,Medium,Containerized App,Docker Container Deployment,REST API
53036,High,35,Daily,13,High,High,Kubernetes Deployment,Kubernetes Orchestration Deployment,REST API + gRPC/Event-Driven
24933,Medium,19,Weekly,13,High,High,Microservices,Microservices with Docker,REST API + gRPC
143092,High,26,Daily,24,High,High,Kubernetes Deployment,Kubernetes Orchestration Deployment,REST API + gRPC/Event-Driven
10202,Low,8,Monthly,4,High,Medium,Containerized App,Docker Container Deployment,REST API
133679,High,34,Daily,12,High,High,Kubernetes Deployment,Kubernetes Orchestration Deployment,REST API + gRPC/Event-Driven
21528,High,30,Daily,13,High,High,Microservices,Microservices with Docker,REST API + gRPC
2481,Low,2,Monthly,2,Low,Low,Monolithic,Single Server Deployment,REST API
29912,Medium,17,Daily,11,High,High,Microservices,Microservices with Docker,REST API + gRPC
16562,Low,14,Weekly,3,High,Medium,Containerized App,Docker Container Deployment,REST API
6449,Low,15,Weekly,4,High,Low,Containerized App,Docker Container Deployment,REST API
35991,Medium,17,Weekly,13,Medium,High,Microservices,Microservices with Docker,REST API + gRPC
5986,Medium,10,Weekly,8,High,Medium,Containerized App,Docker Container Deployment,REST API
94474,High,39,Daily,10,High,High,Kubernetes Deployment,Kubernetes Orchestration Deployment,REST API + gRPC/Event-Driven
136131,High,41,Daily,19,High,High,Kubernetes Deployment,Kubernetes Orchestration Deployment,REST API + gRPC/Event-Driven
4182,Low,4,Monthly,3,Medium,Low,Monolithic,Single Server Deployment,REST API
3790,Low,5,Monthly,3,Low,Low,Monolithic,Single Server Deployment,REST API
4305,Low,5,Monthly,1,Low,Low,Monolithic,Single Server Deployment,REST API
22642,High,22,Weekly,12,Medium,High,Microservices,Microservices with Docker,REST API + gRPC
1314,Low,2,Monthly,3,Medium,Low,Monolithic,Single Server Deployment,REST API
6825,Low,11,Monthly,8,Medium,Medium,Containerized App,Docker Container Deployment,REST API
4103,Low,3,Monthly,1,Low,Low,Monolithic,Single Server Deployment,REST API
802,Low,3,Monthly,2,Medium,Low,Monolithic,Single Server Deployment,REST API
17526,Medium,15,Weekly,6,Medium,Low,Containerized App,Docker Container Deployment,REST API
3947,Low,2,Monthly,2,Medium,Low,Monolithic,Single Server Deployment,REST API
160614,High,28,Daily,14,High,High,Kubernetes Deployment,Kubernetes Orchestration Deployment,REST API + gRPC/Event-Driven
9250,Medium,10,Monthly,6,High,Medium,Containerized App,Docker Container Deployment,REST API
17853,Low,6,Weekly,7,Medium,Medium,Containerized App,Docker Container Deployment,REST API
4920,Low,3,Monthly,3,Low,Low,Monolithic,Single Server Deployment,REST API
9591,Low,12,Monthly,5,High,Medium,Containerized App,Docker Container Deployment,REST API
36874,Medium,20,Daily,10,Medium,High,Microservices,Microservices with Docker,REST API + gRPC
162358,High,27,Daily,24,High,High,Kubernetes Deployment,Kubernetes Orchestration Deployment,REST API + gRPC/Event-Driven
3637,Low,2,Monthly,3,Medium,Low,Monolithic,Single Server Deployment,REST API
19467,Low,10,Weekly,3,Medium,Low,Containerized App,Docker Container Deployment,REST API
16868,Low,6,Monthly,6,High,Low,Containerized App,Docker Container Deployment,REST API
46183,High,25,Daily,12,Medium,High,Microservices,Microservices with Docker,REST API + gRPC
10220,Low,8,Monthly,8,Medium,Medium,Containerized App,Docker Container Deployment,REST API
8293,Low,8,Monthly,5,High,Medium,Containerized App,Docker Container Deployment,REST API
19571,Low,12,Weekly,6,Medium,Medium,Containerized App,Docker Container Deployment,REST API
153426,High,25,Daily,22,High,High,Kubernetes Deployment,Kubernetes Orchestration Deployment,REST API + gRPC/Event-Driven
10728,Low,9,Weekly,3,Medium,Medium,Containerized App,Docker Container Deployment,REST API
4044,Low,3,Monthly,3,Medium,Low,Monolithic,Single Server Deployment,REST API
40898,High,29,Daily,12,Medium,High,Microservices,Microservices with Docker,REST API + gRPC
16214,Medium,15,Weekly,3,Medium,Low,Containerized App,Docker Container Deployment,REST API
26441,High,24,Weekly,9,High,Medium,Microservices,Microservices with Docker,REST API + gRPC
33273,Medium,27,Weekly,9,High,High,Microservices,Microservices with Docker,REST API + gRPC
28296,High,27,Daily,15,Medium,Medium,Microservices,Microservices with Docker,REST API + gRPC
638,Low,4,Monthly,2,Medium,Low,Monolithic,Single Server Deployment,REST API
28001,High,26,Daily,11,Medium,High,Microservices,Microservices with Docker,REST API + gRPC
458,Low,3,Monthly,1,Low,Low,Monolithic,Single Server Deployment,REST API
14126,Medium,11,Monthly,4,High,Medium,Containerized App,Docker Container Deployment,REST API
4207,Low,3,Monthly,1,Medium,Low,Monolithic,Single Server Deployment,REST API
105619,High,49,Daily,25,High,High,Kubernetes Deployment,Kubernetes Orchestration Deployment,REST API + gRPC/Event-Driven
126004,High,26,Daily,20,High,High,Kubernetes Deployment,Kubernetes Orchestration Deployment,REST API + gRPC/Event-Driven
18644,Medium,12,Monthly,3,High,Medium,Containerized App,Docker Container Deployment,REST API
3386,Low,4,Monthly,1,Low,Low,Monolithic,Single Server Deployment,REST API
18887,Low,8,Monthly,3,Medium,Medium,Containerized App,Docker Container Deployment,REST API
2773,Low,5,Monthly,3,Medium,Low,Monolithic,Single Server Deployment,REST API
4540,Low,2,Monthly,3,Medium,Low,Monolithic,Single Server Deployment,REST API
149806,High,39,Daily,24,High,High,Kubernetes Deployment,Kubernetes Orchestration Deployment,REST API + gRPC/Event-Driven
15581,Low,13,Weekly,3,Medium,Low,Containerized App,Docker Container Deployment,REST API
4113,Low,4,Monthly,2,Low,Low,Monolithic,Single Server Deployment,REST API
194441,High,24,Daily,13,High,High,Kubernetes Deployment,Kubernetes Orchestration Deployment,REST API + gRPC/Event-Driven
5150,Low,11,Monthly,5,High,Low,Containerized App,Docker Container Deployment,REST API
8459,Medium,6,Weekly,4,High,Low,Containerized App,Docker Container Deployment,REST API
7497,Medium,7,Monthly,4,High,Low,Containerized App,Docker Container Deployment,REST API
332,Low,2,Monthly,1,Medium,Low,Monolithic,Single Server Deployment,REST API
41795,Medium,25,Weekly,13,Medium,Medium,Microservices,Microservices with Docker,REST API + gRPC
48963,High,29,Daily,13,High,High,Microservices,Microservices with Docker,REST API + gRPC
611,Low,4,Monthly,3,Low,Low,Monolithic,Single Server Deployment,REST API
7744,Low,12,Monthly,8,Medium,Medium,Containerized App,Docker Container Deployment,REST API
3283,Low,5,Monthly,2,Medium,Low,Monolithic,Single Server Deployment,REST API
24610,Medium,24,Weekly,13,Medium,High,Microservices,Microservices with Docker,REST API + gRPC
27940,High,21,Weekly,15,High,Medium,Microservices,Microservices with Docker,REST API + gRPC
25055,Medium,29,Daily,12,High,High,Microservices,Microservices with Docker,REST API + gRPC
11902,Medium,9,Weekly,8,Medium,Low,Containerized App,Docker Container Deployment,REST API
45512,Medium,23,Daily,9,High,Medium,Microservices,Microservices with Docker,REST API + gRPC
5242,Low,7,Weekly,4,High,Medium,Containerized App,Docker Container Deployment,REST API
2286,Low,3,Monthly,3,Low,Low,Monolithic,Single Server Deployment,REST API
114685,High,50,Daily,15,High,High,Kubernetes Deployment,Kubernetes Orchestration Deployment,REST API + gRPC/Event-Driven
42061,High,23,Weekly,14,Medium,High,Microservices,Microservices with Docker,REST API + gRPC
1607,Low,2,Monthly,3,Low,Low,Monolithic,Single Server Deployment,REST API
28382,Medium,25,Weekly,13,High,Medium,Microservices,Microservices with Docker,REST API + gRPC
142826,High,48,Daily,22,High,High,Kubernetes Deployment,Kubernetes Orchestration Deployment,REST API + gRPC/Event-Driven
38426,High,30,Daily,11,Medium,Medium,Microservices,Microservices with Docker,REST API + gRPC
110764,High,40,Daily,19,High,High,Kubernetes Deployment,Kubernetes Orchestration Deployment,REST API + gRPC/Event-Driven
101108,High,31,Daily,24,High,High,Kubernetes Deployment,Kubernetes Orchestration Deployment,REST API + gRPC/Event-Driven
1200,Low,4,Monthly,2,Low,Low,Monolithic,Single Server Deployment,REST API
11095,Medium,12,Monthly,4,High,Medium,Containerized App,Docker Container Deployment,REST API
20299,High,23,Daily,14,High,Medium,Microservices,Microservices with Docker,REST API + gRPC
5316,Medium,13,Monthly,8,High,Low,Containerized App,Docker Container Deployment,REST API
68631,High,31,Daily,18,High,High,Kubernetes Deployment,Kubernetes Orchestration Deployment,REST API + gRPC/Event-Driven
161123,High,32,Daily,22,High,High,Kubernetes Deployment,Kubernetes Orchestration Deployment,REST API + gRPC/Event-Driven
19674,Low,15,Weekly,8,High,Medium,Containerized App,Docker Container Deployment,REST API
46347,High,18,Daily,10,High,High,Microservices,Microservices with Docker,REST API + gRPC
172302,High,41,Daily,25,High,High,Kubernetes Deployment,Kubernetes Orchestration Deployment,REST API + gRPC/Event-Driven
31337,Medium,20,Daily,9,Medium,Medium,Microservices,Microservices with Docker,REST API + gRPC
14334,Low,8,Weekly,7,High,Medium,Containerized App,Docker Container Deployment,REST API
131198,High,20,Daily,16,High,High,Kubernetes Deployment,Kubernetes Orchestration Deployment,REST API + gRPC/Event-Driven
3850,Low,3,Monthly,3,Medium,Low,Monolithic,Single Server Deployment,REST API
46412,High,16,Daily,13,Medium,Medium,Microservices,Microservices with Docker,REST API + gRPC
11137,Low,14,Monthly,8,High,Low,Containerized App,Docker Container Deployment,REST API
148238,High,47,Daily,12,High,High,Kubernetes Deployment,Kubernetes Orchestration Deployment,REST API + gRPC/Event-Driven
35510,High,29,Weekly,14,Medium,Medium,Microservices,Microservices with Docker,REST API + gRPC
18536,Low,9,Monthly,8,High,Low,Containerized App,Docker Container Deployment,REST API
6942,Medium,13,Monthly,7,Medium,Medium,Containerized App,Docker Container Deployment,REST API
36202,Medium,23,Weekly,10,High,High,Microservices,Microservices with Docker,REST API + gRPC
171860,High,30,Daily,10,High,High,Kubernetes Deployment,Kubernetes Orchestration Deployment,REST API + gRPC/Event-Driven
30439,High,22,Weekly,10,Medium,Medium,Microservices,Microservices with Docker,REST API + gRPC
7762,Low,8,Monthly,5,Medium,Medium,Containerized App,Docker Container Deployment,REST API
86370,High,41,Daily,12,High,High,Kubernetes Deployment,Kubernetes Orchestration Deployment,REST API + gRPC/Event-Driven
11673,Low,14,Monthly,3,High,Medium,Containerized App,Docker Container Deployment,REST API
47013,Medium,28,Daily,13,High,Medium,Microservices,Microservices with Docker,REST API + gRPC
4483,Low,2,Monthly,1,Medium,Low,Monolithic,Single Server Deployment,REST API
1540,Low,2,Monthly,2,Medium,Low,Monolithic,Single Server Deployment,REST API
118830,High,30,Daily,19,High,High,Kubernetes Deployment,Kubernetes Orchestration Deployment,REST API + gRPC/Event-Driven
58653,High,40,Daily,14,High,High,Kubernetes Deployment,Kubernetes Orchestration Deployment,REST API + gRPC/Event-Driven
50760,High,38,Daily,19,High,High,Kubernetes Deployment,Kubernetes Orchestration Deployment,REST API + gRPC/Event-Driven
183410,High,45,Daily,22,High,High,Kubernetes Deployment,Kubernetes Orchestration Deployment,REST API + gRPC/Event-Driven
1743,Low,4,Monthly,3,Medium,Low,Monolithic,Single Server Deployment,REST API
94499,High,28,Daily,25,High,High,Kubernetes Deployment,Kubernetes Orchestration Deployment,REST API + gRPC/Event-Driven
30752,High,25,Daily,15,Medium,High,Microservices,Microservices with Docker,REST API + gRPC
2396,Low,5,Monthly,2,Low,Low,Monolithic,Single Server Deployment,REST API
49071,High,28,Daily,10,High,High,Microservices,Microservices with Docker,REST API + gRPC
15273,Medium,9,Monthly,3,Medium,Medium,Containerized App,Docker Container Deployment,REST API
1331,Low,4,Monthly,1,Low,Low,Monolithic,Single Server Deployment,REST API
44914,Medium,16,Weekly,10,Medium,High,Microservices,Microservices with Docker,REST API + gRPC
31151,High,27,Daily,12,High,Medium,Microservices,Microservices with Docker,REST API + gRPC
4258,Low,2,Monthly,3,Medium,Low,Monolithic,Single Server Deployment,REST API
49507,Medium,19,Daily,15,Medium,High,Microservices,Microservices with Docker,REST API + gRPC
6081,Medium,7,Weekly,5,High,Low,Containerized App,Docker Container Deployment,REST API
117520,High,46,Daily,10,High,High,Kubernetes Deployment,Kubernetes Orchestration Deployment,REST API + gRPC/Event-Driven
1010,Low,5,Monthly,2,Medium,Low,Monolithic,Single Server Deployment,REST API
83793,High,28,Daily,23,High,High,Kubernetes Deployment,Kubernetes Orchestration Deployment,REST API + gRPC/Event-Driven
19599,Medium,14,Monthly,7,High,Low,Containerized App,Docker Container Deployment,REST API
4583,Low,4,Monthly,2,Low,Low,Monolithic,Single Server Deployment,REST API
152417,High,30,Daily,23,High,High,Kubernetes Deployment,Kubernetes Orchestration Deployment,REST API + gRPC/Event-Driven
187399,High,38,Daily,25,High,High,Kubernetes Deployment,Kubernetes Orchestration Deployment,REST API + gRPC/Event-Driven
172495,High,28,Daily,23,High,High,Kubernetes Deployment,Kubernetes Orchestration Deployment,REST API + gRPC/Event-Driven
79765,High,38,Daily,10,High,High,Kubernetes Deployment,Kubernetes Orchestration Deployment,REST API + gRPC/Event-Driven
839,Low,5,Monthly,2,Low,Low,Monolithic,Single Server Deployment,REST API
6672,Low,8,Monthly,6,High,Medium,Containerized App,Docker Container Deployment,REST API
43896,High,25,Daily,15,Medium,High,Microservices,Microservices with Docker,REST API + gRPC
1623,Low,2,Monthly,2,Medium,Low,Monolithic,Single Server Deployment,REST API
42224,Medium,18,Weekly,9,Medium,Medium,Microservices,Microservices with Docker,REST API + gRPC
35097,High,28,Weekly,10,Medium,Medium,Microservices,Microservices with Docker,REST API + gRPC
9892,Medium,15,Monthly,4,Medium,Low,Containerized App,Docker Container Deployment,REST API
55401,High,28,Daily,16,High,High,Kubernetes Deployment,Kubernetes Orchestration Deployment,REST API + gRPC/Event-Driven
9054,Medium,7,Monthly,6,High,Low,Containerized App,Docker Container Deployment,REST API
6982,Medium,8,Monthly,6,Medium,Low,Containerized App,Docker Container Deployment,REST API
8144,Low,14,Weekly,8,High,Low,Containerized App,Docker Container Deployment,REST API
3964,Low,4,Monthly,2,Low,Low,Monolithic,Single Server Deployment,REST API
116406,High,40,Daily,18,High,High,Kubernetes Deployment,Kubernetes Orchestration Deployment,REST API + gRPC/Event-Driven
17121,Low,9,Monthly,3,Medium,Low,Containerized App,Docker Container Deployment,REST API
128607,High,48,Daily,17,High,High,Kubernetes Deployment,Kubernetes Orchestration Deployment,REST API + gRPC/Event-Driven
162629,High,29,Daily,16,High,High,Kubernetes Deployment,Kubernetes Orchestration Deployment,REST API + gRPC/Event-Driven
24646,Medium,27,Weekly,12,Medium,High,Microservices,Microservices with Docker,REST API + gRPC
43234,High,22,Weekly,14,Medium,High,Microservices,Microservices with Docker,REST API + gRPC
2376,Low,3,Monthly,1,Low,Low,Monolithic,Single Server Deployment,REST API
3081,Low,4,Monthly,2,Medium,Low,Monolithic,Single Server Deployment,REST API
61297,High,29,Daily,24,High,High,Kubernetes Deployment,Kubernetes Orchestration Deployment,REST API + gRPC/Event-Driven
20062,High,16,Daily,9,High,High,Microservices,Microservices with Docker,REST API + gRPC
43957,Medium,19,Daily,9,Medium,Medium,Microservices,Microservices with Docker,REST API + gRPC
2379,Low,5,Monthly,2,Low,Low,Monolithic,Single Server Deployment,REST API
195082,High,28,Daily,20,High,High,Kubernetes Deployment,Kubernetes Orchestration Deployment,REST API + gRPC/Event-Driven
13316,Medium,13,Monthly,5,Medium,Low,Containerized App,Docker Container Deployment,REST API
155743,High,29,Daily,14,High,High,Kubernetes Deployment,Kubernetes Orchestration Deployment,REST API + gRPC/Event-Driven
3158,Low,4,Monthly,3,Low,Low,Monolithic,Single Server Deployment,REST API
98128,High,27,Daily,13,High,High,Kubernetes Deployment,Kubernetes Orchestration Deployment,REST API + gRPC/Event-Driven
18279,Low,9,Weekly,4,High,Low,Containerized App,Docker Container Deployment,REST API
44692,High,29,Weekly,10,Medium,Medium,Microservices,Microservices with Docker,REST API + gRPC
18172,Medium,15,Monthly,8,Medium,Medium,Containerized App,Docker Container Deployment,REST API
18679,Low,14,Monthly,5,High,Low,Containerized App,Docker Container Deployment,REST API
45440,High,24,Weekly,9,High,High,Microservices,Microservices with Docker,REST API + gRPC
1771,Low,2,Monthly,2,Medium,Low,Monolithic,Single Server Deployment,REST API
39287,Medium,16,Weekly,10,High,High,Microservices,Microservices with Docker,REST API + gRPC
4835,Low,3,Monthly,1,Medium,Low,Monolithic,Single Server Deployment,REST API
17760,Low,13,Weekly,4,High,Medium,Containerized App,Docker Container Deployment,REST API
3127,Low,4,Monthly,1,Medium,Low,Monolithic,Single Server Deployment,REST API
9624,Medium,7,Weekly,4,Medium,Low,Containerized App,Docker Container Deployment,REST API
24046,High,20,Daily,13,High,Medium,Microservices,Microservices with Docker,REST API + gRPC
119617,High,30,Daily,21,High,High,Kubernetes Deployment,Kubernetes Orchestration Deployment,REST API + gRPC/Event-Driven
151276,High,22,Daily,11,High,High,Kubernetes Deployment,Kubernetes Orchestration Deployment,REST API + gRPC/Event-Driven
121014,High,46,Daily,20,High,High,Kubernetes Deployment,Kubernetes Orchestration Deployment,REST API + gRPC/Event-Driven
24222,High,30,Weekly,10,Medium,Medium,Microservices,Microservices with Docker,REST API + gRPC
4357,Low,5,Monthly,3,Medium,Low,Monolithic,Single Server Deployment,REST API
5345,Medium,8,Monthly,6,Medium,Low,Containerized App,Docker Container Deployment,REST API
48383,Medium,21,Weekly,15,Medium,Medium,Microservices,Microservices with Docker,REST API + gRPC
11646,Medium,7,Monthly,7,High,Low,Containerized App,Docker Container Deployment,REST API
70344,High,39,Daily,18,High,High,Kubernetes Deployment,Kubernetes Orchestration Deployment,REST API + gRPC/Event-Driven
144190,High,32,Daily,15,High,High,Kubernetes Deployment,Kubernetes Orchestration Deployment,REST API + gRPC/Event-Driven
5638,Medium,13,Monthly,7,Medium,Medium,Containerized App,Docker Container Deployment,REST API
135250,High,39,Daily,12,High,High,Kubernetes Deployment,Kubernetes Orchestration Deployment,REST API + gRPC/Event-Driven
755,Low,4,Monthly,3,Medium,Low,Monolithic,Single Server Deployment,REST API
2031,Low,5,Monthly,1,Medium,Low,Monolithic,Single Server Deployment,REST API
36091,High,25,Weekly,10,Medium,Medium,Microservices,Microservices with Docker,REST API + gRPC
58803,High,25,Daily,17,High,High,Kubernetes Deployment,Kubernetes Orchestration Deployment,REST API + gRPC/Event-Driven
23273,High,21,Weekly,14,High,Medium,Microservices,Microservices with Docker,REST API + gRPC
9074,Low,7,Monthly,4,Medium,Medium,Containerized App,Docker Container Deployment,REST API
81945,High,20,Daily,16,High,High,Kubernetes Deployment,Kubernetes Orchestration Deployment,REST API + gRPC/Event-Driven
21362,Medium,17,Weekly,13,Medium,Medium,Microservices,Microservices with Docker,REST API + gRPC
8544,Medium,10,Monthly,6,High,Medium,Containerized App,Docker Container Deployment,REST API
4983,Low,5,Monthly,3,Medium,Low,Monolithic,Single Server Deployment,REST API
47451,High,16,Weekly,11,Medium,Medium,Microservices,Microservices with Docker,REST API + gRPC
22717,High,18,Daily,12,High,High,Microservices,Microservices with Docker,REST API + gRPC
34070,Medium,28,Daily,9,High,Medium,Microservices,Microservices with Docker,REST API + gRPC
13414,Low,9,Weekly,8,High,Low,Containerized App,Docker Container Deployment,REST API
72449,High,43,Daily,19,High,High,Kubernetes Deployment,Kubernetes Orchestration Deployment,REST API + gRPC/Event-Driven
190453,High,25,Daily,25,High,High,Kubernetes Deployment,Kubernetes Orchestration Deployment,REST API + gRPC/Event-Driven
182080,High,25,Daily,17,High,High,Kubernetes Deployment,Kubernetes Orchestration Deployment,REST API + gRPC/Event-Driven
38672,Medium,29,Weekly,14,Medium,Medium,Microservices,Microservices with Docker,REST API + gRPC
184349,High,37,Daily,19,High,High,Kubernetes Deployment,Kubernetes Orchestration Deployment,REST API + gRPC/Event-Driven
15644,Low,15,Weekly,3,High,Low,Containerized App,Docker Container Deployment,REST API
86663,High,20,Daily,17,High,High,Kubernetes Deployment,Kubernetes Orchestration Deployment,REST API + gRPC/Event-Driven
13002,Medium,6,Weekly,5,Medium,Low,Containerized App,Docker Container Deployment,REST API
158686,High,24,Daily,12,High,High,Kubernetes Deployment,Kubernetes Orchestration Deployment,REST API + gRPC/Event-Driven
137608,High,45,Daily,23,High,High,Kubernetes Deployment,Kubernetes Orchestration Deployment,REST API + gRPC/Event-Driven
143723,High,36,Daily,15,High,High,Kubernetes Deployment,Kubernetes Orchestration Deployment,REST API + gRPC/Event-Driven
2536,Low,5,Monthly,1,Low,Low,Monolithic,Single Server Deployment,REST API
4508,Low,5,Monthly,2,Medium,Low,Monolithic,Single Server Deployment,REST API
61410,High,22,Daily,23,High,High,Kubernetes Deployment,Kubernetes Orchestration Deployment,REST API + gRPC/Event-Driven
116310,High,31,Daily,24,High,High,Kubernetes Deployment,Kubernetes Orchestration Deployment,REST API + gRPC/Event-Driven
73509,High,30,Daily,12,High,High,Kubernetes Deployment,Kubernetes Orchestration Deployment,REST API + gRPC/Event-Driven
185183,High,21,Daily,19,High,High,Kubernetes Deployment,Kubernetes Orchestration Deployment,REST API + gRPC/Event-Driven
9505,Low,9,Weekly,3,High,Medium,Containerized App,Docker Container Deployment,REST API
6760,Low,9,Weekly,6,High,Medium,Containerized App,Docker Container Deployment,REST API
3435,Low,5,Monthly,3,Medium,Low,Monolithic,Single Server Deployment,REST API
188697,High,27,Daily,14,High,High,Kubernetes Deployment,Kubernetes Orchestration Deployment,REST API + gRPC/Event-Driven
32950,High,18,Weekly,13,Medium,High,Microservices,Microservices with Docker,REST API + gRPC
13180,Medium,10,Monthly,3,Medium,Low,Containerized App,Docker Container Deployment,REST API
31881,High,17,Daily,9,High,High,Microservices,Microservices with Docker,REST API + gRPC
20958,Medium,16,Daily,15,Medium,High,Microservices,Microservices with Docker,REST API + gRPC
12060,Low,10,Monthly,3,Medium,Medium,Containerized App,Docker Container Deployment,REST API
82442,High,49,Daily,20,High,High,Kubernetes Deployment,Kubernetes Orchestration Deployment,REST API + gRPC/Event-Driven
3287,Low,5,Monthly,1,Medium,Low,Monolithic,Single Server Deployment,REST API
3316,Low,3,Monthly,3,Medium,Low,Monolithic,Single Server Deployment,REST API
11913,Medium,12,Monthly,8,High,Medium,Containerized App,Docker Container Deployment,REST API
77148,High,41,Daily,21,High,High,Kubernetes Deployment,Kubernetes Orchestration Deployment,REST API + gRPC/Event-Driven
18771,Medium,9,Monthly,6,Medium,Medium,Containerized App,Docker Container Deployment,REST API
4164,Low,5,Monthly,3,Medium,Low,Monolithic,Single Server Deployment,REST API
2914,Low,2,Monthly,2,Medium,Low,Monolithic,Single Server Deployment,REST API
125650,High,40,Daily,15,High,High,Kubernetes Deployment,Kubernetes Orchestration Deployment,REST API + gRPC/Event-Driven
23731,High,26,Daily,15,Medium,Medium,Microservices,Microservices with Docker,REST API + gRPC
22627,High,18,Weekly,10,Medium,High,Microservices,Microservices with Docker,REST API + gRPC
82869,High,24,Daily,18,High,High,Kubernetes Deployment,Kubernetes Orchestration Deployment,REST API + gRPC/Event-Driven
36818,High,25,Weekly,10,High,High,Microservices,Microservices with Docker,REST API + gRPC
14603,Low,11,Weekly,3,Medium,Low,Containerized App,Docker Container Deployment,REST API
1224,Low,5,Monthly,1,Low,Low,Monolithic,Single Server Deployment,REST API
4667,Low,3,Monthly,1,Low,Low,Monolithic,Single Server Deployment,REST API
1655,Low,4,Monthly,2,Medium,Low,Monolithic,Single Server Deployment,REST API
11305,Low,9,Weekly,5,High,Medium,Containerized App,Docker Container Deployment,REST API
1233,Low,4,Monthly,1,Low,Low,Monolithic,Single Server Deployment,REST API
188712,High,40,Daily,19,High,High,Kubernetes Deployment,Kubernetes Orchestration Deployment,REST API + gRPC/Event-Driven
2046,Low,4,Monthly,1,Low,Low,Monolithic,Single Server Deployment,REST API
1133,Low,2,Monthly,2,Low,Low,Monolithic,Single Server Deployment,REST API
13017,Low,6,Monthly,7,High,Low,Containerized App,Docker Container Deployment,REST API
158760,High,47,Daily,23,High,High,Kubernetes Deployment,Kubernetes Orchestration Deployment,REST API + gRPC/Event-Driven
4187,Low,3,Monthly,1,Low,Low,Monolithic,Single Server Deployment,REST API
30742,High,17,Daily,9,Medium,High,Microservices,Microservices with Docker,REST API + gRPC
47444,High,24,Daily,15,Medium,High,Microservices,Microservices with Docker,REST API + gRPC
22419,High,17,Daily,10,High,High,Microservices,Microservices with Docker,REST API + gRPC
10061,Low,12,Monthly,7,Medium,Low,Containerized App,Docker Container Deployment,REST API
26160,High,25,Daily,11,Medium,Medium,Microservices,Microservices with Docker,REST API + gRPC
746,Low,4,Monthly,1,Medium,Low,Monolithic,Single Server Deployment,REST API
77619,High,21,Daily,21,High,High,Kubernetes Deployment,Kubernetes Orchestration Deployment,REST API + gRPC/Event-Driven
3686,Low,5,Monthly,1,Low,Low,Monolithic,Single Server Deployment,REST API
4284,Low,5,Monthly,2,Low,Low,Monolithic,Single Server Deployment,REST API
119807,High,32,Daily,25,High,High,Kubernetes Deployment,Kubernetes Orchestration Deployment,REST API + gRPC/Event-Driven
127845,High,29,Daily,25,High,High,Kubernetes Deployment,Kubernetes Orchestration Deployment,REST API + gRPC/Event-Driven
1386,Low,4,Monthly,3,Medium,Low,Monolithic,Single Server Deployment,REST API
17403,Medium,11,Weekly,8,High,Medium,Containerized App,Docker Container Deployment,REST API
158876,High,26,Daily,15,High,High,Kubernetes Deployment,Kubernetes Orchestration Deployment,REST API + gRPC/Event-Driven
106281,High,25,Daily,18,High,High,Kubernetes Deployment,Kubernetes Orchestration Deployment,REST API + gRPC/Event-Driven
42547,High,17,Daily,14,Medium,Medium,Microservices,Microservices with Docker,REST API + gRPC
78625,High,35,Daily,19,High,High,Kubernetes Deployment,Kubernetes Orchestration Deployment,REST API + gRPC/Event-Driven
3811,Low,4,Monthly,3,Low,Low,Monolithic,Single Server Deployment,REST API
115560,High,46,Daily,24,High,High,Kubernetes Deployment,Kubernetes Orchestration Deployment,REST API + gRPC/Event-Driven
137319,High,26,Daily,22,High,High,Kubernetes Deployment,Kubernetes Orchestration Deployment,REST API + gRPC/Event-Driven
6894,Medium,7,Weekly,5,Medium,Medium,Containerized App,Docker Container Deployment,REST API
14055,Medium,9,Weekly,3,Medium,Low,Containerized App,Docker Container Deployment,REST API
5241,Medium,7,Monthly,7,High,Low,Containerized App,Docker Container Deployment,REST API
1591,Low,4,Monthly,3,Low,Low,Monolithic,Single Server Deployment,REST API
4404,Low,5,Monthly,3,Medium,Low,Monolithic,Single Server Deployment,REST API
8498,Low,13,Weekly,4,High,Low,Containerized App,Docker Container Deployment,REST API
20215,Medium,19,Daily,9,Medium,Medium,Microservices,Microservices with Docker,REST API + gRPC
8873,Medium,14,Monthly,3,High,Low,Containerized App,Docker Container Deployment,REST API
61463,High,29,Daily,17,High,High,Kubernetes Deployment,Kubernetes Orchestration Deployment,REST API + gRPC/Event-Driven
197468,High,22,Daily,24,High,High,Kubernetes Deployment,Kubernetes Orchestration Deployment,REST API + gRPC/Event-Driven
151015,High,48,Daily,18,High,High,Kubernetes Deployment,Kubernetes Orchestration Deployment,REST API + gRPC/Event-Driven
5291,Medium,11,Weekly,4,Medium,Medium,Containerized App,Docker Container Deployment,REST API
13831,Low,14,Monthly,7,High,Medium,Containerized App,Docker Container Deployment,REST API
853,Low,4,Monthly,1,Low,Low,Monolithic,Single Server Deployment,REST API
1341,Low,5,Monthly,1,Low,Low,Monolithic,Single Server Deployment,REST API
10193,Medium,9,Weekly,4,High,Low,Containerized App,Docker Container Deployment,REST API
48704,Medium,17,Weekly,15,High,High,Microservices,Microservices with Docker,REST API + gRPC
3974,Low,5,Monthly,2,Low,Low,Monolithic,Single Server Deployment,REST API
48853,Medium,18,Daily,13,High,High,Microservices,Microservices with Docker,REST API + gRPC
4376,Low,5,Monthly,2,Low,Low,Monolithic,Single Server Deployment,REST API
96736,High,25,Daily,12,High,High,Kubernetes Deployment,Kubernetes Orchestration Deployment,REST API + gRPC/Event-Driven
48786,High,20,Daily,15,High,Medium,Microservices,Microservices with Docker,REST API + gRPC
24620,Medium,29,Weekly,15,High,Medium,Microservices,Microservices with Docker,REST API + gRPC
53405,High,41,Daily,25,High,High,Kubernetes Deployment,Kubernetes Orchestration Deployment,REST API + gRPC/Event-Driven
142439,High,28,Daily,10,High,High,Kubernetes Deployment,Kubernetes Orchestration Deployment,REST API + gRPC/Event-Driven
8241,Medium,10,Monthly,7,Medium,Medium,Containerized App,Docker Container Deployment,REST API
154699,High,40,Daily,21,High,High,Kubernetes Deployment,Kubernetes Orchestration Deployment,REST API + gRPC/Event-Driven
52593,High,26,Daily,13,High,High,Kubernetes Deployment,Kubernetes Orchestration Deployment,REST API + gRPC/Event-Driven
27128,Medium,23,Daily,15,High,High,Microservices,Microservices with Docker,REST API + gRPC
39362,High,30,Daily,11,High,High,Microservices,Microservices with Docker,REST API + gRPC
15408,Medium,13,Monthly,5,High,Medium,Containerized App,Docker Container Deployment,REST API
12753,Low,11,Weekly,3,High,Low,Containerized App,Docker Container Deployment,REST API
87642,High,34,Daily,21,High,High,Kubernetes Deployment,Kubernetes Orchestration Deployment,REST API + gRPC/Event-Driven
32512,Medium,30,Daily,14,Medium,Medium,Microservices,Microservices with Docker,REST API + gRPC
144498,High,47,Daily,14,High,High,Kubernetes Deployment,Kubernetes Orchestration Deployment,REST API + gRPC/Event-Driven
14260,Low,9,Weekly,3,Medium,Medium,Containerized App,Docker Container Deployment,REST API
3428,Low,2,Monthly,2,Low,Low,Monolithic,Single Server Deployment,REST API
1984,Low,5,Monthly,3,Low,Low,Monolithic,Single Server Deployment,REST API
19847,Low,14,Weekly,3,Medium,Low,Containerized App,Docker Container Deployment,REST API
44851,High,28,Daily,12,High,High,Microservices,Microservices with Docker,REST API + gRPC
4560,Low,5,Monthly,3,Medium,Low,Monolithic,Single Server Deployment,REST API
91596,High,22,Daily,24,High,High,Kubernetes Deployment,Kubernetes Orchestration Deployment,REST API + gRPC/Event-Driven
38512,High,19,Weekly,11,High,Medium,Microservices,Microservices with Docker,REST API + gRPC
2694,Low,5,Monthly,3,Low,Low,Monolithic,Single Server Deployment,REST API
46374,High,26,Daily,15,High,High,Microservices,Microservices with Docker,REST API + gRPC
24439,High,26,Daily,11,Medium,High,Microservices,Microservices with Docker,REST API + gRPC
4388,Low,4,Monthly,1,Low,Low,Monolithic,Single Server Deployment,REST API
2781,Low,3,Monthly,1,Low,Low,Monolithic,Single Server Deployment,REST API
4736,Low,2,Monthly,3,Medium,Low,Monolithic,Single Server Deployment,REST API
29324,High,27,Weekly,15,Medium,Medium,Microservices,Microservices with Docker,REST API + gRPC
144104,High,42,Daily,21,High,High,Kubernetes Deployment,Kubernetes Orchestration Deployment,REST API + gRPC/Event-Driven
3227,Low,4,Monthly,3,Medium,Low,Monolithic,Single Server Deployment,REST API
339,Low,2,Monthly,1,Medium,Low,Monolithic,Single Server Deployment,REST API
136357,High,46,Daily,20,High,High,Kubernetes Deployment,Kubernetes Orchestration Deployment,REST API + gRPC/Event-Driven
24241,Medium,20,Weekly,15,Medium,High,Microservices,Microservices with Docker,REST API + gRPC
11768,Low,6,Monthly,3,Medium,Low,Containerized App,Docker Container Deployment,REST API
22753,High,20,Daily,12,Medium,High,Microservices,Microservices with Docker,REST API + gRPC
3673,Low,2,Monthly,2,Low,Low,Monolithic,Single Server Deployment,REST API
105926,High,48,Daily,25,High,High,Kubernetes Deployment,Kubernetes Orchestration Deployment,REST API + gRPC/Event-Driven
529,Low,3,Monthly,1,Low,Low,Monolithic,Single Server Deployment,REST API
35742,Medium,17,Daily,9,High,High,Microservices,Microservices with Docker,REST API + gRPC
6709,Low,6,Monthly,6,High,Low,Containerized App,Docker Container Deployment,REST API
69896,High,32,Daily,18,High,High,Kubernetes Deployment,Kubernetes Orchestration Deployment,REST API + gRPC/Event-Driven
6641,Low,11,Monthly,3,High,Low,Containerized App,Docker Container Deployment,REST API
3705,Low,3,Monthly,1,Medium,Low,Monolithic,Single Server Deployment,REST API
60600,High,28,Daily,22,High,High,Kubernetes Deployment,Kubernetes Orchestration Deployment,REST API + gRPC/Event-Driven
94654,High,35,Daily,21,High,High,Kubernetes Deployment,Kubernetes Orchestration Deployment,REST API + gRPC/Event-Driven
124196,High,40,Daily,13,High,High,Kubernetes Deployment,Kubernetes Orchestration Deployment,REST API + gRPC/Event-Driven
22503,Medium,21,Daily,9,Medium,Medium,Microservices,Microservices with Docker,REST API + gRPC
161511,High,24,Daily,15,High,High,Kubernetes Deployment,Kubernetes Orchestration Deployment,REST API + gRPC/Event-Driven
4250,Low,2,Monthly,2,Medium,Low,Monolithic,Single Server Deployment,REST API
166288,High,36,Daily,16,High,High,Kubernetes Deployment,Kubernetes Orchestration Deployment,REST API + gRPC/Event-Driven
33228,Medium,22,Weekly,15,Medium,High,Microservices,Microservices with Docker,REST API + gRPC
49920,Medium,22,Daily,12,High,Medium,Microservices,Microservices with Docker,REST API + gRPC
86011,High,25,Daily,11,High,High,Kubernetes Deployment,Kubernetes Orchestration Deployment,REST API + gRPC/Event-Driven
171674,High,24,Daily,22,High,High,Kubernetes Deployment,Kubernetes Orchestration Deployment,REST API + gRPC/Event-Driven
64683,High,34,Daily,10,High,High,Kubernetes Deployment,Kubernetes Orchestration Deployment,REST API + gRPC/Event-Driven
4233,Low,3,Monthly,1,Low,Low,Monolithic,Single Server Deployment,REST API
144791,High,33,Daily,25,High,High,Kubernetes Deployment,Kubernetes Orchestration Deployment,REST API + gRPC/Event-Driven
121832,High,48,Daily,21,High,High,Kubernetes Deployment,Kubernetes Orchestration Deployment,REST API + gRPC/Event-Driven
24693,High,22,Daily,13,High,High,Microservices,Microservices with Docker,REST API + gRPC
49268,High,17,Weekly,9,Medium,Medium,Microservices,Microservices with Docker,REST API + gRPC
182069,High,46,Daily,16,High,High,Kubernetes Deployment,Kubernetes Orchestration Deployment,REST API + gRPC/Event-Driven
193987,High,39,Daily,23,High,High,Kubernetes Deployment,Kubernetes Orchestration Deployment,REST API + gRPC/Event-Driven
5053,Medium,7,Weekly,7,Medium,Low,Containerized App,Docker Container Deployment,REST API
25797,High,23,Weekly,12,High,High,Microservices,Microservices with Docker,REST API + gRPC
197328,High,27,Daily,23,High,High,Kubernetes Deployment,Kubernetes Orchestration Deployment,REST API + gRPC/Event-Driven
93901,High,48,Daily,22,High,High,Kubernetes Deployment,Kubernetes Orchestration Deployment,REST API + gRPC/Event-Driven
8966,Medium,15,Monthly,4,Medium,Medium,Containerized App,Docker Container Deployment,REST API
67857,High,45,Daily,14,High,High,Kubernetes Deployment,Kubernetes Orchestration Deployment,REST API + gRPC/Event-Driven
14910,Low,14,Weekly,7,High,Medium,Containerized App,Docker Container Deployment,REST API
815,Low,3,Monthly,2,Medium,Low,Monolithic,Single Server Deployment,REST API
5855,Medium,12,Monthly,6,High,Low,Containerized App,Docker Container Deployment,REST API
16666,Medium,14,Weekly,3,Medium,Medium,Containerized App,Docker Container Deployment,REST API
33151,High,20,Daily,14,Medium,Medium,Microservices,Microservices with Docker,REST API + gRPC
42754,High,25,Weekly,11,High,Medium,Microservices,Microservices with Docker,REST API + gRPC
32743,Medium,29,Weekly,13,High,Medium,Microservices,Microservices with Docker,REST API + gRPC
36375,Medium,16,Daily,11,Medium,High,Microservices,Microservices with Docker,REST API + gRPC
19323,Medium,7,Weekly,6,High,Medium,Containerized App,Docker Container Deployment,REST API
137679,High,49,Daily,10,High,High,Kubernetes Deployment,Kubernetes Orchestration Deployment,REST API + gRPC/Event-Driven
6904,Medium,6,Monthly,6,Medium,Low,Containerized App,Docker Container Deployment,REST API
16027,Low,11,Monthly,6,Medium,Medium,Containerized App,Docker Container Deployment,REST API
174331,High,26,Daily,21,High,High,Kubernetes Deployment,Kubernetes Orchestration Deployment,REST API + gRPC/Event-Driven
44116,Medium,20,Daily,12,Medium,High,Microservices,Microservices with Docker,REST API + gRPC
228,Low,3,Monthly,3,Medium,Low,Monolithic,Single Server Deployment,REST API
7789,Low,9,Weekly,7,Medium,Low,Containerized App,Docker Container Deployment,REST API
8169,Medium,9,Monthly,3,High,Low,Containerized App,Docker Container Deployment,REST API
1375,Low,4,Monthly,1,Low,Low,Monolithic,Single Server Deployment,REST API
18210,Low,11,Monthly,8,High,Low,Containerized App,Docker Container Deployment,REST API
16990,Medium,9,Weekly,8,High,Medium,Containerized App,Docker Container Deployment,REST API
36181,High,26,Weekly,14,High,High,Microservices,Microservices with Docker,REST API + gRPC
110255,High,35,Daily,22,High,High,Kubernetes Deployment,Kubernetes Orchestration Deployment,REST API + gRPC/Event-Driven
103943,High,31,Daily,12,High,High,Kubernetes Deployment,Kubernetes Orchestration Deployment,REST API + gRPC/Event-Driven
90976,High,42,Daily,10,High,High,Kubernetes Deployment,Kubernetes Orchestration Deployment,REST API + gRPC/Event-Driven
35541,Medium,25,Daily,14,Medium,High,Microservices,Microservices with Docker,REST API + gRPC
46388,High,17,Daily,11,High,Medium,Microservices,Microservices with Docker,REST API + gRPC
9602,Medium,11,Weekly,7,High,Medium,Containerized App,Docker Container Deployment,REST API
108755,High,45,Daily,10,High,High,Kubernetes Deployment,Kubernetes Orchestration Deployment,REST API + gRPC/Event-Driven
50252,High,34,Daily,13,High,High,Kubernetes Deployment,Kubernetes Orchestration Deployment,REST API + gRPC/Event-Driven
4357,Low,3,Monthly,2,Medium,Low,Monolithic,Single Server Deployment,REST API
17518,Low,11,Weekly,6,Medium,Medium,Containerized App,Docker Container Deployment,REST API
88440,High,45,Daily,11,High,High,Kubernetes Deployment,Kubernetes Orchestration Deployment,REST API + gRPC/Event-Driven
24864,High,22,Daily,15,High,Medium,Microservices,Microservices with Docker,REST API + gRPC
6876,Low,7,Weekly,5,Medium,Low,Containerized App,Docker Container Deployment,REST API
12934,Low,10,Monthly,5,High,Medium,Containerized App,Docker Container Deployment,REST API
113533,High,36,Daily,15,High,High,Kubernetes Deployment,Kubernetes Orchestration Deployment,REST API + gRPC/Event-Driven
118005,High,41,Daily,10,High,High,Kubernetes Deployment,Kubernetes Orchestration Deployment,REST API + gRPC/Event-Driven
187740,High,50,Daily,14,High,High,Kubernetes Deployment,Kubernetes Orchestration Deployment,REST API + gRPC/Event-Driven
3607,Low,3,Monthly,3,Low,Low,Monolithic,Single Server Deployment,REST API
6068,Low,10,Weekly,6,High,Low,Containerized App,Docker Container Deployment,REST API
186792,High,33,Daily,18,High,High,Kubernetes Deployment,Kubernetes Orchestration Deployment,REST API + gRPC/Event-Driven
43605,Medium,20,Weekly,13,High,High,Microservices,Microservices with Docker,REST API + gRPC
190784,High,22,Daily,17,High,High,Kubernetes Deployment,Kubernetes Orchestration Deployment,REST API + gRPC/Event-Driven
3534,Low,4,Monthly,2,Low,Low,Monolithic,Single Server Deployment,REST API
44463,High,17,Weekly,10,Medium,High,Microservices,Microservices with Docker,REST API + gRPC
30600,High,25,Daily,12,High,Medium,Microservices,Microservices with Docker,REST API + gRPC
114607,High,37,Daily,13,High,High,Kubernetes Deployment,Kubernetes Orchestration Deployment,REST API + gRPC/Event-Driven
31182,Medium,16,Daily,11,Medium,Medium,Microservices,Microservices with Docker,REST API + gRPC
2685,Low,2,Monthly,1,Low,Low,Monolithic,Single Server Deployment,REST API
12709,Low,6,Weekly,8,Medium,Low,Containerized App,Docker Container Deployment,REST API
4045,Low,3,Monthly,1,Medium,Low,Monolithic,Single Server Deployment,REST API
2432,Low,4,Monthly,2,Low,Low,Monolithic,Single Server Deployment,REST API
199913,High,48,Daily,16,High,High,Kubernetes Deployment,Kubernetes Orchestration Deployment,REST API + gRPC/Event-Driven
118095,High,40,Daily,12,High,High,Kubernetes Deployment,Kubernetes Orchestration Deployment,REST API + gRPC/Event-Driven
198887,High,26,Daily,21,High,High,Kubernetes Deployment,Kubernetes Orchestration Deployment,REST API + gRPC/Event-Driven
9818,Low,7,Weekly,5,High,Low,Containerized App,Docker Container Deployment,REST API
22888,Medium,19,Weekly,11,High,High,Microservices,Microservices with Docker,REST API + gRPC
23536,Medium,16,Weekly,11,High,High,Microservices,Microservices with Docker,REST API + gRPC
1498,Low,2,Monthly,1,Low,Low,Monolithic,Single Server Deployment,REST API
19181,Low,6,Monthly,6,High,Low,Containerized App,Docker Container Deployment,REST API
5797,Low,13,Monthly,8,Medium,Low,Containerized App,Docker Container Deployment,REST API
42315,Medium,25,Daily,12,Medium,Medium,Microservices,Microservices with Docker,REST API + gRPC
1744,Low,4,Monthly,1,Medium,Low,Monolithic,Single Server Deployment,REST API
139423,High,34,Daily,24,High,High,Kubernetes Deployment,Kubernetes Orchestration Deployment,REST API + gRPC/Event-Driven
152226,High,45,Daily,18,High,High,Kubernetes Deployment,Kubernetes Orchestration Deployment,REST API + gRPC/Event-Driven
1739,Low,2,Monthly,1,Low,Low,Monolithic,Single Server Deployment,REST API
1458,Low,3,Monthly,2,Low,Low,Monolithic,Single Server Deployment,REST API
10607,Medium,7,Monthly,5,Medium,Medium,Containerized App,Docker Container Deployment,REST API
33888,High,29,Daily,13,High,High,Microservices,Microservices with Docker,REST API + gRPC
2714,Low,4,Monthly,3,Medium,Low,Monolithic,Single Server Deployment,REST API
611,Low,5,Monthly,2,Medium,Low,Monolithic,Single Server Deployment,REST API
104797,High,21,Daily,18,High,High,Kubernetes Deployment,Kubernetes Orchestration Deployment,REST API + gRPC/Event-Driven
189807,High,23,Daily,20,High,High,Kubernetes Deployment,Kubernetes Orchestration Deployment,REST API + gRPC/Event-Driven
17003,Low,9,Monthly,4,Medium,Medium,Containerized App,Docker Container Deployment,REST API
13305,Medium,13,Monthly,7,Medium,Low,Containerized App,Docker Container Deployment,REST API
25750,High,24,Weekly,12,High,Medium,Microservices,Microservices with Docker,REST API + gRPC
849,Low,2,Monthly,2,Medium,Low,Monolithic,Single Server Deployment,REST API
33216,High,22,Daily,12,Medium,High,Microservices,Microservices with Docker,REST API + gRPC
4143,Low,3,Monthly,2,Medium,Low,Monolithic,Single Server Deployment,REST API
36624,Medium,29,Weekly,9,High,Medium,Microservices,Microservices with Docker,REST API + gRPC
519,Low,3,Monthly,2,Medium,Low,Monolithic,Single Server Deployment,REST API
4633,Low,3,Monthly,2,Low,Low,Monolithic,Single Server Deployment,REST API
38872,Medium,29,Daily,13,High,Medium,Microservices,Microservices with Docker,REST API + gRPC
896,Low,5,Monthly,2,Medium,Low,Monolithic,Single Server Deployment,REST API
11992,Low,8,Monthly,4,High,Medium,Containerized App,Docker Container Deployment,REST API
40324,Medium,24,Daily,11,Medium,High,Microservices,Microservices with Docker,REST API + gRPC
177823,High,30,Daily,22,High,High,Kubernetes Deployment,Kubernetes Orchestration Deployment,REST API + gRPC/Event-Driven
16767,Low,14,Monthly,6,High,Low,Containerized App,Docker Container Deployment,REST API
15245,Low,8,Monthly,3,High,Low,Containerized App,Docker Container Deployment,REST API
42455,High,18,Daily,10,High,Medium,Microservices,Microservices with Docker,REST API + gRPC
49929,High,26,Daily,9,High,High,Microservices,Microservices with Docker,REST API + gRPC
22111,Medium,30,Daily,9,High,Medium,Microservices,Microservices with Docker,REST API + gRPC
9116,Medium,15,Monthly,8,High,Medium,Containerized App,Docker Container Deployment,REST API
4570,Low,4,Monthly,3,Low,Low,Monolithic,Single Server Deployment,REST API
29169,Medium,29,Weekly,12,Medium,High,Microservices,Microservices with Docker,REST API + gRPC
6332,Low,10,Monthly,8,Medium,Medium,Containerized App,Docker Container Deployment,REST API
1420,Low,3,Monthly,1,Low,Low,Monolithic,Single Server Deployment,REST API
7790,Medium,7,Monthly,4,High,Medium,Containerized App,Docker Container Deployment,REST API
49400,Medium,30,Weekly,15,High,Medium,Microservices,Microservices with Docker,REST API + gRPC
181282,High,24,Daily,19,High,High,Kubernetes Deployment,Kubernetes Orchestration Deployment,REST API + gRPC/Event-Driven
98898,High,43,Daily,13,High,High,Kubernetes Deployment,Kubernetes Orchestration Deployment,REST API + gRPC/Event-Driven
6299,Medium,13,Monthly,5,Medium,Medium,Containerized App,Docker Container Deployment,REST API
10681,Low,7,Weekly,5,Medium,Medium,Containerized App,Docker Container Deployment,REST API
199295,High,32,Daily,13,High,High,Kubernetes Deployment,Kubernetes Orchestration Deployment,REST API + gRPC/Event-Driven
51478,High,38,Daily,20,High,High,Kubernetes Deployment,Kubernetes Orchestration Deployment,REST API + gRPC/Event-Driven
39094,High,18,Daily,11,Medium,High,Microservices,Microservices with Docker,REST API + gRPC
100801,High,38,Daily,23,High,High,Kubernetes Deployment,Kubernetes Orchestration Deployment,REST API + gRPC/Event-Driven
47079,Medium,20,Weekly,15,High,High,Microservices,Microservices with Docker,REST API + gRPC
4973,Low,3,Monthly,2,Medium,Low,Monolithic,Single Server Deployment,REST API
3816,Low,5,Monthly,1,Low,Low,Monolithic,Single Server Deployment,REST API
2710,Low,2,Monthly,3,Low,Low,Monolithic,Single Server Deployment,REST API
17461,Low,14,Weekly,7,Medium,Low,Containerized App,Docker Container Deployment,REST API
1517,Low,2,Monthly,3,Medium,Low,Monolithic,Single Server Deployment,REST API
39089,Medium,16,Daily,11,High,Medium,Microservices,Microservices with Docker,REST API + gRPC
4200,Low,3,Monthly,3,Low,Low,Monolithic,Single Server Deployment,REST API
151273,High,26,Daily,15,High,High,Kubernetes Deployment,Kubernetes Orchestration Deployment,REST API + gRPC/Event-Driven
1526,Low,4,Monthly,3,Low,Low,Monolithic,Single Server Deployment,REST API
11139,Low,14,Weekly,5,High,Medium,Containerized App,Docker Container Deployment,REST API
11356,Low,6,Monthly,6,High,Low,Containerized App,Docker Container Deployment,REST API
159877,High,26,Daily,21,High,High,Kubernetes Deployment,Kubernetes Orchestration Deployment,REST API + gRPC/Event-Driven
11356,Low,14,Weekly,8,Medium,Low,Containerized App,Docker Container Deployment,REST API
908,Low,2,Monthly,3,Medium,Low,Monolithic,Single Server Deployment,REST API
20023,High,27,Daily,13,High,Medium,Microservices,Microservices with Docker,REST API + gRPC
28241,Medium,16,Weekly,10,High,High,Microservices,Microservices with Docker,REST API + gRPC
19508,Low,14,Monthly,6,High,Medium,Containerized App,Docker Container Deployment,REST API
15394,Low,9,Monthly,3,Medium,Low,Containerized App,Docker Container Deployment,REST API
13814,Low,12,Weekly,8,High,Low,Containerized App,Docker Container Deployment,REST API
41442,High,18,Weekly,9,Medium,Medium,Microservices,Microservices with Docker,REST API + gRPC
164552,High,25,Daily,13,High,High,Kubernetes Deployment,Kubernetes Orchestration Deployment,REST API + gRPC/Event-Driven
3750,Low,2,Monthly,1,Medium,Low,Monolithic,Single Server Deployment,REST API
30978,Medium,22,Daily,10,Medium,High,Microservices,Microservices with Docker,REST API + gRPC
42427,Medium,16,Weekly,10,Medium,High,Microservices,Microservices with Docker,REST API + gRPC
120,Low,3,Monthly,2,Medium,Low,Monolithic,Single Server Deployment,REST API
115793,High,26,Daily,15,High,High,Kubernetes Deployment,Kubernetes Orchestration Deployment,REST API + gRPC/Event-Driven
137492,High,47,Daily,14,High,High,Kubernetes Deployment,Kubernetes Orchestration Deployment,REST API + gRPC/Event-Driven
11447,Medium,13,Weekly,5,Medium,Medium,Containerized App,Docker Container Deployment,REST API
2790,Low,3,Monthly,3,Low,Low,Monolithic,Single Server Deployment,REST API
51500,High,48,Daily,13,High,High,Kubernetes Deployment,Kubernetes Orchestration Deployment,REST API + gRPC/Event-Driven
43516,Medium,27,Daily,14,High,Medium,Microservices,Microservices with Docker,REST API + gRPC
42673,Medium,24,Daily,12,Medium,Medium,Microservices,Microservices with Docker,REST API + gRPC
80729,High,27,Daily,17,High,High,Kubernetes Deployment,Kubernetes Orchestration Deployment,REST API + gRPC/Event-Driven
2335,Low,5,Monthly,2,Low,Low,Monolithic,Single Server Deployment,REST API
40707,High,16,Weekly,13,Medium,High,Microservices,Microservices with Docker,REST API + gRPC
24479,Medium,26,Weekly,9,Medium,High,Microservices,Microservices with Docker,REST API + gRPC
196574,High,40,Daily,17,High,High,Kubernetes Deployment,Kubernetes Orchestration Deployment,REST API + gRPC/Event-Driven
180937,High,21,Daily,16,High,High,Kubernetes Deployment,Kubernetes Orchestration Deployment,REST API + gRPC/Event-Driven
2127,Low,5,Monthly,2,Low,Low,Monolithic,Single Server Deployment,REST API
28314,High,25,Weekly,15,High,Medium,Microservices,Microservices with Docker,REST API + gRPC
9032,Medium,14,Weekly,5,Medium,Low,Containerized App,Docker Container Deployment,REST API
115318,High,20,Daily,10,High,High,Kubernetes Deployment,Kubernetes Orchestration Deployment,REST API + gRPC/Event-Driven
21716,Medium,22,Weekly,11,High,Medium,Microservices,Microservices with Docker,REST API + gRPC
47475,High,28,Weekly,9,Medium,High,Microservices,Microservices with Docker,REST API + gRPC
3298,Low,5,Monthly,1,Medium,Low,Monolithic,Single Server Deployment,REST API
4662,Low,3,Monthly,3,Medium,Low,Monolithic,Single Server Deployment,REST API
3822,Low,4,Monthly,3,Medium,Low,Monolithic,Single Server Deployment,REST API
34051,High,16,Daily,14,Medium,Medium,Microservices,Microservices with Docker,REST API + gRPC
19219,Low,12,Monthly,3,High,Medium,Containerized App,Docker Container Deployment,REST API
10251,Medium,8,Weekly,3,Medium,Medium,Containerized App,Docker Container Deployment,REST API
138200,High,38,Daily,25,High,High,Kubernetes Deployment,Kubernetes Orchestration Deployment,REST API + gRPC/Event-Driven
13639,Low,7,Weekly,8,Medium,Medium,Containerized App,Docker Container Deployment,REST API
108028,High,26,Daily,19,High,High,Kubernetes Deployment,Kubernetes Orchestration Deployment,REST API + gRPC/Event-Driven
4603,Low,3,Monthly,2,Medium,Low,Monolithic,Single Server Deployment,REST API
10187,Medium,7,Monthly,8,High,Medium,Containerized App,Docker Container Deployment,REST API
12334,Medium,13,Monthly,7,Medium,Low,Containerized App,Docker Container Deployment,REST API
14429,Low,10,Monthly,8,Medium,Medium,Containerized App,Docker Container Deployment,REST API
14330,Low,7,Monthly,3,Medium,Medium,Containerized App,Docker Container Deployment,REST API
26447,High,28,Weekly,11,High,Medium,Microservices,Microservices with Docker,REST API + gRPC
44775,High,28,Daily,12,High,High,Microservices,Microservices with Docker,REST API + gRPC
4492,Low,2,Monthly,2,Low,Low,Monolithic,Single Server Deployment,REST API
49757,Medium,21,Weekly,15,Medium,Medium,Microservices,Microservices with Docker,REST API + gRPC
4003,Low,4,Monthly,2,Low,Low,Monolithic,Single Server Deployment,REST API
1088,Low,3,Monthly,2,Medium,Low,Monolithic,Single Server Deployment,REST API
17783,Medium,9,Weekly,5,Medium,Low,Containerized App,Docker Container Deployment,REST API
18343,Medium,6,Monthly,7,Medium,Medium,Containerized App,Docker Container Deployment,REST API
9617,Medium,10,Monthly,7,High,Low,Containerized App,Docker Container Deployment,REST API
4473,Low,4,Monthly,2,Low,Low,Monolithic,Single Server Deployment,REST API
19380,Medium,12,Monthly,5,Medium,Medium,Containerized App,Docker Container Deployment,REST API
7501,Low,14,Weekly,5,High,Medium,Containerized App,Docker Container Deployment,REST API
3514,Low,5,Monthly,2,Low,Low,Monolithic,Single Server Deployment,REST API
12845,Low,7,Monthly,3,High,Low,Containerized App,Docker Container Deployment,REST API
18447,Medium,14,Monthly,5,High,Low,Containerized App,Docker Container Deployment,REST API
15273,Low,6,Weekly,4,High,Medium,Containerized App,Docker Container Deployment,REST API
42125,Medium,28,Daily,9,High,Medium,Microservices,Microservices with Docker,REST API + gRPC
4013,Low,2,Monthly,1,Medium,Low,Monolithic,Single Server Deployment,REST API
22327,High,19,Weekly,9,High,Medium,Microservices,Microservices with Docker,REST API + gRPC
3735,Low,2,Monthly,2,Low,Low,Monolithic,Single Server Deployment,REST API
9964,Medium,9,Weekly,7,Medium,Medium,Containerized App,Docker Container Deployment,REST API
6902,Low,15,Weekly,4,Medium,Medium,Containerized App,Docker Container Deployment,REST API
2355,Low,5,Monthly,2,Medium,Low,Monolithic,Single Server Deployment,REST API
98571,High,27,Daily,13,High,High,Kubernetes Deployment,Kubernetes Orchestration Deployment,REST API + gRPC/Event-Driven
162965,High,34,Daily,18,High,High,Kubernetes Deployment,Kubernetes Orchestration Deployment,REST API + gRPC/Event-Driven
39812,High,18,Daily,11,Medium,Medium,Microservices,Microservices with Docker,REST API + gRPC
79465,High,25,Daily,21,High,High,Kubernetes Deployment,Kubernetes Orchestration Deployment,REST API + gRPC/Event-Driven
62957,High,21,Daily,20,High,High,Kubernetes Deployment,Kubernetes Orchestration Deployment,REST API + gRPC/Event-Driven
7869,Low,8,Monthly,3,High,Medium,Containerized App,Docker Container Deployment,REST API
2070,Low,2,Monthly,3,Low,Low,Monolithic,Single Server Deployment,REST API
78147,High,28,Daily,23,High,High,Kubernetes Deployment,Kubernetes Orchestration Deployment,REST API + gRPC/Event-Driven
4029,Low,5,Monthly,2,Medium,Low,Monolithic,Single Server Deployment,REST API
974,Low,3,Monthly,1,Low,Low,Monolithic,Single Server Deployment,REST API
11647,Low,11,Weekly,5,High,Medium,Containerized App,Docker Container Deployment,REST API
186596,High,49,Daily,12,High,High,Kubernetes Deployment,Kubernetes Orchestration Deployment,REST API + gRPC/Event-Driven
84372,High,40,Daily,25,High,High,Kubernetes Deployment,Kubernetes Orchestration Deployment,REST API + gRPC/Event-Driven
1817,Low,3,Monthly,3,Low,Low,Monolithic,Single Server Deployment,REST API
940,Low,5,Monthly,2,Low,Low,Monolithic,Single Server Deployment,REST API
87280,High,21,Daily,17,High,High,Kubernetes Deployment,Kubernetes Orchestration Deployment,REST API + gRPC/Event-Driven
25966,High,24,Weekly,14,High,High,Microservices,Microservices with Docker,REST API + gRPC
1535,Low,2,Monthly,3,Low,Low,Monolithic,Single Server Deployment,REST API
135,Low,4,Monthly,3,Medium,Low,Monolithic,Single Server Deployment,REST API
34329,High,26,Daily,14,Medium,High,Microservices,Microservices with Docker,REST API + gRPC
10387,Low,13,Monthly,3,Medium,Medium,Containerized App,Docker Container Deployment,REST API
87003,High,33,Daily,21,High,High,Kubernetes Deployment,Kubernetes Orchestration Deployment,REST API + gRPC/Event-Driven
2684,Low,5,Monthly,3,Low,Low,Monolithic,Single Server Deployment,REST API
124194,High,46,Daily,21,High,High,Kubernetes Deployment,Kubernetes Orchestration Deployment,REST API + gRPC/Event-Driven
11757,Low,7,Weekly,8,Medium,Low,Containerized App,Docker Container Deployment,REST API
48757,Medium,30,Weekly,10,High,High,Microservices,Microservices with Docker,REST API + gRPC
168407,High,37,Daily,17,High,High,Kubernetes Deployment,Kubernetes Orchestration Deployment,REST API + gRPC/Event-Driven
40906,High,28,Weekly,10,High,Medium,Microservices,Microservices with Docker,REST API + gRPC
138183,High,37,Daily,17,High,High,Kubernetes Deployment,Kubernetes Orchestration Deployment,REST API + gRPC/Event-Driven
5192,Medium,7,Weekly,8,High,Low,Containerized App,Docker Container Deployment,REST API
82910,High,41,Daily,19,High,High,Kubernetes Deployment,Kubernetes Orchestration Deployment,REST API + gRPC/Event-Driven
4575,Low,3,Monthly,2,Low,Low,Monolithic,Single Server Deployment,REST API
42513,Medium,26,Daily,11,High,Medium,Microservices,Microservices with Docker,REST API + gRPC
61731,High,29,Daily,10,High,High,Kubernetes Deployment,Kubernetes Orchestration Deployment,REST API + gRPC/Event-Driven
17762,Low,6,Monthly,4,Medium,Low,Containerized App,Docker Container Deployment,REST API
18793,Low,9,Monthly,4,Medium,Medium,Containerized App,Docker Container Deployment,REST API
8482,Low,9,Weekly,6,Medium,Medium,Containerized App,Docker Container Deployment,REST API
145372,High,24,Daily,16,High,High,Kubernetes Deployment,Kubernetes Orchestration Deployment,REST API + gRPC/Event-Driven
4096,Low,5,Monthly,3,Low,Low,Monolithic,Single Server Deployment,REST API
181545,High,30,Daily,15,High,High,Kubernetes Deployment,Kubernetes Orchestration Deployment,REST API + gRPC/Event-Driven
49382,High,16,Daily,12,High,High,Microservices,Microservices with Docker,REST API + gRPC
135070,High,20,Daily,22,High,High,Kubernetes Deployment,Kubernetes Orchestration Deployment,REST API + gRPC/Event-Driven
42457,Medium,27,Weekly,14,High,Medium,Microservices,Microservices with Docker,REST API + gRPC
47595,Medium,20,Daily,9,High,High,Microservices,Microservices with Docker,REST API + gRPC
111674,High,22,Daily,12,High,High,Kubernetes Deployment,Kubernetes Orchestration Deployment,REST API + gRPC/Event-Driven
1584,Low,5,Monthly,2,Low,Low,Monolithic,Single Server Deployment,REST API
157178,High,31,Daily,13,High,High,Kubernetes Deployment,Kubernetes Orchestration Deployment,REST API + gRPC/Event-Driven
115847,High,48,Daily,16,High,High,Kubernetes Deployment,Kubernetes Orchestration Deployment,REST API + gRPC/Event-Driven
78487,High,50,Daily,20,High,High,Kubernetes Deployment,Kubernetes Orchestration Deployment,REST API + gRPC/Event-Driven
81719,High,29,Daily,15,High,High,Kubernetes Deployment,Kubernetes Orchestration Deployment,REST API + gRPC/Event-Driven
35730,High,22,Weekly,9,Medium,Medium,Microservices,Microservices with Docker,REST API + gRPC
10089,Medium,15,Monthly,3,Medium,Low,Containerized App,Docker Container Deployment,REST API
6728,Low,12,Weekly,3,Medium,Medium,Containerized App,Docker Container Deployment,REST API
25632,High,28,Weekly,10,Medium,Medium,Microservices,Microservices with Docker,REST API + gRPC
6023,Low,11,Monthly,8,Medium,Medium,Containerized App,Docker Container Deployment,REST API
918,Low,4,Monthly,1,Medium,Low,Monolithic,Single Server Deployment,REST API
36570,High,20,Weekly,12,High,High,Microservices,Microservices with Docker,REST API + gRPC
1530,Low,3,Monthly,3,Medium,Low,Monolithic,Single Server Deployment,REST API
166342,High,47,Daily,24,High,High,Kubernetes Deployment,Kubernetes Orchestration Deployment,REST API + gRPC/Event-Driven
46934,High,17,Daily,12,Medium,Medium,Microservices,Microservices with Docker,REST API + gRPC
3478,Low,4,Monthly,2,Low,Low,Monolithic,Single Server Deployment,REST API
4186,Low,2,Monthly,3,Low,Low,Monolithic,Single Server Deployment,REST API
1403,Low,5,Monthly,2,Medium,Low,Monolithic,Single Server Deployment,REST API
1608,Low,4,Monthly,1,Low,Low,Monolithic,Single Server Deployment,REST API
106522,High,20,Daily,16,High,High,Kubernetes Deployment,Kubernetes Orchestration Deployment,REST API + gRPC/Event-Driven
39133,High,26,Weekly,15,High,High,Microservices,Microservices with Docker,REST API + gRPC
4786,Low,5,Monthly,1,Low,Low,Monolithic,Single Server Deployment,REST API
17255,Medium,6,Monthly,4,Medium,Low,Containerized App,Docker Container Deployment,REST API
86875,High,27,Daily,18,High,High,Kubernetes Deployment,Kubernetes Orchestration Deployment,REST API + gRPC/Event-Driven
28948,High,27,Weekly,10,High,High,Microservices,Microservices with Docker,REST API + gRPC
24226,Medium,20,Daily,9,Medium,Medium,Microservices,Microservices with Docker,REST API + gRPC
152224,High,34,Daily,23,High,High,Kubernetes Deployment,Kubernetes Orchestration Deployment,REST API + gRPC/Event-Driven
29921,High,18,Weekly,10,Medium,High,Microservices,Microservices with Docker,REST API + gRPC
136666,High,26,Daily,22,High,High,Kubernetes Deployment,Kubernetes Orchestration Deployment,REST API + gRPC/Event-Driven
19760,Low,9,Monthly,7,High,Medium,Containerized App,Docker Container Deployment,REST API
97060,High,30,Daily,13,High,High,Kubernetes Deployment,Kubernetes Orchestration Deployment,REST API + gRPC/Event-Driven
2976,Low,3,Monthly,3,Low,Low,Monolithic,Single Server Deployment,REST API
10008,Low,6,Weekly,4,High,Low,Containerized App,Docker Container Deployment,REST API
101361,High,32,Daily,19,High,High,Kubernetes Deployment,Kubernetes Orchestration Deployment,REST API + gRPC/Event-Driven
37989,Medium,26,Daily,9,Medium,High,Microservices,Microservices with Docker,REST API + gRPC
184592,High,23,Daily,24,High,High,Kubernetes Deployment,Kubernetes Orchestration Deployment,REST API + gRPC/Event-Driven
187421,High,39,Daily,22,High,High,Kubernetes Deployment,Kubernetes Orchestration Deployment,REST API + gRPC/Event-Driven
3199,Low,3,Monthly,2,Low,Low,Monolithic,Single Server Deployment,REST API
7779,Low,9,Monthly,5,High,Low,Containerized App,Docker Container Deployment,REST API
9307,Medium,10,Weekly,4,High,Medium,Containerized App,Docker Container Deployment,REST API
4888,Low,5,Monthly,3,Medium,Low,Monolithic,Single Server Deployment,REST API
47277,High,26,Daily,11,Medium,Medium,Microservices,Microservices with Docker,REST API + gRPC
4623,Low,2,Monthly,1,Medium,Low,Monolithic,Single Server Deployment,REST API
4388,Low,4,Monthly,2,Medium,Low,Monolithic,Single Server Deployment,REST API
475,Low,3,Monthly,2,Low,Low,Monolithic,Single Server Deployment,REST API
195965,High,26,Daily,11,High,High,Kubernetes Deployment,Kubernetes Orchestration Deployment,REST API + gRPC/Event-Driven
40138,High,19,Weekly,15,High,High,Microservices,Microservices with Docker,REST API + gRPC
18627,Medium,13,Weekly,5,High,Low,Containerized App,Docker Container Deployment,REST API
12292,Medium,11,Monthly,5,Medium,Medium,Containerized App,Docker Container Deployment,REST API
34886,Medium,22,Weekly,13,Medium,High,Microservices,Microservices with Docker,REST API + gRPC
636,Low,3,Monthly,3,Low,Low,Monolithic,Single Server Deployment,REST API
39391,Medium,27,Daily,9,Medium,Medium,Microservices,Microservices with Docker,REST API + gRPC
896,Low,3,Monthly,3,Low,Low,Monolithic,Single Server Deployment,REST API
3920,Low,3,Monthly,1,Low,Low,Monolithic,Single Server Deployment,REST API
2839,Low,4,Monthly,2,Medium,Low,Monolithic,Single Server Deployment,REST API
3032,Low,5,Monthly,2,Low,Low,Monolithic,Single Server Deployment,REST API
8243,Medium,12,Monthly,7,High,Low,Containerized App,Docker Container Deployment,REST API
125367,High,30,Daily,16,High,High,Kubernetes Deployment,Kubernetes Orchestration Deployment,REST API + gRPC/Event-Driven
1797,Low,4,Monthly,3,Low,Low,Monolithic,Single Server Deployment,REST API
158751,High,38,Daily,20,High,High,Kubernetes Deployment,Kubernetes Orchestration Deployment,REST API + gRPC/Event-Driven
4553,Low,4,Monthly,2,Medium,Low,Monolithic,Single Server Deployment,REST API
4719,Low,3,Monthly,3,Medium,Low,Monolithic,Single Server Deployment,REST API
45344,Medium,24,Weekly,12,High,High,Microservices,Microservices with Docker,REST API + gRPC
961,Low,5,Monthly,2,Low,Low,Monolithic,Single Server Deployment,REST API
1443,Low,2,Monthly,1,Low,Low,Monolithic,Single Server Deployment,REST API
116630,High,33,Daily,13,High,High,Kubernetes Deployment,Kubernetes Orchestration Deployment,REST API + gRPC/Event-Driven
3591,Low,4,Monthly,3,Medium,Low,Monolithic,Single Server Deployment,REST API
2610,Low,3,Monthly,2,Low,Low,Monolithic,Single Server Deployment,REST API
10390,Low,6,Weekly,7,Medium,Medium,Containerized App,Docker Container Deployment,REST API
10771,Medium,14,Weekly,3,Medium,Medium,Containerized App,Docker Container Deployment,REST API
11555,Medium,7,Weekly,8,High,Low,Containerized App,Docker Container Deployment,REST API
77149,High,22,Daily,11,High,High,Kubernetes Deployment,Kubernetes Orchestration Deployment,REST API + gRPC/Event-Driven
12885,Medium,7,Weekly,3,High,Low,Containerized App,Docker Container Deployment,REST API
8028,Low,8,Monthly,5,Medium,Low,Containerized App,Docker Container Deployment,REST API
277,Low,4,Monthly,3,Low,Low,Monolithic,Single Server Deployment,REST API
1606,Low,5,Monthly,1,Low,Low,Monolithic,Single Server Deployment,REST API
18738,Medium,9,Monthly,6,Medium,Low,Containerized App,Docker Container Deployment,REST API
4515,Low,5,Monthly,1,Medium,Low,Monolithic,Single Server Deployment,REST API
190784,High,27,Daily,21,High,High,Kubernetes Deployment,Kubernetes Orchestration Deployment,REST API + gRPC/Event-Driven
34626,High,26,Weekly,15,High,High,Microservices,Microservices with Docker,REST API + gRPC
118124,High,42,Daily,16,High,High,Kubernetes Deployment,Kubernetes Orchestration Deployment,REST API + gRPC/Event-Driven
4071,Low,5,Monthly,1,Low,Low,Monolithic,Single Server Deployment,REST API
14615,Medium,11,Weekly,8,Medium,Medium,Containerized App,Docker Container Deployment,REST API
1447,Low,4,Monthly,2,Medium,Low,Monolithic,Single Server Deployment,REST API
3291,Low,4,Monthly,2,Low,Low,Monolithic,Single Server Deployment,REST API
26760,Medium,27,Weekly,11,Medium,High,Microservices,Microservices with Docker,REST API + gRPC
7816,Medium,9,Monthly,4,Medium,Medium,Containerized App,Docker Container Deployment,REST API
15095,Medium,12,Weekly,7,High,Medium,Containerized App,Docker Container Deployment,REST API
109700,High,23,Daily,14,High,High,Kubernetes Deployment,Kubernetes Orchestration Deployment,REST API + gRPC/Event-Driven
32449,Medium,19,Daily,9,High,Medium,Microservices,Microservices with Docker,REST API + gRPC
48077,Medium,18,Daily,10,Medium,High,Microservices,Microservices with Docker,REST API + gRPC
88545,High,45,Daily,12,High,High,Kubernetes Deployment,Kubernetes Orchestration Deployment,REST API + gRPC/Event-Driven
38006,High,24,Daily,9,Medium,High,Microservices,Microservices with Docker,REST API + gRPC
22851,Medium,30,Daily,11,Medium,Medium,Microservices,Microservices with Docker,REST API + gRPC
15246,Medium,15,Monthly,3,Medium,Low,Containerized App,Docker Container Deployment,REST API
43489,High,21,Daily,9,High,Medium,Microservices,Microservices with Docker,REST API + gRPC
111920,High,37,Daily,24,High,High,Kubernetes Deployment,Kubernetes Orchestration Deployment,REST API + gRPC/Event-Driven
16692,Medium,8,Weekly,5,Medium,Low,Containerized App,Docker Container Deployment,REST API
3065,Low,3,Monthly,1,Medium,Low,Monolithic,Single Server Deployment,REST API
5770,Medium,12,Weekly,5,Medium,Medium,Containerized App,Docker Container Deployment,REST API
14080,Medium,8,Monthly,7,High,Low,Containerized App,Docker Container Deployment,REST API
125524,High,34,Daily,13,High,High,Kubernetes Deployment,Kubernetes Orchestration Deployment,REST API + gRPC/Event-Driven
17601,Low,13,Monthly,7,High,Medium,Containerized App,Docker Container Deployment,REST API
56212,High,40,Daily,24,High,High,Kubernetes Deployment,Kubernetes Orchestration Deployment,REST API + gRPC/Event-Driven
7543,Low,14,Weekly,3,Medium,Low,Containerized App,Docker Container Deployment,REST API
2125,Low,4,Monthly,3,Medium,Low,Monolithic,Single Server Deployment,REST API
45321,Medium,16,Daily,14,Medium,High,Microservices,Microservices with Docker,REST API + gRPC
62911,High,42,Daily,15,High,High,Kubernetes Deployment,Kubernetes Orchestration Deployment,REST API + gRPC/Event-Driven
23384,High,23,Weekly,10,High,High,Microservices,Microservices with Docker,REST API + gRPC
4829,Low,3,Monthly,3,Low,Low,Monolithic,Single Server Deployment,REST API
189213,High,35,Daily,11,High,High,Kubernetes Deployment,Kubernetes Orchestration Deployment,REST API + gRPC/Event-Driven
39153,Medium,18,Daily,9,Medium,High,Microservices,Microservices with Docker,REST API + gRPC
1472,Low,5,Monthly,2,Medium,Low,Monolithic,Single Server Deployment,REST API
18719,Low,11,Monthly,3,Medium,Low,Containerized App,Docker Container Deployment,REST API
45504,High,30,Weekly,15,Medium,High,Microservices,Microservices with Docker,REST API + gRPC
9970,Low,11,Monthly,6,Medium,Low,Containerized App,Docker Container Deployment,REST API
44393,High,20,Daily,10,Medium,Medium,Microservices,Microservices with Docker,REST API + gRPC
19222,Low,12,Weekly,5,Medium,Low,Containerized App,Docker Container Deployment,REST API
2630,Low,3,Monthly,1,Medium,Low,Monolithic,Single Server Deployment,REST API
49192,Medium,20,Daily,10,High,Medium,Microservices,Microservices with Docker,REST API + gRPC
145824,High,46,Daily,16,High,High,Kubernetes Deployment,Kubernetes Orchestration Deployment,REST API + gRPC/Event-Driven
3452,Low,5,Monthly,1,Medium,Low,Monolithic,Single Server Deployment,REST API
95917,High,39,Daily,18,High,High,Kubernetes Deployment,Kubernetes Orchestration Deployment,REST API + gRPC/Event-Driven
36104,High,27,Daily,11,Medium,Medium,Microservices,Microservices with Docker,REST API + gRPC
36457,High,29,Daily,14,High,Medium,Microservices,Microservices with Docker,REST API + gRPC
11293,Medium,10,Monthly,6,Medium,Low,Containerized App,Docker Container Deployment,REST API
18686,Medium,8,Monthly,5,High,Medium,Containerized App,Docker Container Deployment,REST API
110399,High,35,Daily,18,High,High,Kubernetes Deployment,Kubernetes Orchestration Deployment,REST API + gRPC/Event-Driven
85000,High,28,Daily,16,High,High,Kubernetes Deployment,Kubernetes Orchestration Deployment,REST API + gRPC/Event-Driven
75728,High,38,Daily,20,High,High,Kubernetes Deployment,Kubernetes Orchestration Deployment,REST API + gRPC/Event-Driven
12928,Medium,7,Weekly,7,High,Medium,Containerized App,Docker Container Deployment,REST API
2516,Low,3,Monthly,1,Medium,Low,Monolithic,Single Server Deployment,REST API
16826,Medium,9,Weekly,4,High,Medium,Containerized App,Docker Container Deployment,REST API
124166,High,50,Daily,21,High,High,Kubernetes Deployment,Kubernetes Orchestration Deployment,REST API + gRPC/Event-Driven
46395,Medium,23,Weekly,11,High,High,Microservices,Microservices with Docker,REST API + gRPC
2006,Low,4,Monthly,3,Medium,Low,Monolithic,Single Server Deployment,REST API
40013,High,18,Daily,13,High,Medium,Microservices,Microservices with Docker,REST API + gRPC
1428,Low,3,Monthly,1,Low,Low,Monolithic,Single Server Deployment,REST API
43957,Medium,21,Weekly,9,High,Medium,Microservices,Microservices with Docker,REST API + gRPC
23252,High,19,Weekly,12,Medium,Medium,Microservices,Microservices with Docker,REST API + gRPC
46586,High,26,Weekly,9,High,High,Microservices,Microservices with Docker,REST API + gRPC
1332,Low,4,Monthly,2,Medium,Low,Monolithic,Single Server Deployment,REST API
5278,Low,6,Weekly,7,High,Medium,Containerized App,Docker Container Deployment,REST API
1658,Low,4,Monthly,2,Medium,Low,Monolithic,Single Server Deployment,REST API
48604,High,27,Weekly,12,Medium,High,Microservices,Microservices with Docker,REST API + gRPC
107432,High,26,Daily,20,High,High,Kubernetes Deployment,Kubernetes Orchestration Deployment,REST API + gRPC/Event-Driven
5536,Medium,8,Weekly,6,Medium,Low,Containerized App,Docker Container Deployment,REST API
47244,Medium,21,Weekly,12,High,Medium,Microservices,Microservices with Docker,REST API + gRPC
4546,Low,5,Monthly,1,Low,Low,Monolithic,Single Server Deployment,REST API
23121,Medium,17,Weekly,14,Medium,Medium,Microservices,Microservices with Docker,REST API + gRPC
725,Low,2,Monthly,1,Low,Low,Monolithic,Single Server Deployment,REST API
256,Low,3,Monthly,1,Low,Low,Monolithic,Single Server Deployment,REST API
47499,High,27,Daily,15,High,Medium,Microservices,Microservices with Docker,REST API + gRPC
96016,High,27,Daily,16,High,High,Kubernetes Deployment,Kubernetes Orchestration Deployment,REST API + gRPC/Event-Driven
58081,High,26,Daily,18,High,High,Kubernetes Deployment,Kubernetes Orchestration Deployment,REST API + gRPC/Event-Driven
177885,High,27,Daily,19,High,High,Kubernetes Deployment,Kubernetes Orchestration Deployment,REST API + gRPC/Event-Driven
2486,Low,5,Monthly,1,Medium,Low,Monolithic,Single Server Deployment,REST API
5757,Low,14,Weekly,4,High,Low,Containerized App,Docker Container Deployment,REST API
182450,High,48,Daily,18,High,High,Kubernetes Deployment,Kubernetes Orchestration Deployment,REST API + gRPC/Event-Driven
2077,Low,4,Monthly,3,Medium,Low,Monolithic,Single Server Deployment,REST API
4736,Low,2,Monthly,2,Medium,Low,Monolithic,Single Server Deployment,REST API
14723,Medium,15,Monthly,7,High,Medium,Containerized App,Docker Container Deployment,REST API
43819,Medium,21,Weekly,9,Medium,High,Microservices,Microservices with Docker,REST API + gRPC
4251,Low,5,Monthly,1,Low,Low,Monolithic,Single Server Deployment,REST API
717,Low,3,Monthly,3,Medium,Low,Monolithic,Single Server Deployment,REST API
20311,Medium,22,Daily,12,Medium,High,Microservices,Microservices with Docker,REST API + gRPC
47943,High,30,Weekly,13,High,Medium,Microservices,Microservices with Docker,REST API + gRPC
48852,High,30,Daily,12,High,Medium,Microservices,Microservices with Docker,REST API + gRPC
4250,Low,4,Monthly,3,Medium,Low,Monolithic,Single Server Deployment,REST API
15373,Low,11,Weekly,7,High,Low,Containerized App,Docker Container Deployment,REST API
93338,High,46,Daily,20,High,High,Kubernetes Deployment,Kubernetes Orchestration Deployment,REST API + gRPC/Event-Driven
16305,Low,7,Monthly,6,Medium,Low,Containerized App,Docker Container Deployment,REST API
2188,Low,4,Monthly,1,Medium,Low,Monolithic,Single Server Deployment,REST API
40743,High,20,Daily,14,Medium,High,Microservices,Microservices with Docker,REST API + gRPC
3008,Low,3,Monthly,3,Low,Low,Monolithic,Single Server Deployment,REST API
3754,Low,2,Monthly,2,Medium,Low,Monolithic,Single Server Deployment,REST API
10836,Low,6,Weekly,7,High,Low,Containerized App,Docker Container Deployment,REST API
3220,Low,4,Monthly,2,Medium,Low,Monolithic,Single Server Deployment,REST API
6788,Low,8,Monthly,6,High,Low,Containerized App,Docker Container Deployment,REST API
24799,Medium,16,Weekly,14,High,Medium,Microservices,Microservices with Docker,REST API + gRPC
15380,Medium,14,Monthly,8,High,Medium,Containerized App,Docker Container Deployment,REST API
16752,Low,15,Weekly,5,Medium,Medium,Containerized App,Docker Container Deployment,REST API
5038,Medium,7,Monthly,3,High,Medium,Containerized App,Docker Container Deployment,REST API
3505,Low,5,Monthly,3,Medium,Low,Monolithic,Single Server Deployment,REST API
179401,High,40,Daily,21,High,High,Kubernetes Deployment,Kubernetes Orchestration Deployment,REST API + gRPC/Event-Driven
14063,Low,9,Monthly,5,High,Low,Containerized App,Docker Container Deployment,REST API
4427,Low,2,Monthly,2,Medium,Low,Monolithic,Single Server Deployment,REST API
16971,Low,15,Monthly,4,Medium,Low,Containerized App,Docker Container Deployment,REST API
33089,High,25,Weekly,10,Medium,High,Microservices,Microservices with Docker,REST API + gRPC
2137,Low,3,Monthly,2,Low,Low,Monolithic,Single Server Deployment,REST API
41699,Medium,27,Daily,10,High,High,Microservices,Microservices with Docker,REST API + gRPC
148199,High,27,Daily,16,High,High,Kubernetes Deployment,Kubernetes Orchestration Deployment,REST API + gRPC/Event-Driven
137463,High,49,Daily,25,High,High,Kubernetes Deployment,Kubernetes Orchestration Deployment,REST API + gRPC/Event-Driven
9624,Low,13,Weekly,3,High,Medium,Containerized App,Docker Container Deployment,REST API
8753,Medium,11,Monthly,4,Medium,Low,Containerized App,Docker Container Deployment,REST API
23048,High,24,Daily,14,Medium,High,Microservices,Microservices with Docker,REST API + gRPC
39620,Medium,27,Weekly,12,Medium,High,Microservices,Microservices with Docker,REST API + gRPC
23766,High,19,Weekly,12,Medium,Medium,Microservices,Microservices with Docker,REST API + gRPC
28151,High,30,Daily,10,Medium,Medium,Microservices,Microservices with Docker,REST API + gRPC
4907,Low,3,Monthly,1,Low,Low,Monolithic,Single Server Deployment,REST API
102705,High,41,Daily,25,High,High,Kubernetes Deployment,Kubernetes Orchestration Deployment,REST API + gRPC/Event-Driven
949,Low,4,Monthly,1,Low,Low,Monolithic,Single Server Deployment,REST API
93624,High,44,Daily,24,High,High,Kubernetes Deployment,Kubernetes Orchestration Deployment,REST API + gRPC/Event-Driven
183834,High,26,Daily,23,High,High,Kubernetes Deployment,Kubernetes Orchestration Deployment,REST API + gRPC/Event-Driven
92964,High,50,Daily,10,High,High,Kubernetes Deployment,Kubernetes Orchestration Deployment,REST API + gRPC/Event-Driven
127896,High,27,Daily,18,High,High,Kubernetes Deployment,Kubernetes Orchestration Deployment,REST API + gRPC/Event-Driven
3639,Low,4,Monthly,3,Medium,Low,Monolithic,Single Server Deployment,REST API
151353,High,39,Daily,25,High,High,Kubernetes Deployment,Kubernetes Orchestration Deployment,REST API + gRPC/Event-Driven
4217,Low,3,Monthly,3,Low,Low,Monolithic,Single Server Deployment,REST API
8984,Low,6,Monthly,4,High,Medium,Containerized App,Docker Container Deployment,REST API
17702,Low,7,Weekly,8,High,Medium,Containerized App,Docker Container Deployment,REST API
4736,Low,3,Monthly,1,Low,Low,Monolithic,Single Server Deployment,REST API
173213,High,22,Daily,13,High,High,Kubernetes Deployment,Kubernetes Orchestration Deployment,REST API + gRPC/Event-Driven
20877,High,26,Daily,11,High,Medium,Microservices,Microservices with Docker,REST API + gRPC
945,Low,4,Monthly,3,Medium,Low,Monolithic,Single Server Deployment,REST API
152327,High,42,Daily,13,High,High,Kubernetes Deployment,Kubernetes Orchestration Deployment,REST API + gRPC/Event-Driven
4028,Low,4,Monthly,2,Medium,Low,Monolithic,Single Server Deployment,REST API
13236,Medium,6,Monthly,7,High,Low,Containerized App,Docker Container Deployment,REST API
165563,High,21,Daily,13,High,High,Kubernetes Deployment,Kubernetes Orchestration Deployment,REST API + gRPC/Event-Driven
4830,Low,4,Monthly,3,Medium,Low,Monolithic,Single Server Deployment,REST API
4533,Low,2,Monthly,1,Medium,Low,Monolithic,Single Server Deployment,REST API
3165,Low,2,Monthly,1,Low,Low,Monolithic,Single Server Deployment,REST API
19477,Medium,8,Weekly,3,Medium,Low,Containerized App,Docker Container Deployment,REST API
16121,Medium,15,Monthly,3,Medium,Medium,Containerized App,Docker Container Deployment,REST API
124898,High,49,Daily,13,High,High,Kubernetes Deployment,Kubernetes Orchestration Deployment,REST API + gRPC/Event-Driven
4764,Low,5,Monthly,1,Medium,Low,Monolithic,Single Server Deployment,REST API
834,Low,4,Monthly,3,Low,Low,Monolithic,Single Server Deployment,REST API
521,Low,4,Monthly,3,Medium,Low,Monolithic,Single Server Deployment,REST API
101236,High,42,Daily,19,High,High,Kubernetes Deployment,Kubernetes Orchestration Deployment,REST API + gRPC/Event-Driven
22816,Medium,18,Daily,14,Medium,High,Microservices,Microservices with Docker,REST API + gRPC
446,Low,4,Monthly,3,Medium,Low,Monolithic,Single Server Deployment,REST API
68138,High,21,Daily,21,High,High,Kubernetes Deployment,Kubernetes Orchestration Deployment,REST API + gRPC/Event-Driven
3255,Low,3,Monthly,2,Low,Low,Monolithic,Single Server Deployment,REST API
9081,Low,12,Monthly,6,Medium,Medium,Containerized App,Docker Container Deployment,REST API
20408,High,20,Weekly,12,High,Medium,Microservices,Microservices with Docker,REST API + gRPC
15455,Medium,6,Weekly,3,High,Medium,Containerized App,Docker Container Deployment,REST API
3475,Low,4,Monthly,1,Low,Low,Monolithic,Single Server Deployment,REST API
1321,Low,2,Monthly,2,Low,Low,Monolithic,Single Server Deployment,REST API
10886,Low,7,Monthly,5,Medium,Low,Containerized App,Docker Container Deployment,REST API
7770,Medium,10,Weekly,4,High,Low,Containerized App,Docker Container Deployment,REST API
20590,Medium,22,Daily,12,High,High,Microservices,Microservices with Docker,REST API + gRPC
1338,Low,2,Monthly,3,Low,Low,Monolithic,Single Server Deployment,REST API
34859,Medium,25,Weekly,13,Medium,Medium,Microservices,Microservices with Docker,REST API + gRPC
16692,Medium,12,Monthly,6,Medium,Medium,Containerized App,Docker Container Deployment,REST API
2106,Low,3,Monthly,1,Low,Low,Monolithic,Single Server Deployment,REST API
30146,Medium,28,Daily,12,High,Medium,Microservices,Microservices with Docker,REST API + gRPC
3954,Low,2,Monthly,3,Low,Low,Monolithic,Single Server Deployment,REST API
65516,High,22,Daily,23,High,High,Kubernetes Deployment,Kubernetes Orchestration Deployment,REST API + gRPC/Event-Driven
15650,Low,11,Weekly,6,Medium,Low,Containerized App,Docker Container Deployment,REST API
26424,Medium,26,Weekly,12,Medium,High,Microservices,Microservices with Docker,REST API + gRPC
116468,High,31,Daily,19,High,High,Kubernetes Deployment,Kubernetes Orchestration Deployment,REST API + gRPC/Event-Driven
1295,Low,2,Monthly,2,Medium,Low,Monolithic,Single Server Deployment,REST API
111615,High,46,Daily,11,High,High,Kubernetes Deployment,Kubernetes Orchestration Deployment,REST API + gRPC/Event-Driven
193584,High,40,Daily,19,High,High,Kubernetes Deployment,Kubernetes Orchestration Deployment,REST API + gRPC/Event-Driven
19151,Low,6,Monthly,8,High,Low,Containerized App,Docker Container Deployment,REST API
7224,Medium,14,Monthly,5,High,Low,Containerized App,Docker Container Deployment,REST API
509,Low,4,Monthly,1,Medium,Low,Monolithic,Single Server Deployment,REST API
75138,High,45,Daily,24,High,High,Kubernetes Deployment,Kubernetes Orchestration Deployment,REST API + gRPC/Event-Driven
185260,High,20,Daily,25,High,High,Kubernetes Deployment,Kubernetes Orchestration Deployment,REST API + gRPC/Event-Driven
2830,Low,4,Monthly,3,Low,Low,Monolithic,Single Server Deployment,REST API
3910,Low,4,Monthly,2,Medium,Low,Monolithic,Single Server Deployment,REST API
187032,High,45,Daily,25,High,High,Kubernetes Deployment,Kubernetes Orchestration Deployment,REST API + gRPC/Event-Driven
6098,Medium,8,Weekly,8,Medium,Low,Containerized App,Docker Container Deployment,REST API
159920,High,34,Daily,11,High,High,Kubernetes Deployment,Kubernetes Orchestration Deployment,REST API + gRPC/Event-Driven
15257,Low,6,Weekly,6,Medium,Medium,Containerized App,Docker Container Deployment,REST API
96472,High,21,Daily,22,High,High,Kubernetes Deployment,Kubernetes Orchestration Deployment,REST API + gRPC/Event-Driven
44040,High,29,Daily,14,Medium,High,Microservices,Microservices with Docker,REST API + gRPC
1681,Low,2,Monthly,3,Low,Low,Monolithic,Single Server Deployment,REST API
809,Low,4,Monthly,2,Low,Low,Monolithic,Single Server Deployment,REST API
37421,High,16,Weekly,10,Medium,High,Microservices,Microservices with Docker,REST API + gRPC
18430,Low,13,Weekly,8,Medium,Low,Containerized App,Docker Container Deployment,REST API
74866,High,47,Daily,16,High,High,Kubernetes Deployment,Kubernetes Orchestration Deployment,REST API + gRPC/Event-Driven
53629,High,40,Daily,25,High,High,Kubernetes Deployment,Kubernetes Orchestration Deployment,REST API + gRPC/Event-Driven
20699,Medium,20,Daily,11,High,High,Microservices,Microservices with Docker,REST API + gRPC
9188,Low,8,Weekly,6,Medium,Low,Containerized App,Docker Container Deployment,REST API
214,Low,4,Monthly,3,Low,Low,Monolithic,Single Server Deployment,REST API
13379,Low,11,Monthly,6,High,Medium,Containerized App,Docker Container Deployment,REST API
21985,High,24,Weekly,15,Medium,High,Microservices,Microservices with Docker,REST API + gRPC
170561,High,23,Daily,19,High,High,Kubernetes Deployment,Kubernetes Orchestration Deployment,REST API + gRPC/Event-Driven
15062,Medium,14,Weekly,7,High,Medium,Containerized App,Docker Container Deployment,REST API
32219,High,24,Weekly,15,High,High,Microservices,Microservices with Docker,REST API + gRPC
2846,Low,3,Monthly,1,Low,Low,Monolithic,Single Server Deployment,REST API
2827,Low,4,Monthly,1,Low,Low,Monolithic,Single Server Deployment,REST API
181203,High,31,Daily,15,High,High,Kubernetes Deployment,Kubernetes Orchestration Deployment,REST API + gRPC/Event-Driven
141292,High,49,Daily,19,High,High,Kubernetes Deployment,Kubernetes Orchestration Deployment,REST API + gRPC/Event-Driven
69944,High,37,Daily,17,High,High,Kubernetes Deployment,Kubernetes Orchestration Deployment,REST API + gRPC/Event-Driven
128685,High,46,Daily,21,High,High,Kubernetes Deployment,Kubernetes Orchestration Deployment,REST API + gRPC/Event-Driven
90557,High,30,Daily,12,High,High,Kubernetes Deployment,Kubernetes Orchestration Deployment,REST API + gRPC/Event-Driven
80813,High,20,Daily,17,High,High,Kubernetes Deployment,Kubernetes Orchestration Deployment,REST API + gRPC/Event-Driven
2438,Low,2,Monthly,1,Low,Low,Monolithic,Single Server Deployment,REST API
4126,Low,5,Monthly,1,Medium,Low,Monolithic,Single Server Deployment,REST API
2427,Low,3,Monthly,1,Medium,Low,Monolithic,Single Server Deployment,REST API
28145,Medium,21,Weekly,15,Medium,High,Microservices,Microservices with Docker,REST API + gRPC
17225,Low,7,Monthly,7,Medium,Low,Containerized App,Docker Container Deployment,REST API
8200,Low,9,Weekly,4,Medium,Low,Containerized App,Docker Container Deployment,REST API
6006,Medium,6,Weekly,3,High,Medium,Containerized App,Docker Container Deployment,REST API
5024,Medium,9,Monthly,3,High,Medium,Containerized App,Docker Container Deployment,REST API
2335,Low,3,Monthly,1,Medium,Low,Monolithic,Single Server Deployment,REST API
9612,Low,7,Monthly,3,High,Medium,Containerized App,Docker Container Deployment,REST API
29792,High,30,Weekly,12,Medium,High,Microservices,Microservices with Docker,REST API + gRPC
11532,Low,12,Weekly,7,Medium,Medium,Containerized App,Docker Container Deployment,REST API
31009,Medium,28,Daily,11,Medium,Medium,Microservices,Microservices with Docker,REST API + gRPC
4111,Low,4,Monthly,1,Low,Low,Monolithic,Single Server Deployment,REST API
144407,High,27,Daily,10,High,High,Kubernetes Deployment,Kubernetes Orchestration Deployment,REST API + gRPC/Event-Driven
41645,Medium,21,Daily,13,High,Medium,Microservices,Microservices with Docker,REST API + gRPC
10209,Low,12,Weekly,6,Medium,Low,Containerized App,Docker Container Deployment,REST API
47388,High,16,Daily,9,Medium,High,Microservices,Microservices with Docker,REST API + gRPC
1889,Low,5,Monthly,3,Low,Low,Monolithic,Single Server Deployment,REST API
2663,Low,5,Monthly,1,Low,Low,Monolithic,Single Server Deployment,REST API
4011,Low,3,Monthly,2,Medium,Low,Monolithic,Single Server Deployment,REST API
12548,Medium,9,Monthly,5,High,Low,Containerized App,Docker Container Deployment,REST API
6744,Low,14,Weekly,4,High,Medium,Containerized App,Docker Container Deployment,REST API
36379,High,17,Daily,15,Medium,Medium,Microservices,Microservices with Docker,REST API + gRPC
139266,High,46,Daily,18,High,High,Kubernetes Deployment,Kubernetes Orchestration Deployment,REST API + gRPC/Event-Driven
24375,Medium,21,Daily,12,High,High,Microservices,Microservices with Docker,REST API + gRPC
3958,Low,5,Monthly,1,Medium,Low,Monolithic,Single Server Deployment,REST API
16158,Medium,11,Weekly,3,High,Medium,Containerized App,Docker Container Deployment,REST API
135631,High,47,Daily,12,High,High,Kubernetes Deployment,Kubernetes Orchestration Deployment,REST API + gRPC/Event-Driven
900,Low,3,Monthly,1,Low,Low,Monolithic,Single Server Deployment,REST API
3351,Low,3,Monthly,1,Low,Low,Monolithic,Single Server Deployment,REST API
713,Low,2,Monthly,2,Low,Low,Monolithic,Single Server Deployment,REST API
2039,Low,4,Monthly,2,Medium,Low,Monolithic,Single Server Deployment,REST API
137641,High,49,Daily,20,High,High,Kubernetes Deployment,Kubernetes Orchestration Deployment,REST API + gRPC/Event-Driven
698,Low,2,Monthly,3,Low,Low,Monolithic,Single Server Deployment,REST API
1114,Low,2,Monthly,3,Low,Low,Monolithic,Single Server Deployment,REST API
6532,Medium,9,Monthly,3,High,Low,Containerized App,Docker Container Deployment,REST API
11364,Medium,6,Monthly,7,High,Low,Containerized App,Docker Container Deployment,REST API
2615,Low,5,Monthly,2,Medium,Low,Monolithic,Single Server Deployment,REST API
15290,Medium,14,Monthly,8,High,Low,Containerized App,Docker Container Deployment,REST API
21510,Medium,20,Daily,11,Medium,Medium,Microservices,Microservices with Docker,REST API + gRPC
43807,Medium,16,Daily,9,Medium,High,Microservices,Microservices with Docker,REST API + gRPC
27522,High,21,Daily,13,High,Medium,Microservices,Microservices with Docker,REST API + gRPC
179528,High,41,Daily,10,High,High,Kubernetes Deployment,Kubernetes Orchestration Deployment,REST API + gRPC/Event-Driven
47003,Medium,23,Weekly,13,High,High,Microservices,Microservices with Docker,REST API + gRPC
48945,Medium,22,Weekly,10,Medium,High,Microservices,Microservices with Docker,REST API + gRPC
112814,High,27,Daily,24,High,High,Kubernetes Deployment,Kubernetes Orchestration Deployment,REST API + gRPC/Event-Driven
26363,Medium,19,Daily,10,Medium,Medium,Microservices,Microservices with Docker,REST API + gRPC
3469,Low,5,Monthly,1,Low,Low,Monolithic,Single Server Deployment,REST API
97187,High,41,Daily,24,High,High,Kubernetes Deployment,Kubernetes Orchestration Deployment,REST API + gRPC/Event-Driven
17941,Medium,14,Monthly,5,Medium,Medium,Containerized App,Docker Container Deployment,REST API
101895,High,34,Daily,14,High,High,Kubernetes Deployment,Kubernetes Orchestration Deployment,REST API + gRPC/Event-Driven
10017,Medium,14,Weekly,6,High,Medium,Containerized App,Docker Container Deployment,REST API
44855,High,17,Weekly,11,Medium,Medium,Microservices,Microservices with Docker,REST API + gRPC
143188,High,43,Daily,10,High,High,Kubernetes Deployment,Kubernetes Orchestration Deployment,REST API + gRPC/Event-Driven
13044,Medium,13,Weekly,3,High,Medium,Containerized App,Docker Container Deployment,REST API
19674,Medium,6,Weekly,4,High,Low,Containerized App,Docker Container Deployment,REST API
33243,High,25,Daily,9,Medium,High,Microservices,Microservices with Docker,REST API + gRPC
43846,Medium,17,Daily,9,Medium,High,Microservices,Microservices with Docker,REST API + gRPC
14449,Low,13,Monthly,3,High,Low,Containerized App,Docker Container Deployment,REST API
128638,High,21,Daily,22,High,High,Kubernetes Deployment,Kubernetes Orchestration Deployment,REST API + gRPC/Event-Driven
4205,Low,2,Monthly,2,Medium,Low,Monolithic,Single Server Deployment,REST API
101182,High,40,Daily,12,High,High,Kubernetes Deployment,Kubernetes Orchestration Deployment,REST API + gRPC/Event-Driven
6718,Low,11,Monthly,6,High,Low,Containerized App,Docker Container Deployment,REST API
4622,Low,4,Monthly,2,Medium,Low,Monolithic,Single Server Deployment,REST API
87132,High,50,Daily,16,High,High,Kubernetes Deployment,Kubernetes Orchestration Deployment,REST API + gRPC/Event-Driven
151629,High,23,Daily,20,High,High,Kubernetes Deployment,Kubernetes Orchestration Deployment,REST API + gRPC/Event-Driven
4450,Low,3,Monthly,3,Low,Low,Monolithic,Single Server Deployment,REST API
106847,High,41,Daily,12,High,High,Kubernetes Deployment,Kubernetes Orchestration Deployment,REST API + gRPC/Event-Driven
41568,Medium,22,Weekly,12,High,Medium,Microservices,Microservices with Docker,REST API + gRPC
2320,Low,3,Monthly,3,Medium,Low,Monolithic,Single Server Deployment,REST API
12776,Medium,13,Weekly,7,Medium,Low,Containerized App,Docker Container Deployment,REST API
5875,Medium,11,Weekly,4,Medium,Medium,Containerized App,Docker Container Deployment,REST API
38237,Medium,25,Daily,13,Medium,Medium,Microservices,Microservices with Docker,REST API + gRPC
9922,Low,6,Weekly,7,High,Medium,Containerized App,Docker Container Deployment,REST API
14114,Medium,14,Weekly,4,Medium,Medium,Containerized App,Docker Container Deployment,REST API
15735,Low,9,Monthly,7,Medium,Medium,Containerized App,Docker Container Deployment,REST API
59693,High,32,Daily,20,High,High,Kubernetes Deployment,Kubernetes Orchestration Deployment,REST API + gRPC/Event-Driven
3902,Low,5,Monthly,3,Low,Low,Monolithic,Single Server Deployment,REST API
844,Low,2,Monthly,1,Low,Low,Monolithic,Single Server Deployment,REST API
69147,High,46,Daily,20,High,High,Kubernetes Deployment,Kubernetes Orchestration Deployment,REST API + gRPC/Event-Driven
5309,Medium,12,Weekly,3,Medium,Low,Containerized App,Docker Container Deployment,REST API
14555,Low,13,Monthly,6,Medium,Low,Containerized App,Docker Container Deployment,REST API
22910,High,27,Weekly,12,Medium,Medium,Microservices,Microservices with Docker,REST API + gRPC
30020,Medium,26,Daily,13,Medium,High,Microservices,Microservices with Docker,REST API + gRPC
1224,Low,2,Monthly,1,Medium,Low,Monolithic,Single Server Deployment,REST API
6617,Low,13,Monthly,4,High,Low,Containerized App,Docker Container Deployment,REST API
28647,Medium,27,Daily,14,Medium,High,Microservices,Microservices with Docker,REST API + gRPC
4108,Low,5,Monthly,2,Low,Low,Monolithic,Single Server Deployment,REST API
4934,Low,2,Monthly,3,Low,Low,Monolithic,Single Server Deployment,REST API
77578,High,40,Daily,12,High,High,Kubernetes Deployment,Kubernetes Orchestration Deployment,REST API + gRPC/Event-Driven
12019,Medium,8,Monthly,7,High,Medium,Containerized App,Docker Container Deployment,REST API
111155,High,34,Daily,24,High,High,Kubernetes Deployment,Kubernetes Orchestration Deployment,REST API + gRPC/Event-Driven
164751,High,40,Daily,17,High,High,Kubernetes Deployment,Kubernetes Orchestration Deployment,REST API + gRPC/Event-Driven
558,Low,3,Monthly,1,Medium,Low,Monolithic,Single Server Deployment,REST API
16298,Low,8,Monthly,8,High,Medium,Containerized App,Docker Container Deployment,REST API
812,Low,5,Monthly,3,Medium,Low,Monolithic,Single Server Deployment,REST API
3860,Low,4,Monthly,1,Medium,Low,Monolithic,Single Server Deployment,REST API
3190,Low,2,Monthly,2,Medium,Low,Monolithic,Single Server Deployment,REST API
166150,High,28,Daily,24,High,High,Kubernetes Deployment,Kubernetes Orchestration Deployment,REST API + gRPC/Event-Driven
4984,Low,3,Monthly,2,Low,Low,Monolithic,Single Server Deployment,REST API
29106,Medium,16,Daily,10,Medium,Medium,Microservices,Microservices with Docker,REST API + gRPC
197762,High,24,Daily,22,High,High,Kubernetes Deployment,Kubernetes Orchestration Deployment,REST API + gRPC/Event-Driven
144638,High,45,Daily,16,High,High,Kubernetes Deployment,Kubernetes Orchestration Deployment,REST API + gRPC/Event-Driven
4699,Low,4,Monthly,3,Low,Low,Monolithic,Single Server Deployment,REST API
26883,High,26,Weekly,14,Medium,High,Microservices,Microservices with Docker,REST API + gRPC
8222,Medium,10,Weekly,8,High,Low,Containerized App,Docker Container Deployment,REST API
258,Low,3,Monthly,1,Low,Low,Monolithic,Single Server Deployment,REST API
18011,Low,13,Weekly,6,High,Medium,Containerized App,Docker Container Deployment,REST API
2354,Low,2,Monthly,3,Low,Low,Monolithic,Single Server Deployment,REST API
2625,Low,4,Monthly,3,Low,Low,Monolithic,Single Server Deployment,REST API
12516,Low,12,Weekly,5,Medium,Low,Containerized App,Docker Container Deployment,REST API
26426,Medium,29,Daily,15,High,Medium,Microservices,Microservices with Docker,REST API + gRPC
1124,Low,5,Monthly,3,Low,Low,Monolithic,Single Server Deployment,REST API
100073,High,22,Daily,23,High,High,Kubernetes Deployment,Kubernetes Orchestration Deployment,REST API + gRPC/Event-Driven
33579,Medium,30,Weekly,12,Medium,High,Microservices,Microservices with Docker,REST API + gRPC
19304,Low,10,Weekly,3,High,Medium,Containerized App,Docker Container Deployment,REST API
9404,Medium,15,Monthly,3,High,Medium,Containerized App,Docker Container Deployment,REST API
34554,Medium,17,Weekly,12,Medium,High,Microservices,Microservices with Docker,REST API + gRPC
2491,Low,4,Monthly,3,Low,Low,Monolithic,Single Server Deployment,REST API
25072,High,28,Weekly,12,Medium,High,Microservices,Microservices with Docker,REST API + gRPC
24573,High,27,Daily,10,High,Medium,Microservices,Microservices with Docker,REST API + gRPC
86446,High,50,Daily,13,High,High,Kubernetes Deployment,Kubernetes Orchestration Deployment,REST API + gRPC/Event-Driven
178377,High,34,Daily,15,High,High,Kubernetes Deployment,Kubernetes Orchestration Deployment,REST API + gRPC/Event-Driven
9761,Medium,9,Weekly,3,Medium,Low,Containerized App,Docker Container Deployment,REST API
29605,High,30,Daily,9,High,Medium,Microservices,Microservices with Docker,REST API + gRPC
81913,High,41,Daily,15,High,High,Kubernetes Deployment,Kubernetes Orchestration Deployment,REST API + gRPC/Event-Driven
445,Low,4,Monthly,3,Medium,Low,Monolithic,Single Server Deployment,REST API
58893,High,29,Daily,23,High,High,Kubernetes Deployment,Kubernetes Orchestration Deployment,REST API + gRPC/Event-Driven
93294,High,49,Daily,24,High,High,Kubernetes Deployment,Kubernetes Orchestration Deployment,REST API + gRPC/Event-Driven
28514,Medium,27,Daily,10,Medium,Medium,Microservices,Microservices with Docker,REST API + gRPC
4330,Low,3,Monthly,2,Medium,Low,Monolithic,Single Server Deployment,REST API
1164,Low,4,Monthly,1,Low,Low,Monolithic,Single Server Deployment,REST API
592,Low,4,Monthly,2,Low,Low,Monolithic,Single Server Deployment,REST API
6879,Low,14,Monthly,5,Medium,Low,Containerized App,Docker Container Deployment,REST API
3046,Low,5,Monthly,2,Low,Low,Monolithic,Single Server Deployment,REST API
17559,Low,14,Weekly,7,High,Low,Containerized App,Docker Container Deployment,REST API
10396,Medium,10,Monthly,4,High,Low,Containerized App,Docker Container Deployment,REST API
13373,Low,14,Monthly,4,Medium,Low,Containerized App,Docker Container Deployment,REST API
7184,Medium,10,Monthly,3,High,Low,Containerized App,Docker Container Deployment,REST API
144576,High,34,Daily,10,High,High,Kubernetes Deployment,Kubernetes Orchestration Deployment,REST API + gRPC/Event-Driven
18554,Low,9,Monthly,4,Medium,Medium,Containerized App,Docker Container Deployment,REST API
16899,Medium,15,Weekly,8,Medium,Medium,Containerized App,Docker Container Deployment,REST API
8684,Medium,9,Monthly,4,High,Low,Containerized App,Docker Container Deployment,REST API
49983,Medium,29,Daily,14,High,High,Microservices,Microservices with Docker,REST API + gRPC
45307,Medium,23,Daily,12,Medium,High,Microservices,Microservices with Docker,REST API + gRPC
107730,High,25,Daily,19,High,High,Kubernetes Deployment,Kubernetes Orchestration Deployment,REST API + gRPC/Event-Driven
180993,High,32,Daily,22,High,High,Kubernetes Deployment,Kubernetes Orchestration Deployment,REST API + gRPC/Event-Driven
4517,Low,3,Monthly,3,Medium,Low,Monolithic,Single Server Deployment,REST API
39899,High,24,Weekly,10,High,High,Microservices,Microservices with Docker,REST API + gRPC
7859,Low,11,Weekly,6,Medium,Medium,Containerized App,Docker Container Deployment,REST API
7695,Low,9,Monthly,4,High,Medium,Containerized App,Docker Container Deployment,REST API
27603,High,26,Weekly,15,Medium,Medium,Microservices,Microservices with Docker,REST API + gRPC
199322,High,29,Daily,10,High,High,Kubernetes Deployment,Kubernetes Orchestration Deployment,REST API + gRPC/Event-Driven
40364,High,24,Daily,12,Medium,Medium,Microservices,Microservices with Docker,REST API + gRPC
1921,Low,3,Monthly,3,Low,Low,Monolithic,Single Server Deployment,REST API
10652,Low,9,Weekly,5,High,Medium,Containerized App,Docker Container Deployment,REST API
138421,High,24,Daily,12,High,High,Kubernetes Deployment,Kubernetes Orchestration Deployment,REST API + gRPC/Event-Driven
4309,Low,3,Monthly,3,Low,Low,Monolithic,Single Server Deployment,REST API
9013,Medium,8,Monthly,5,High,Medium,Containerized App,Docker Container Deployment,REST API
17001,Low,9,Monthly,4,Medium,Medium,Containerized App,Docker Container Deployment,REST API
18368,Medium,15,Monthly,7,High,Medium,Containerized App,Docker Container Deployment,REST API
48630,High,29,Daily,15,Medium,Medium,Microservices,Microservices with Docker,REST API + gRPC
1755,Low,2,Monthly,2,Low,Low,Monolithic,Single Server Deployment,REST API
85501,High,45,Daily,13,High,High,Kubernetes Deployment,Kubernetes Orchestration Deployment,REST API + gRPC/Event-Driven
116374,High,25,Daily,11,High,High,Kubernetes Deployment,Kubernetes Orchestration Deployment,REST API + gRPC/Event-Driven
114423,High,25,Daily,12,High,High,Kubernetes Deployment,Kubernetes Orchestration Deployment,REST API + gRPC/Event-Driven
13231,Medium,13,Weekly,7,Medium,Medium,Containerized App,Docker Container Deployment,REST API
26775,Medium,20,Weekly,15,High,High,Microservices,Microservices with Docker,REST API + gRPC
102630,High,24,Daily,25,High,High,Kubernetes Deployment,Kubernetes Orchestration Deployment,REST API + gRPC/Event-Driven
1529,Low,2,Monthly,3,Low,Low,Monolithic,Single Server Deployment,REST API
150696,High,29,Daily,19,High,High,Kubernetes Deployment,Kubernetes Orchestration Deployment,REST API + gRPC/Event-Driven
187777,High,35,Daily,16,High,High,Kubernetes Deployment,Kubernetes Orchestration Deployment,REST API + gRPC/Event-Driven
12950,Low,6,Monthly,5,Medium,Low,Containerized App,Docker Container Deployment,REST API
15565,Low,7,Weekly,3,High,Medium,Containerized App,Docker Container Deployment,REST API
2980,Low,2,Monthly,3,Low,Low,Monolithic,Single Server Deployment,REST API
160338,High,42,Daily,15,High,High,Kubernetes Deployment,Kubernetes Orchestration Deployment,REST API + gRPC/Event-Driven
6893,Medium,12,Weekly,5,High,Low,Containerized App,Docker Container Deployment,REST API
27520,High,18,Daily,15,Medium,High,Microservices,Microservices with Docker,REST API + gRPC
161408,High,33,Daily,21,High,High,Kubernetes Deployment,Kubernetes Orchestration Deployment,REST API + gRPC/Event-Driven
113259,High,28,Daily,23,High,High,Kubernetes Deployment,Kubernetes Orchestration Deployment,REST API + gRPC/Event-Driven
29555,Medium,17,Daily,11,Medium,Medium,Microservices,Microservices with Docker,REST API + gRPC
1215,Low,2,Monthly,1,Low,Low,Monolithic,Single Server Deployment,REST API
14811,Medium,14,Monthly,7,Medium,Low,Containerized App,Docker Container Deployment,REST API
1643,Low,2,Monthly,2,Medium,Low,Monolithic,Single Server Deployment,REST API
15582,Medium,14,Weekly,6,High,Low,Containerized App,Docker Container Deployment,REST API
2544,Low,3,Monthly,1,Medium,Low,Monolithic,Single Server Deployment,REST API
20882,Medium,19,Weekly,15,High,Medium,Microservices,Microservices with Docker,REST API + gRPC
2304,Low,5,Monthly,3,Low,Low,Monolithic,Single Server Deployment,REST API
46953,High,26,Weekly,10,Medium,Medium,Microservices,Microservices with Docker,REST API + gRPC
42990,Medium,18,Daily,11,High,Medium,Microservices,Microservices with Docker,REST API + gRPC
14312,Low,9,Weekly,4,Medium,Low,Containerized App,Docker Container Deployment,REST API
35093,Medium,20,Weekly,14,Medium,High,Microservices,Microservices with Docker,REST API + gRPC
49741,High,21,Weekly,10,Medium,High,Microservices,Microservices with Docker,REST API + gRPC
3841,Low,4,Monthly,2,Medium,Low,Monolithic,Single Server Deployment,REST API
3554,Low,3,Monthly,1,Low,Low,Monolithic,Single Server Deployment,REST API
75217,High,41,Daily,15,High,High,Kubernetes Deployment,Kubernetes Orchestration Deployment,REST API + gRPC/Event-Driven
2006,Low,4,Monthly,1,Low,Low,Monolithic,Single Server Deployment,REST API
1092,Low,4,Monthly,2,Medium,Low,Monolithic,Single Server Deployment,REST API
25072,High,29,Weekly,15,High,Medium,Microservices,Microservices with Docker,REST API + gRPC
46584,High,25,Daily,9,Medium,High,Microservices,Microservices with Docker,REST API + gRPC
128816,High,26,Daily,12,High,High,Kubernetes Deployment,Kubernetes Orchestration Deployment,REST API + gRPC/Event-Driven
31058,Medium,19,Weekly,12,High,High,Microservices,Microservices with Docker,REST API + gRPC
1947,Low,3,Monthly,2,Medium,Low,Monolithic,Single Server Deployment,REST API
68672,High,38,Daily,20,High,High,Kubernetes Deployment,Kubernetes Orchestration Deployment,REST API + gRPC/Event-Driven
141750,High,38,Daily,10,High,High,Kubernetes Deployment,Kubernetes Orchestration Deployment,REST API + gRPC/Event-Driven
1170,Low,5,Monthly,2,Low,Low,Monolithic,Single Server Deployment,REST API
6045,Medium,15,Weekly,7,High,Medium,Containerized App,Docker Container Deployment,REST API
46664,High,20,Daily,15,High,High,Microservices,Microservices with Docker,REST API + gRPC
2725,Low,4,Monthly,2,Medium,Low,Monolithic,Single Server Deployment,REST API
3056,Low,5,Monthly,2,Low,Low,Monolithic,Single Server Deployment,REST API
15771,Low,14,Monthly,4,High,Low,Containerized App,Docker Container Deployment,REST API
447,Low,3,Monthly,3,Medium,Low,Monolithic,Single Server Deployment,REST API
3772,Low,5,Monthly,1,Low,Low,Monolithic,Single Server Deployment,REST API
39411,High,27,Weekly,13,High,Medium,Microservices,Microservices with Docker,REST API + gRPC
130168,High,39,Daily,16,High,High,Kubernetes Deployment,Kubernetes Orchestration Deployment,REST API + gRPC/Event-Driven
7428,Low,8,Monthly,7,High,Medium,Containerized App,Docker Container Deployment,REST API
19624,Medium,7,Weekly,6,High,Medium,Containerized App,Docker Container Deployment,REST API
2356,Low,5,Monthly,1,Medium,Low,Monolithic,Single Server Deployment,REST API
41560,Medium,24,Weekly,11,Medium,High,Microservices,Microservices with Docker,REST API + gRPC
35017,Medium,16,Weekly,14,Medium,Medium,Microservices,Microservices with Docker,REST API + gRPC
47369,Medium,25,Weekly,12,Medium,High,Microservices,Microservices with Docker,REST API + gRPC
4567,Low,2,Monthly,3,Medium,Low,Monolithic,Single Server Deployment,REST API
9142,Low,14,Monthly,6,Medium,Low,Containerized App,Docker Container Deployment,REST API
2850,Low,5,Monthly,1,Medium,Low,Monolithic,Single Server Deployment,REST API
16219,Medium,15,Monthly,7,Medium,Medium,Containerized App,Docker Container Deployment,REST API
6969,Medium,6,Weekly,3,High,Low,Containerized App,Docker Container Deployment,REST API
1506,Low,5,Monthly,2,Medium,Low,Monolithic,Single Server Deployment,REST API
2364,Low,2,Monthly,1,Low,Low,Monolithic,Single Server Deployment,REST API
37981,High,22,Weekly,14,High,Medium,Microservices,Microservices with Docker,REST API + gRPC
147,Low,5,Monthly,1,Low,Low,Monolithic,Single Server Deployment,REST API
49401,High,26,Daily,13,Medium,High,Microservices,Microservices with Docker,REST API + gRPC
105517,High,32,Daily,15,High,High,Kubernetes Deployment,Kubernetes Orchestration Deployment,REST API + gRPC/Event-Driven
26929,High,24,Daily,10,High,Medium,Microservices,Microservices with Docker,REST API + gRPC
8494,Medium,14,Weekly,5,High,Low,Containerized App,Docker Container Deployment,REST API
3839,Low,2,Monthly,2,Low,Low,Monolithic,Single Server Deployment,REST API
3631,Low,4,Monthly,2,Medium,Low,Monolithic,Single Server Deployment,REST API
3084,Low,5,Monthly,1,Low,Low,Monolithic,Single Server Deployment,REST API
9440,Medium,6,Monthly,3,High,Medium,Containerized App,Docker Container Deployment,REST API
100705,High,49,Daily,22,High,High,Kubernetes Deployment,Kubernetes Orchestration Deployment,REST API + gRPC/Event-Driven
11055,Low,10,Weekly,8,High,Low,Containerized App,Docker Container Deployment,REST API
6550,Low,13,Monthly,3,High,Low,Containerized App,Docker Container Deployment,REST API
3968,Low,3,Monthly,3,Low,Low,Monolithic,Single Server Deployment,REST API
63493,High,34,Daily,21,High,High,Kubernetes Deployment,Kubernetes Orchestration Deployment,REST API + gRPC/Event-Driven
579,Low,5,Monthly,3,Medium,Low,Monolithic,Single Server Deployment,REST API
40019,Medium,21,Daily,9,High,Medium,Microservices,Microservices with Docker,REST API + gRPC
9894,Low,8,Weekly,8,High,Medium,Containerized App,Docker Container Deployment,REST API
3824,Low,2,Monthly,2,Medium,Low,Monolithic,Single Server Deployment,REST API
12183,Medium,9,Monthly,8,High,Low,Containerized App,Docker Container Deployment,REST API
4974,Low,4,Monthly,2,Low,Low,Monolithic,Single Server Deployment,REST API
28906,High,23,Weekly,15,Medium,High,Microservices,Microservices with Docker,REST API + gRPC
33520,Medium,26,Daily,10,Medium,Medium,Microservices,Microservices with Docker,REST API + gRPC
37392,High,27,Daily,10,Medium,Medium,Microservices,Microservices with Docker,REST API + gRPC
41525,High,20,Weekly,15,High,High,Microservices,Microservices with Docker,REST API + gRPC
535,Low,3,Monthly,1,Low,Low,Monolithic,Single Server Deployment,REST API
23121,High,24,Daily,14,High,High,Microservices,Microservices with Docker,REST API + gRPC
2266,Low,2,Monthly,3,Medium,Low,Monolithic,Single Server Deployment,REST API
15272,Medium,15,Monthly,3,High,Low,Containerized App,Docker Container Deployment,REST API
43799,High,22,Weekly,11,Medium,Medium,Microservices,Microservices with Docker,REST API + gRPC
3954,Low,3,Monthly,1,Low,Low,Monolithic,Single Server Deployment,REST API
1094,Low,2,Monthly,1,Low,Low,Monolithic,Single Server Deployment,REST API
148019,High,27,Daily,17,High,High,Kubernetes Deployment,Kubernetes Orchestration Deployment,REST API + gRPC/Event-Driven
121558,High,48,Daily,14,High,High,Kubernetes Deployment,Kubernetes Orchestration Deployment,REST API + gRPC/Event-Driven
20772,Medium,17,Weekly,13,Medium,Medium,Microservices,Microservices with Docker,REST API + gRPC
6254,Low,14,Weekly,6,High,Low,Containerized App,Docker Container Deployment,REST API
52817,High,26,Daily,14,High,High,Kubernetes Deployment,Kubernetes Orchestration Deployment,REST API + gRPC/Event-Driven
58564,High,38,Daily,20,High,High,Kubernetes Deployment,Kubernetes Orchestration Deployment,REST API + gRPC/Event-Driven
9995,Low,13,Weekly,3,High,Low,Containerized App,Docker Container Deployment,REST API
1783,Low,2,Monthly,2,Medium,Low,Monolithic,Single Server Deployment,REST API
41991,High,28,Daily,12,High,High,Microservices,Microservices with Docker,REST API + gRPC
5874,Medium,10,Monthly,5,Medium,Medium,Containerized App,Docker Container Deployment,REST API
122535,High,45,Daily,10,High,High,Kubernetes Deployment,Kubernetes Orchestration Deployment,REST API + gRPC/Event-Driven
2127,Low,4,Monthly,1,Medium,Low,Monolithic,Single Server Deployment,REST API
2033,Low,4,Monthly,2,Medium,Low,Monolithic,Single Server Deployment,REST API
40424,High,16,Weekly,15,High,High,Microservices,Microservices with Docker,REST API + gRPC
59458,High,42,Daily,14,High,High,Kubernetes Deployment,Kubernetes Orchestration Deployment,REST API + gRPC/Event-Driven
2231,Low,5,Monthly,2,Low,Low,Monolithic,Single Server Deployment,REST API
6475,Medium,9,Monthly,6,High,Low,Containerized App,Docker Container Deployment,REST API
137865,High,43,Daily,10,High,High,Kubernetes Deployment,Kubernetes Orchestration Deployment,REST API + gRPC/Event-Driven
4809,Low,2,Monthly,2,Low,Low,Monolithic,Single Server Deployment,REST API
19704,Low,7,Weekly,3,High,Low,Containerized App,Docker Container Deployment,REST API
19166,Low,13,Weekly,6,High,Low,Containerized App,Docker Container Deployment,REST API
6037,Medium,10,Weekly,3,High,Medium,Containerized App,Docker Container Deployment,REST API
15734,Low,11,Weekly,8,Medium,Medium,Containerized App,Docker Container Deployment,REST API
28019,Medium,18,Daily,9,High,High,Microservices,Microservices with Docker,REST API + gRPC
34859,High,18,Daily,13,Medium,High,Microservices,Microservices with Docker,REST API + gRPC
75083,High,50,Daily,13,High,High,Kubernetes Deployment,Kubernetes Orchestration Deployment,REST API + gRPC/Event-Driven
84204,High,41,Daily,12,High,High,Kubernetes Deployment,Kubernetes Orchestration Deployment,REST API + gRPC/Event-Driven
25160,High,17,Daily,11,High,Medium,Microservices,Microservices with Docker,REST API + gRPC
6545,Low,14,Weekly,8,High,Low,Containerized App,Docker Container Deployment,REST API
2758,Low,2,Monthly,1,Medium,Low,Monolithic,Single Server Deployment,REST API
3217,Low,2,Monthly,2,Medium,Low,Monolithic,Single Server Deployment,REST API
12988,Medium,14,Monthly,5,High,Medium,Containerized App,Docker Container Deployment,REST API
1253,Low,3,Monthly,3,Medium,Low,Monolithic,Single Server Deployment,REST API
31430,High,29,Daily,12,Medium,High,Microservices,Microservices with Docker,REST API + gRPC
194209,High,26,Daily,24,High,High,Kubernetes Deployment,Kubernetes Orchestration Deployment,REST API + gRPC/Event-Driven
660,Low,3,Monthly,3,Medium,Low,Monolithic,Single Server Deployment,REST API
148501,High,34,Daily,11,High,High,Kubernetes Deployment,Kubernetes Orchestration Deployment,REST API + gRPC/Event-Driven
33247,Medium,16,Weekly,10,Medium,Medium,Microservices,Microservices with Docker,REST API + gRPC
5154,Low,6,Weekly,8,High,Low,Containerized App,Docker Container Deployment,REST API
91929,High,49,Daily,10,High,High,Kubernetes Deployment,Kubernetes Orchestration Deployment,REST API + gRPC/Event-Driven
86089,High,36,Daily,15,High,High,Kubernetes Deployment,Kubernetes Orchestration Deployment,REST API + gRPC/Event-Driven
4164,Low,2,Monthly,2,Medium,Low,Monolithic,Single Server Deployment,REST API
170906,High,33,Daily,25,High,High,Kubernetes Deployment,Kubernetes Orchestration Deployment,REST API + gRPC/Event-Driven
9936,Low,13,Weekly,7,High,Low,Containerized App,Docker Container Deployment,REST API
57910,High,28,Daily,12,High,High,Kubernetes Deployment,Kubernetes Orchestration Deployment,REST API + gRPC/Event-Driven
68440,High,49,Daily,11,High,High,Kubernetes Deployment,Kubernetes Orchestration Deployment,REST API + gRPC/Event-Driven
142198,High,21,Daily,11,High,High,Kubernetes Deployment,Kubernetes Orchestration Deployment,REST API + gRPC/Event-Driven
1754,Low,3,Monthly,2,Low,Low,Monolithic,Single Server Deployment,REST API
77899,High,21,Daily,16,High,High,Kubernetes Deployment,Kubernetes Orchestration Deployment,REST API + gRPC/Event-Driven
34132,Medium,23,Daily,15,Medium,Medium,Microservices,Microservices with Docker,REST API + gRPC
12926,Low,9,Weekly,7,High,Low,Containerized App,Docker Container Deployment,REST API
4362,Low,5,Monthly,1,Low,Low,Monolithic,Single Server Deployment,REST API
6932,Low,11,Weekly,8,High,Low,Containerized App,Docker Container Deployment,REST API
1190,Low,3,Monthly,1,Low,Low,Monolithic,Single Server Deployment,REST API
878,Low,4,Monthly,2,Medium,Low,Monolithic,Single Server Deployment,REST API
15833,Low,9,Weekly,3,Medium,Low,Containerized App,Docker Container Deployment,REST API
419,Low,2,Monthly,1,Medium,Low,Monolithic,Single Server Deployment,REST API
32417,High,16,Weekly,13,Medium,High,Microservices,Microservices with Docker,REST API + gRPC
157010,High,47,Daily,21,High,High,Kubernetes Deployment,Kubernetes Orchestration Deployment,REST API + gRPC/Event-Driven
24253,Medium,26,Daily,11,High,High,Microservices,Microservices with Docker,REST API + gRPC
17655,Medium,6,Monthly,6,Medium,Medium,Containerized App,Docker Container Deployment,REST API
2545,Low,2,Monthly,2,Low,Low,Monolithic,Single Server Deployment,REST API
101419,High,46,Daily,16,High,High,Kubernetes Deployment,Kubernetes Orchestration Deployment,REST API + gRPC/Event-Driven
11287,Low,10,Monthly,8,Medium,Medium,Containerized App,Docker Container Deployment,REST API
18909,Low,7,Monthly,7,High,Low,Containerized App,Docker Container Deployment,REST API
4102,Low,2,Monthly,1,Medium,Low,Monolithic,Single Server Deployment,REST API
34122,High,16,Weekly,9,High,High,Microservices,Microservices with Docker,REST API + gRPC
45125,Medium,26,Weekly,12,Medium,Medium,Microservices,Microservices with Docker,REST API + gRPC
6047,Low,8,Monthly,3,Medium,Low,Containerized App,Docker Container Deployment,REST API
37693,High,25,Daily,10,High,Medium,Microservices,Microservices with Docker,REST API + gRPC
196456,High,37,Daily,14,High,High,Kubernetes Deployment,Kubernetes Orchestration Deployment,REST API + gRPC/Event-Driven
24732,Medium,19,Weekly,14,Medium,High,Microservices,Microservices with Docker,REST API + gRPC
8238,Medium,12,Monthly,6,High,Low,Containerized App,Docker Container Deployment,REST API
13657,Low,8,Monthly,5,High,Medium,Containerized App,Docker Container Deployment,REST API
1082,Low,2,Monthly,3,Medium,Low,Monolithic,Single Server Deployment,REST API
149203,High,47,Daily,22,High,High,Kubernetes Deployment,Kubernetes Orchestration Deployment,REST API + gRPC/Event-Driven
1982,Low,3,Monthly,3,Medium,Low,Monolithic,Single Server Deployment,REST API
122897,High,20,Daily,17,High,High,Kubernetes Deployment,Kubernetes Orchestration Deployment,REST API + gRPC/Event-Driven
347,Low,2,Monthly,2,Low,Low,Monolithic,Single Server Deployment,REST API
35165,Medium,21,Weekly,11,High,Medium,Microservices,Microservices with Docker,REST API + gRPC
7993,Low,11,Weekly,4,High,Low,Containerized App,Docker Container Deployment,REST API
2234,Low,4,Monthly,2,Low,Low,Monolithic,Single Server Deployment,REST API
13498,Medium,7,Monthly,8,Medium,Low,Containerized App,Docker Container Deployment,REST API
38035,High,21,Weekly,15,High,Medium,Microservices,Microservices with Docker,REST API + gRPC
53153,High,34,Daily,25,High,High,Kubernetes Deployment,Kubernetes Orchestration Deployment,REST API + gRPC/Event-Driven
104069,High,50,Daily,20,High,High,Kubernetes Deployment,Kubernetes Orchestration Deployment,REST API + gRPC/Event-Driven
28602,Medium,26,Daily,12,High,Medium,Microservices,Microservices with Docker,REST API + gRPC
2130,Low,3,Monthly,2,Low,Low,Monolithic,Single Server Deployment,REST API
2908,Low,2,Monthly,1,Low,Low,Monolithic,Single Server Deployment,REST API
11237,Low,13,Weekly,6,Medium,Medium,Containerized App,Docker Container Deployment,REST API
35120,High,26,Weekly,11,High,High,Microservices,Microservices with Docker,REST API + gRPC
1363,Low,5,Monthly,3,Low,Low,Monolithic,Single Server Deployment,REST API
43925,High,16,Daily,9,Medium,High,Microservices,Microservices with Docker,REST API + gRPC
5689,Low,15,Weekly,5,High,Low,Containerized App,Docker Container Deployment,REST API
1918,Low,5,Monthly,2,Low,Low,Monolithic,Single Server Deployment,REST API
47743,High,20,Weekly,15,High,High,Microservices,Microservices with Docker,REST API + gRPC
84525,High,28,Daily,21,High,High,Kubernetes Deployment,Kubernetes Orchestration Deployment,REST API + gRPC/Event-Driven
41289,Medium,30,Weekly,12,High,Medium,Microservices,Microservices with Docker,REST API + gRPC
13809,Medium,8,Weekly,3,High,Medium,Containerized App,Docker Container Deployment,REST API
2053,Low,5,Monthly,3,Medium,Low,Monolithic,Single Server Deployment,REST API
39665,Medium,17,Daily,13,High,High,Microservices,Microservices with Docker,REST API + gRPC
35892,High,26,Daily,13,Medium,High,Microservices,Microservices with Docker,REST API + gRPC
172939,High,37,Daily,20,High,High,Kubernetes Deployment,Kubernetes Orchestration Deployment,REST API + gRPC/Event-Driven
17872,Medium,12,Monthly,6,High,Low,Containerized App,Docker Container Deployment,REST API
2869,Low,2,Monthly,3,Low,Low,Monolithic,Single Server Deployment,REST API
35422,High,20,Daily,11,High,High,Microservices,Microservices with Docker,REST API + gRPC
68138,High,42,Daily,16,High,High,Kubernetes Deployment,Kubernetes Orchestration Deployment,REST API + gRPC/Event-Driven
120489,High,42,Daily,10,High,High,Kubernetes Deployment,Kubernetes Orchestration Deployment,REST API + gRPC/Event-Driven
16447,Low,8,Monthly,3,Medium,Low,Containerized App,Docker Container Deployment,REST API
7328,Low,7,Weekly,8,High,Low,Containerized App,Docker Container Deployment,REST API
196013,High,28,Daily,10,High,High,Kubernetes Deployment,Kubernetes Orchestration Deployment,REST API + gRPC/Event-Driven
41935,High,19,Daily,15,High,Medium,Microservices,Microservices with Docker,REST API + gRPC
27722,High,27,Daily,12,Medium,High,Microservices,Microservices with Docker,REST API + gRPC
181992,High,42,Daily,10,High,High,Kubernetes Deployment,Kubernetes Orchestration Deployment,REST API + gRPC/Event-Driven
6079,Low,10,Monthly,7,High,Medium,Containerized App,Docker Container Deployment,REST API
49037,High,23,Weekly,14,High,High,Microservices,Microservices with Docker,REST API + gRPC
985,Low,2,Monthly,2,Medium,Low,Monolithic,Single Server Deployment,REST API
85602,High,34,Daily,24,High,High,Kubernetes Deployment,Kubernetes Orchestration Deployment,REST API + gRPC/Event-Driven
185154,High,21,Daily,16,High,High,Kubernetes Deployment,Kubernetes Orchestration Deployment,REST API + gRPC/Event-Driven
45876,High,26,Weekly,12,High,Medium,Microservices,Microservices with Docker,REST API + gRPC
69981,High,20,Daily,12,High,High,Kubernetes Deployment,Kubernetes Orchestration Deployment,REST API + gRPC/Event-Driven
3214,Low,3,Monthly,3,Medium,Low,Monolithic,Single Server Deployment,REST API
2461,Low,5,Monthly,3,Low,Low,Monolithic,Single Server Deployment,REST API
8586,Low,10,Weekly,3,Medium,Low,Containerized App,Docker Container Deployment,REST API
1257,Low,2,Monthly,2,Low,Low,Monolithic,Single Server Deployment,REST API
90700,High,25,Daily,14,High,High,Kubernetes Deployment,Kubernetes Orchestration Deployment,REST API + gRPC/Event-Driven
71641,High,32,Daily,20,High,High,Kubernetes Deployment,Kubernetes Orchestration Deployment,REST API + gRPC/Event-Driven
9393,Medium,8,Weekly,6,High,Low,Containerized App,Docker Container Deployment,REST API
10383,Medium,13,Weekly,3,Medium,Low,Containerized App,Docker Container Deployment,REST API
768,Low,4,Monthly,2,Medium,Low,Monolithic,Single Server Deployment,REST API
54300,High,36,Daily,20,High,High,Kubernetes Deployment,Kubernetes Orchestration Deployment,REST API + gRPC/Event-Driven
5878,Medium,9,Monthly,6,High,Low,Containerized App,Docker Container Deployment,REST API
122725,High,31,Daily,19,High,High,Kubernetes Deployment,Kubernetes Orchestration Deployment,REST API + gRPC/Event-Driven
16680,Medium,11,Monthly,6,Medium,Medium,Containerized App,Docker Container Deployment,REST API
198580,High,30,Daily,25,High,High,Kubernetes Deployment,Kubernetes Orchestration Deployment,REST API + gRPC/Event-Driven
19504,Low,9,Monthly,8,Medium,Low,Containerized App,Docker Container Deployment,REST API
29105,Medium,17,Weekly,12,Medium,High,Microservices,Microservices with Docker,REST API + gRPC
9819,Low,13,Weekly,6,High,Medium,Containerized App,Docker Container Deployment,REST API
805,Low,5,Monthly,2,Low,Low,Monolithic,Single Server Deployment,REST API
3429,Low,5,Monthly,3,Low,Low,Monolithic,Single Server Deployment,REST API
23948,High,28,Weekly,9,Medium,Medium,Microservices,Microservices with Docker,REST API + gRPC
115133,High,38,Daily,17,High,High,Kubernetes Deployment,Kubernetes Orchestration Deployment,REST API + gRPC/Event-Driven
16784,Low,10,Monthly,5,Medium,Medium,Containerized App,Docker Container Deployment,REST API
33059,Medium,20,Daily,15,Medium,High,Microservices,Microservices with Docker,REST API + gRPC
42832,High,25,Weekly,9,Medium,High,Microservices,Microservices with Docker,REST API + gRPC
63963,High,24,Daily,18,High,High,Kubernetes Deployment,Kubernetes Orchestration Deployment,REST API + gRPC/Event-Driven
143660,High,26,Daily,12,High,High,Kubernetes Deployment,Kubernetes Orchestration Deployment,REST API + gRPC/Event-Driven
75420,High,29,Daily,20,High,High,Kubernetes Deployment,Kubernetes Orchestration Deployment,REST API + gRPC/Event-Driven
1335,Low,3,Monthly,1,Medium,Low,Monolithic,Single Server Deployment,REST API
514,Low,2,Monthly,1,Low,Low,Monolithic,Single Server Deployment,REST API
3558,Low,3,Monthly,3,Medium,Low,Monolithic,Single Server Deployment,REST API
40323,Medium,30,Daily,15,Medium,Medium,Microservices,Microservices with Docker,REST API + gRPC
29128,High,28,Weekly,12,High,High,Microservices,Microservices with Docker,REST API + gRPC
83792,High,29,Daily,14,High,High,Kubernetes Deployment,Kubernetes Orchestration Deployment,REST API + gRPC/Event-Driven
5239,Medium,9,Monthly,4,Medium,Low,Containerized App,Docker Container Deployment,REST API
545,Low,4,Monthly,1,Low,Low,Monolithic,Single Server Deployment,REST API
3909,Low,4,Monthly,2,Low,Low,Monolithic,Single Server Deployment,REST API
3403,Low,4,Monthly,1,Medium,Low,Monolithic,Single Server Deployment,REST API
161966,High,22,Daily,18,High,High,Kubernetes Deployment,Kubernetes Orchestration Deployment,REST API + gRPC/Event-Driven
31062,High,28,Weekly,11,Medium,High,Microservices,Microservices with Docker,REST API + gRPC
12871,Medium,10,Weekly,8,High,Medium,Containerized App,Docker Container Deployment,REST API
4660,Low,4,Monthly,3,Low,Low,Monolithic,Single Server Deployment,REST API
1181,Low,5,Monthly,3,Medium,Low,Monolithic,Single Server Deployment,REST API
489,Low,4,Monthly,3,Medium,Low,Monolithic,Single Server Deployment,REST API
114723,High,49,Daily,18,High,High,Kubernetes Deployment,Kubernetes Orchestration Deployment,REST API + gRPC/Event-Driven
60753,High,27,Daily,11,High,High,Kubernetes Deployment,Kubernetes Orchestration Deployment,REST API + gRPC/Event-Driven
27793,High,26,Weekly,10,Medium,Medium,Microservices,Microservices with Docker,REST API + gRPC
40775,Medium,22,Weekly,9,Medium,High,Microservices,Microservices with Docker,REST API + gRPC
17901,Medium,10,Weekly,7,Medium,Low,Containerized App,Docker Container Deployment,REST API
168009,High,23,Daily,15,High,High,Kubernetes Deployment,Kubernetes Orchestration Deployment,REST API + gRPC/Event-Driven
38492,Medium,17,Weekly,15,High,High,Microservices,Microservices with Docker,REST API + gRPC
2964,Low,5,Monthly,3,Low,Low,Monolithic,Single Server Deployment,REST API
72157,High,48,Daily,13,High,High,Kubernetes Deployment,Kubernetes Orchestration Deployment,REST API + gRPC/Event-Driven
18188,Medium,12,Weekly,4,High,Low,Containerized App,Docker Container Deployment,REST API
3708,Low,4,Monthly,1,Low,Low,Monolithic,Single Server Deployment,REST API
3585,Low,3,Monthly,2,Medium,Low,Monolithic,Single Server Deployment,REST API
17866,Low,11,Monthly,8,High,Medium,Containerized App,Docker Container Deployment,REST API
171824,High,41,Daily,12,High,High,Kubernetes Deployment,Kubernetes Orchestration Deployment,REST API + gRPC/Event-Driven
137245,High,30,Daily,13,High,High,Kubernetes Deployment,Kubernetes Orchestration Deployment,REST API + gRPC/Event-Driven
3952,Low,2,Monthly,3,Low,Low,Monolithic,Single Server Deployment,REST API
40317,Medium,25,Weekly,11,High,Medium,Microservices,Microservices with Docker,REST API + gRPC
41883,High,29,Daily,11,High,Medium,Microservices,Microservices with Docker,REST API + gRPC
188250,High,20,Daily,21,High,High,Kubernetes Deployment,Kubernetes Orchestration Deployment,REST API + gRPC/Event-Driven
5244,Medium,14,Weekly,3,High,Medium,Containerized App,Docker Container Deployment,REST API
48798,High,18,Daily,10,High,High,Microservices,Microservices with Docker,REST API + gRPC
15789,Medium,13,Monthly,8,Medium,Medium,Containerized App,Docker Container Deployment,REST API
9462,Medium,15,Weekly,5,High,Low,Containerized App,Docker Container Deployment,REST API
840,Low,2,Monthly,1,Low,Low,Monolithic,Single Server Deployment,REST API
25182,Medium,30,Daily,15,High,Medium,Microservices,Microservices with Docker,REST API + gRPC
116372,High,34,Daily,16,High,High,Kubernetes Deployment,Kubernetes Orchestration Deployment,REST API + gRPC/Event-Driven
80447,High,40,Daily,13,High,High,Kubernetes Deployment,Kubernetes Orchestration Deployment,REST API + gRPC/Event-Driven
23417,Medium,22,Daily,13,Medium,High,Microservices,Microservices with Docker,REST API + gRPC
12673,Medium,9,Weekly,6,High,Low,Containerized App,Docker Container Deployment,REST API
120953,High,33,Daily,15,High,High,Kubernetes Deployment,Kubernetes Orchestration Deployment,REST API + gRPC/Event-Driven
24536,High,26,Daily,10,High,Medium,Microservices,Microservices with Docker,REST API + gRPC
8393,Low,7,Monthly,5,High,Low,Containerized App,Docker Container Deployment,REST API
14873,Medium,7,Weekly,6,Medium,Medium,Containerized App,Docker Container Deployment,REST API
182289,High,22,Daily,13,High,High,Kubernetes Deployment,Kubernetes Orchestration Deployment,REST API + gRPC/Event-Driven
1221,Low,4,Monthly,2,Medium,Low,Monolithic,Single Server Deployment,REST API
17090,Medium,12,Monthly,4,High,Medium,Containerized App,Docker Container Deployment,REST API
2591,Low,3,Monthly,1,Medium,Low,Monolithic,Single Server Deployment,REST API
112694,High,48,Daily,22,High,High,Kubernetes Deployment,Kubernetes Orchestration Deployment,REST API + gRPC/Event-Driven
140750,High,20,Daily,25,High,High,Kubernetes Deployment,Kubernetes Orchestration Deployment,REST API + gRPC/Event-Driven
1950,Low,4,Monthly,3,Low,Low,Monolithic,Single Server Deployment,REST API
20364,High,21,Weekly,14,High,High,Microservices,Microservices with Docker,REST API + gRPC
47749,Medium,29,Daily,14,Medium,Medium,Microservices,Microservices with Docker,REST API + gRPC
133647,High,30,Daily,23,High,High,Kubernetes Deployment,Kubernetes Orchestration Deployment,REST API + gRPC/Event-Driven
13502,Medium,8,Weekly,8,High,Medium,Containerized App,Docker Container Deployment,REST API
37151,Medium,21,Weekly,14,High,High,Microservices,Microservices with Docker,REST API + gRPC
118719,High,36,Daily,24,High,High,Kubernetes Deployment,Kubernetes Orchestration Deployment,REST API + gRPC/Event-Driven
4230,Low,2,Monthly,2,Medium,Low,Monolithic,Single Server Deployment,REST API
26372,High,27,Daily,13,Medium,High,Microservices,Microservices with Docker,REST API + gRPC
36020,High,28,Daily,9,Medium,High,Microservices,Microservices with Docker,REST API + gRPC
42507,Medium,16,Weekly,12,Medium,High,Microservices,Microservices with Docker,REST API + gRPC
163758,High,47,Daily,10,High,High,Kubernetes Deployment,Kubernetes Orchestration Deployment,REST API + gRPC/Event-Driven
4747,Low,2,Monthly,1,Medium,Low,Monolithic,Single Server Deployment,REST API
30388,High,17,Weekly,10,Medium,Medium,Microservices,Microservices with Docker,REST API + gRPC
12026,Medium,9,Weekly,6,Medium,Medium,Containerized App,Docker Container Deployment,REST API
6666,Low,15,Monthly,3,Medium,Medium,Containerized App,Docker Container Deployment,REST API
10350,Medium,10,Monthly,8,High,Medium,Containerized App,Docker Container Deployment,REST API
1172,Low,4,Monthly,2,Medium,Low,Monolithic,Single Server Deployment,REST API
132336,High,23,Daily,10,High,High,Kubernetes Deployment,Kubernetes Orchestration Deployment,REST API + gRPC/Event-Driven
73699,High,42,Daily,21,High,High,Kubernetes Deployment,Kubernetes Orchestration Deployment,REST API + gRPC/Event-Driven
15578,Low,8,Weekly,4,Medium,Low,Containerized App,Docker Container Deployment,REST API
6040,Low,8,Weekly,4,Medium,Medium,Containerized App,Docker Container Deployment,REST API
8395,Low,9,Weekly,4,High,Low,Containerized App,Docker Container Deployment,REST API
3803,Low,3,Monthly,3,Medium,Low,Monolithic,Single Server Deployment,REST API
10565,Low,13,Weekly,7,Medium,Low,Containerized App,Docker Container Deployment,REST API
10519,Medium,15,Monthly,8,Medium,Low,Containerized App,Docker Container Deployment,REST API
3627,Low,4,Monthly,3,Low,Low,Monolithic,Single Server Deployment,REST API
94252,High,36,Daily,22,High,High,Kubernetes Deployment,Kubernetes Orchestration Deployment,REST API + gRPC/Event-Driven
9050,Low,15,Weekly,5,High,Medium,Containerized App,Docker Container Deployment,REST API
101,Low,2,Monthly,2,Low,Low,Monolithic,Single Server Deployment,REST API
2013,Low,5,Monthly,1,Medium,Low,Monolithic,Single Server Deployment,REST API
145461,High,45,Daily,21,High,High,Kubernetes Deployment,Kubernetes Orchestration Deployment,REST API + gRPC/Event-Driven
13510,Medium,13,Weekly,4,High,Low,Containerized App,Docker Container Deployment,REST API
30769,Medium,25,Weekly,9,Medium,High,Microservices,Microservices with Docker,REST API + gRPC
13783,Low,7,Weekly,4,Medium,Low,Containerized App,Docker Container Deployment,REST API
8141,Low,7,Weekly,6,High,Medium,Containerized App,Docker Container Deployment,REST API
19124,Medium,7,Monthly,3,Medium,Low,Containerized App,Docker Container Deployment,REST API
13493,Low,15,Monthly,4,Medium,Low,Containerized App,Docker Container Deployment,REST API
8305,Medium,8,Weekly,5,Medium,Low,Containerized App,Docker Container Deployment,REST API
41222,Medium,28,Weekly,12,High,High,Microservices,Microservices with Docker,REST API + gRPC
47889,Medium,28,Weekly,10,High,Medium,Microservices,Microservices with Docker,REST API + gRPC
11448,Low,9,Monthly,5,High,Low,Containerized App,Docker Container Deployment,REST API
19906,Low,10,Weekly,3,High,Low,Containerized App,Docker Container Deployment,REST API
15657,Medium,7,Monthly,8,High,Medium,Containerized App,Docker Container Deployment,REST API
43247,Medium,20,Weekly,14,High,High,Microservices,Microservices with Docker,REST API + gRPC
37241,Medium,28,Weekly,9,Medium,Medium,Microservices,Microservices with Docker,REST API + gRPC
3320,Low,5,Monthly,2,Medium,Low,Monolithic,Single Server Deployment,REST API
95784,High,34,Daily,15,High,High,Kubernetes Deployment,Kubernetes Orchestration Deployment,REST API + gRPC/Event-Driven
75749,High,26,Daily,18,High,High,Kubernetes Deployment,Kubernetes Orchestration Deployment,REST API + gRPC/Event-Driven
146549,High,42,Daily,19,High,High,Kubernetes Deployment,Kubernetes Orchestration Deployment,REST API + gRPC/Event-Driven
189969,High,28,Daily,20,High,High,Kubernetes Deployment,Kubernetes Orchestration Deployment,REST API + gRPC/Event-Driven
99439,High,40,Daily,12,High,High,Kubernetes Deployment,Kubernetes Orchestration Deployment,REST API + gRPC/Event-Driven
44555,Medium,16,Weekly,10,High,High,Microservices,Microservices with Docker,REST API + gRPC
39767,High,25,Daily,14,Medium,Medium,Microservices,Microservices with Docker,REST API + gRPC
2056,Low,4,Monthly,3,Low,Low,Monolithic,Single Server Deployment,REST API
87158,High,25,Daily,10,High,High,Kubernetes Deployment,Kubernetes Orchestration Deployment,REST API + gRPC/Event-Driven
136381,High,36,Daily,23,High,High,Kubernetes Deployment,Kubernetes Orchestration Deployment,REST API + gRPC/Event-Driven
115680,High,34,Daily,20,High,High,Kubernetes Deployment,Kubernetes Orchestration Deployment,REST API + gRPC/Event-Driven
409,Low,5,Monthly,2,Low,Low,Monolithic,Single Server Deployment,REST API
139021,High,48,Daily,17,High,High,Kubernetes Deployment,Kubernetes Orchestration Deployment,REST API + gRPC/Event-Driven
10570,Medium,7,Weekly,3,High,Medium,Containerized App,Docker Container Deployment,REST API
26755,Medium,21,Weekly,9,High,Medium,Microservices,Microservices with Docker,REST API + gRPC
22269,High,27,Weekly,12,Medium,Medium,Microservices,Microservices with Docker,REST API + gRPC
134567,High,47,Daily,16,High,High,Kubernetes Deployment,Kubernetes Orchestration Deployment,REST API + gRPC/Event-Driven
37992,Medium,30,Daily,14,Medium,High,Microservices,Microservices with Docker,REST API + gRPC
5214,Medium,11,Weekly,3,Medium,Low,Containerized App,Docker Container Deployment,REST API
139818,High,48,Daily,25,High,High,Kubernetes Deployment,Kubernetes Orchestration Deployment,REST API + gRPC/Event-Driven
3669,Low,3,Monthly,1,Medium,Low,Monolithic,Single Server Deployment,REST API
4704,Low,4,Monthly,1,Low,Low,Monolithic,Single Server Deployment,REST API
27282,High,26,Weekly,11,High,Medium,Microservices,Microservices with Docker,REST API + gRPC
872,Low,2,Monthly,2,Medium,Low,Monolithic,Single Server Deployment,REST API
23347,High,16,Weekly,14,Medium,High,Microservices,Microservices with Docker,REST API + gRPC
172,Low,5,Monthly,1,Low,Low,Monolithic,Single Server Deployment,REST API
7452,Medium,8,Monthly,3,High,Low,Containerized App,Docker Container Deployment,REST API
17865,Low,10,Monthly,8,High,Low,Containerized App,Docker Container Deployment,REST API
48137,Medium,28,Daily,13,High,Medium,Microservices,Microservices with Docker,REST API + gRPC
10654,Low,6,Monthly,5,High,Low,Containerized App,Docker Container Deployment,REST API
17743,Medium,12,Weekly,8,High,Medium,Containerized App,Docker Container Deployment,REST API
1939,Low,4,Monthly,1,Medium,Low,Monolithic,Single Server Deployment,REST API
49978,High,21,Daily,13,Medium,Medium,Microservices,Microservices with Docker,REST API + gRPC
188337,High,26,Daily,19,High,High,Kubernetes Deployment,Kubernetes Orchestration Deployment,REST API + gRPC/Event-Driven
72902,High,31,Daily,10,High,High,Kubernetes Deployment,Kubernetes Orchestration Deployment,REST API + gRPC/Event-Driven
1481,Low,3,Monthly,2,Low,Low,Monolithic,Single Server Deployment,REST API
3281,Low,4,Monthly,1,Low,Low,Monolithic,Single Server Deployment,REST API
29636,Medium,22,Daily,14,Medium,Medium,Microservices,Microservices with Docker,REST API + gRPC
33180,Medium,25,Weekly,12,Medium,Medium,Microservices,Microservices with Docker,REST API + gRPC
4953,Low,4,Monthly,2,Low,Low,Monolithic,Single Server Deployment,REST API
20039,High,23,Weekly,11,Medium,Medium,Microservices,Microservices with Docker,REST API + gRPC
23074,High,29,Daily,13,Medium,High,Microservices,Microservices with Docker,REST API + gRPC
5614,Low,14,Monthly,4,High,Low,Containerized App,Docker Container Deployment,REST API
17543,Medium,7,Monthly,3,High,Low,Containerized App,Docker Container Deployment,REST API
189131,High,31,Daily,23,High,High,Kubernetes Deployment,Kubernetes Orchestration Deployment,REST API + gRPC/Event-Driven
2560,Low,2,Monthly,3,Medium,Low,Monolithic,Single Server Deployment,REST API
47013,Medium,24,Weekly,15,High,Medium,Microservices,Microservices with Docker,REST API + gRPC
87605,High,23,Daily,16,High,High,Kubernetes Deployment,Kubernetes Orchestration Deployment,REST API + gRPC/Event-Driven
33490,High,30,Weekly,11,High,High,Microservices,Microservices with Docker,REST API + gRPC
97933,High,33,Daily,21,High,High,Kubernetes Deployment,Kubernetes Orchestration Deployment,REST API + gRPC/Event-Driven
92999,High,22,Daily,17,High,High,Kubernetes Deployment,Kubernetes Orchestration Deployment,REST API + gRPC/Event-Driven
8935,Medium,10,Weekly,5,High,Low,Containerized App,Docker Container Deployment,REST API
17283,Low,7,Monthly,5,Medium,Medium,Containerized App,Docker Container Deployment,REST API
2652,Low,4,Monthly,3,Low,Low,Monolithic,Single Server Deployment,REST API
27285,High,28,Weekly,11,High,High,Microservices,Microservices with Docker,REST API + gRPC
9433,Low,7,Monthly,6,Medium,Medium,Containerized App,Docker Container Deployment,REST API
50780,High,50,Daily,22,High,High,Kubernetes Deployment,Kubernetes Orchestration Deployment,REST API + gRPC/Event-Driven
163216,High,26,Daily,16,High,High,Kubernetes Deployment,Kubernetes Orchestration Deployment,REST API + gRPC/Event-Driven
23761,High,30,Weekly,10,Medium,Medium,Microservices,Microservices with Docker,REST API + gRPC
74788,High,34,Daily,23,High,High,Kubernetes Deployment,Kubernetes Orchestration Deployment,REST API + gRPC/Event-Driven
39030,Medium,22,Daily,12,Medium,Medium,Microservices,Microservices with Docker,REST API + gRPC
410,Low,2,Monthly,1,Low,Low,Monolithic,Single Server Deployment,REST API
12042,Low,9,Monthly,7,High,Medium,Containerized App,Docker Container Deployment,REST API
5989,Low,15,Monthly,6,Medium,Medium,Containerized App,Docker Container Deployment,REST API
43697,High,21,Daily,11,High,Medium,Microservices,Microservices with Docker,REST API + gRPC
124190,High,50,Daily,12,High,High,Kubernetes Deployment,Kubernetes Orchestration Deployment,REST API + gRPC/Event-Driven
3925,Low,2,Monthly,3,Low,Low,Monolithic,Single Server Deployment,REST API
136439,High,29,Daily,24,High,High,Kubernetes Deployment,Kubernetes Orchestration Deployment,REST API + gRPC/Event-Driven
25226,Medium,28,Weekly,13,High,Medium,Microservices,Microservices with Docker,REST API + gRPC
8415,Low,8,Weekly,8,High,Low,Containerized App,Docker Container Deployment,REST API
158273,High,29,Daily,18,High,High,Kubernetes Deployment,Kubernetes Orchestration Deployment,REST API + gRPC/Event-Driven
2560,Low,3,Monthly,3,Medium,Low,Monolithic,Single Server Deployment,REST API
1301,Low,3,Monthly,2,Medium,Low,Monolithic,Single Server Deployment,REST API
40806,High,26,Weekly,10,Medium,Medium,Microservices,Microservices with Docker,REST API + gRPC
21065,High,27,Weekly,15,Medium,High,Microservices,Microservices with Docker,REST API + gRPC
39903,Medium,22,Weekly,15,High,High,Microservices,Microservices with Docker,REST API + gRPC
18494,Low,6,Monthly,6,Medium,Medium,Containerized App,Docker Container Deployment,REST API
69130,High,38,Daily,21,High,High,Kubernetes Deployment,Kubernetes Orchestration Deployment,REST API + gRPC/Event-Driven
48885,High,24,Weekly,14,High,Medium,Microservices,Microservices with Docker,REST API + gRPC
138,Low,2,Monthly,3,Low,Low,Monolithic,Single Server Deployment,REST API
38226,Medium,18,Daily,14,High,High,Microservices,Microservices with Docker,REST API + gRPC
9005,Medium,11,Weekly,8,High,Medium,Containerized App,Docker Container Deployment,REST API
7043,Medium,7,Weekly,3,Medium,Medium,Containerized App,Docker Container Deployment,REST API
132200,High,46,Daily,22,High,High,Kubernetes Deployment,Kubernetes Orchestration Deployment,REST API + gRPC/Event-Driven
28767,High,28,Daily,13,Medium,High,Microservices,Microservices with Docker,REST API + gRPC
164808,High,49,Daily,21,High,High,Kubernetes Deployment,Kubernetes Orchestration Deployment,REST API + gRPC/Event-Driven
17790,Medium,6,Monthly,8,High,Medium,Containerized App,Docker Container Deployment,REST API
43019,High,25,Weekly,15,High,Medium,Microservices,Microservices with Docker,REST API + gRPC
554,Low,5,Monthly,3,Low,Low,Monolithic,Single Server Deployment,REST API
70301,High,37,Daily,23,High,High,Kubernetes Deployment,Kubernetes Orchestration Deployment,REST API + gRPC/Event-Driven
17075,Medium,15,Monthly,7,High,Low,Containerized App,Docker Container Deployment,REST API
3135,Low,3,Monthly,2,Medium,Low,Monolithic,Single Server Deployment,REST API
106273,High,37,Daily,13,High,High,Kubernetes Deployment,Kubernetes Orchestration Deployment,REST API + gRPC/Event-Driven
31635,High,21,Daily,14,Medium,Medium,Microservices,Microservices with Docker,REST API + gRPC
160077,High,34,Daily,25,High,High,Kubernetes Deployment,Kubernetes Orchestration Deployment,REST API + gRPC/Event-Driven
17142,Low,14,Monthly,4,Medium,Medium,Containerized App,Docker Container Deployment,REST API
13575,Medium,12,Weekly,8,Medium,Medium,Containerized App,Docker Container Deployment,REST API
14568,Low,13,Weekly,6,High,Medium,Containerized App,Docker Container Deployment,REST API
8182,Medium,15,Monthly,8,Medium,Low,Containerized App,Docker Container Deployment,REST API
2423,Low,4,Monthly,3,Low,Low,Monolithic,Single Server Deployment,REST API
1468,Low,2,Monthly,1,Medium,Low,Monolithic,Single Server Deployment,REST API
81377,High,21,Daily,10,High,High,Kubernetes Deployment,Kubernetes Orchestration Deployment,REST API + gRPC/Event-Driven
11852,Medium,14,Weekly,5,High,Low,Containerized App,Docker Container Deployment,REST API
2243,Low,4,Monthly,1,Low,Low,Monolithic,Single Server Deployment,REST API
19254,Low,13,Weekly,5,High,Low,Containerized App,Docker Container Deployment,REST API
358,Low,5,Monthly,1,Medium,Low,Monolithic,Single Server Deployment,REST API
182365,High,37,Daily,23,High,High,Kubernetes Deployment,Kubernetes Orchestration Deployment,REST API + gRPC/Event-Driven
29730,High,26,Weekly,13,Medium,Medium,Microservices,Microservices with Docker,REST API + gRPC
42620,High,25,Weekly,12,Medium,High,Microservices,Microservices with Docker,REST API + gRPC
4913,Low,3,Monthly,1,Medium,Low,Monolithic,Single Server Deployment,REST API
27013,High,18,Weekly,15,Medium,High,Microservices,Microservices with Docker,REST API + gRPC
2664,Low,5,Monthly,3,Medium,Low,Monolithic,Single Server Deployment,REST API
12225,Medium,12,Monthly,8,High,Low,Containerized App,Docker Container Deployment,REST API
40437,Medium,29,Daily,12,Medium,High,Microservices,Microservices with Docker,REST API + gRPC
1058,Low,3,Monthly,2,Low,Low,Monolithic,Single Server Deployment,REST API
8061,Low,13,Monthly,4,Medium,Medium,Containerized App,Docker Container Deployment,REST API
40136,Medium,22,Daily,15,Medium,High,Microservices,Microservices with Docker,REST API + gRPC
33903,Medium,27,Weekly,9,High,Medium,Microservices,Microservices with Docker,REST API + gRPC
2415,Low,2,Monthly,1,Medium,Low,Monolithic,Single Server Deployment,REST API
181934,High,27,Daily,22,High,High,Kubernetes Deployment,Kubernetes Orchestration Deployment,REST API + gRPC/Event-Driven
196124,High,49,Daily,13,High,High,Kubernetes Deployment,Kubernetes Orchestration Deployment,REST API + gRPC/Event-Driven
13502,Low,9,Monthly,4,Medium,Low,Containerized App,Docker Container Deployment,REST API
10025,Low,15,Weekly,6,High,Medium,Containerized App,Docker Container Deployment,REST API
40976,High,25,Daily,12,Medium,Medium,Microservices,Microservices with Docker,REST API + gRPC
40117,High,26,Daily,11,High,High,Microservices,Microservices with Docker,REST API + gRPC
132282,High,30,Daily,19,High,High,Kubernetes Deployment,Kubernetes Orchestration Deployment,REST API + gRPC/Event-Driven
144819,High,40,Daily,14,High,High,Kubernetes Deployment,Kubernetes Orchestration Deployment,REST API + gRPC/Event-Driven
143422,High,41,Daily,14,High,High,Kubernetes Deployment,Kubernetes Orchestration Deployment,REST API + gRPC/Event-Driven
24475,High,19,Daily,14,Medium,Medium,Microservices,Microservices with Docker,REST API + gRPC
46568,Medium,26,Daily,10,Medium,Medium,Microservices,Microservices with Docker,REST API + gRPC
9569,Medium,10,Weekly,5,High,Medium,Containerized App,Docker Container Deployment,REST API
27231,High,20,Weekly,11,High,Medium,Microservices,Microservices with Docker,REST API + gRPC
21821,High,22,Daily,10,High,High,Microservices,Microservices with Docker,REST API + gRPC
4918,Low,5,Monthly,2,Medium,Low,Monolithic,Single Server Deployment,REST API
28058,High,27,Weekly,9,High,Medium,Microservices,Microservices with Docker,REST API + gRPC
48413,Medium,18,Daily,13,High,Medium,Microservices,Microservices with Docker,REST API + gRPC
65845,High,45,Daily,12,High,High,Kubernetes Deployment,Kubernetes Orchestration Deployment,REST API + gRPC/Event-Driven
33054,High,24,Daily,13,Medium,Medium,Microservices,Microservices with Docker,REST API + gRPC
147811,High,39,Daily,10,High,High,Kubernetes Deployment,Kubernetes Orchestration Deployment,REST API + gRPC/Event-Driven
30174,Medium,19,Daily,14,Medium,High,Microservices,Microservices with Docker,REST API + gRPC
131137,High,39,Daily,13,High,High,Kubernetes Deployment,Kubernetes Orchestration Deployment,REST API + gRPC/Event-Driven
41994,High,19,Daily,13,High,Medium,Microservices,Microservices with Docker,REST API + gRPC
18154,Medium,8,Weekly,6,Medium,Medium,Containerized App,Docker Container Deployment,REST API
178699,High,47,Daily,25,High,High,Kubernetes Deployment,Kubernetes Orchestration Deployment,REST API + gRPC/Event-Driven
90226,High,25,Daily,22,High,High,Kubernetes Deployment,Kubernetes Orchestration Deployment,REST API + gRPC/Event-Driven
68622,High,48,Daily,16,High,High,Kubernetes Deployment,Kubernetes Orchestration Deployment,REST API + gRPC/Event-Driven
173807,High,41,Daily,11,High,High,Kubernetes Deployment,Kubernetes Orchestration Deployment,REST API + gRPC/Event-Driven
1427,Low,3,Monthly,3,Low,Low,Monolithic,Single Server Deployment,REST API
51128,High,37,Daily,16,High,High,Kubernetes Deployment,Kubernetes Orchestration Deployment,REST API + gRPC/Event-Driven
86615,High,22,Daily,10,High,High,Kubernetes Deployment,Kubernetes Orchestration Deployment,REST API + gRPC/Event-Driven
608,Low,2,Monthly,2,Medium,Low,Monolithic,Single Server Deployment,REST API
82376,High,27,Daily,11,High,High,Kubernetes Deployment,Kubernetes Orchestration Deployment,REST API + gRPC/Event-Driven
84194,High,20,Daily,21,High,High,Kubernetes Deployment,Kubernetes Orchestration Deployment,REST API + gRPC/Event-Driven
48658,High,24,Weekly,14,High,Medium,Microservices,Microservices with Docker,REST API + gRPC
36146,High,29,Weekly,10,Medium,Medium,Microservices,Microservices with Docker,REST API + gRPC
148298,High,21,Daily,21,High,High,Kubernetes Deployment,Kubernetes Orchestration Deployment,REST API + gRPC/Event-Driven
17968,Low,15,Weekly,7,Medium,Medium,Containerized App,Docker Container Deployment,REST API
4561,Low,3,Monthly,3,Low,Low,Monolithic,Single Server Deployment,REST API
4965,Low,2,Monthly,2,Low,Low,Monolithic,Single Server Deployment,REST API
7634,Low,13,Weekly,7,Medium,Medium,Containerized App,Docker Container Deployment,REST API
11005,Medium,11,Monthly,4,High,Low,Containerized App,Docker Container Deployment,REST API
69553,High,28,Daily,10,High,High,Kubernetes Deployment,Kubernetes Orchestration Deployment,REST API + gRPC/Event-Driven
37660,High,29,Daily,12,Medium,High,Microservices,Microservices with Docker,REST API + gRPC
112589,High,31,Daily,20,High,High,Kubernetes Deployment,Kubernetes Orchestration Deployment,REST API + gRPC/Event-Driven
28070,High,26,Weekly,15,High,Medium,Microservices,Microservices with Docker,REST API + gRPC
47337,Medium,23,Daily,11,Medium,High,Microservices,Microservices with Docker,REST API + gRPC
3241,Low,5,Monthly,3,Medium,Low,Monolithic,Single Server Deployment,REST API
187992,High,20,Daily,14,High,High,Kubernetes Deployment,Kubernetes Orchestration Deployment,REST API + gRPC/Event-Driven
10268,Medium,15,Weekly,5,High,Medium,Containerized App,Docker Container Deployment,REST API
11353,Medium,9,Weekly,6,High,Low,Containerized App,Docker Container Deployment,REST API
888,Low,5,Monthly,3,Medium,Low,Monolithic,Single Server Deployment,REST API
168151,High,40,Daily,21,High,High,Kubernetes Deployment,Kubernetes Orchestration Deployment,REST API + gRPC/Event-Driven
756,Low,5,Monthly,1,Medium,Low,Monolithic,Single Server Deployment,REST API
7624,Low,14,Weekly,5,Medium,Low,Containerized App,Docker Container Deployment,REST API
12569,Low,11,Monthly,3,High,Medium,Containerized App,Docker Container Deployment,REST API
112550,High,23,Daily,10,High,High,Kubernetes Deployment,Kubernetes Orchestration Deployment,REST API + gRPC/Event-Driven
15429,Medium,8,Monthly,5,Medium,Low,Containerized App,Docker Container Deployment,REST API
4321,Low,5,Monthly,3,Low,Low,Monolithic,Single Server Deployment,REST API
23143,Medium,21,Weekly,11,Medium,High,Microservices,Microservices with Docker,REST API + gRPC
6887,Medium,6,Weekly,5,High,Medium,Containerized App,Docker Container Deployment,REST API
13313,Medium,8,Weekly,7,High,Low,Containerized App,Docker Container Deployment,REST API
18941,Medium,6,Monthly,8,High,Medium,Containerized App,Docker Container Deployment,REST API
10363,Medium,15,Weekly,5,Medium,Low,Containerized App,Docker Container Deployment,REST API
80183,High,31,Daily,17,High,High,Kubernetes Deployment,Kubernetes Orchestration Deployment,REST API + gRPC/Event-Driven
38064,High,16,Weekly,10,Medium,Medium,Microservices,Microservices with Docker,REST API + gRPC
69660,High,22,Daily,17,High,High,Kubernetes Deployment,Kubernetes Orchestration Deployment,REST API + gRPC/Event-Driven
7229,Medium,14,Weekly,4,Medium,Low,Containerized App,Docker Container Deployment,REST API
197,Low,2,Monthly,3,Medium,Low,Monolithic,Single Server Deployment,REST API
8693,Medium,12,Monthly,6,Medium,Medium,Containerized App,Docker Container Deployment,REST API
137889,High,42,Daily,23,High,High,Kubernetes Deployment,Kubernetes Orchestration Deployment,REST API + gRPC/Event-Driven
1192,Low,5,Monthly,3,Medium,Low,Monolithic,Single Server Deployment,REST API
109910,High,32,Daily,19,High,High,Kubernetes Deployment,Kubernetes Orchestration Deployment,REST API + gRPC/Event-Driven
10821,Low,12,Monthly,8,Medium,Low,Containerized App,Docker Container Deployment,REST API
7902,Medium,7,Monthly,7,Medium,Low,Containerized App,Docker Container Deployment,REST API
44691,Medium,23,Daily,15,Medium,High,Microservices,Microservices with Docker,REST API + gRPC
38860,High,22,Daily,12,High,High,Microservices,Microservices with Docker,REST API + gRPC
15267,Medium,10,Weekly,7,Medium,Medium,Containerized App,Docker Container Deployment,REST API
14650,Medium,6,Weekly,6,High,Medium,Containerized App,Docker Container Deployment,REST API
1897,Low,5,Monthly,2,Low,Low,Monolithic,Single Server Deployment,REST API
4019,Low,3,Monthly,3,Low,Low,Monolithic,Single Server Deployment,REST API
580,Low,3,Monthly,1,Medium,Low,Monolithic,Single Server Deployment,REST API
17978,Medium,10,Monthly,4,Medium,Medium,Containerized App,Docker Container Deployment,REST API
95913,High,31,Daily,12,High,High,Kubernetes Deployment,Kubernetes Orchestration Deployment,REST API + gRPC/Event-Driven
13978,Medium,11,Weekly,8,High,Medium,Containerized App,Docker Container Deployment,REST API
120217,High,35,Daily,23,High,High,Kubernetes Deployment,Kubernetes Orchestration Deployment,REST API + gRPC/Event-Driven
9120,Low,11,Weekly,7,Medium,Low,Containerized App,Docker Container Deployment,REST API
947,Low,4,Monthly,3,Low,Low,Monolithic,Single Server Deployment,REST API
11885,Low,15,Weekly,4,High,Low,Containerized App,Docker Container Deployment,REST API
2093,Low,5,Monthly,3,Medium,Low,Monolithic,Single Server Deployment,REST API
1515,Low,4,Monthly,1,Low,Low,Monolithic,Single Server Deployment,REST API
194396,High,37,Daily,20,High,High,Kubernetes Deployment,Kubernetes Orchestration Deployment,REST API + gRPC/Event-Driven
38683,Medium,29,Daily,12,Medium,High,Microservices,Microservices with Docker,REST API + gRPC
14679,Low,10,Monthly,7,Medium,Low,Containerized App,Docker Container Deployment,REST API
111820,High,29,Daily,15,High,High,Kubernetes Deployment,Kubernetes Orchestration Deployment,REST API + gRPC/Event-Driven
65428,High,37,Daily,18,High,High,Kubernetes Deployment,Kubernetes Orchestration Deployment,REST API + gRPC/Event-Driven
44506,Medium,18,Daily,10,High,Medium,Microservices,Microservices with Docker,REST API + gRPC
19783,Medium,11,Monthly,7,Medium,Medium,Containerized App,Docker Container Deployment,REST API
20309,Medium,17,Weekly,12,High,Medium,Microservices,Microservices with Docker,REST API + gRPC
139952,High,36,Daily,25,High,High,Kubernetes Deployment,Kubernetes Orchestration Deployment,REST API + gRPC/Event-Driven
7515,Medium,11,Monthly,4,Medium,Low,Containerized App,Docker Container Deployment,REST API
1007,Low,3,Monthly,1,Low,Low,Monolithic,Single Server Deployment,REST API
3319,Low,4,Monthly,2,Medium,Low,Monolithic,Single Server Deployment,REST API
50659,High,31,Daily,22,High,High,Kubernetes Deployment,Kubernetes Orchestration Deployment,REST API + gRPC/Event-Driven
5666,Low,11,Weekly,3,Medium,Low,Containerized App,Docker Container Deployment,REST API
3477,Low,2,Monthly,1,Medium,Low,Monolithic,Single Server Deployment,REST API
32925,Medium,29,Daily,9,Medium,High,Microservices,Microservices with Docker,REST API + gRPC
9519,Low,9,Monthly,6,High,Low,Containerized App,Docker Container Deployment,REST API
17098,Low,13,Monthly,8,Medium,Low,Containerized App,Docker Container Deployment,REST API
9293,Low,7,Monthly,6,High,Low,Containerized App,Docker Container Deployment,REST API
105527,High,31,Daily,18,High,High,Kubernetes Deployment,Kubernetes Orchestration Deployment,REST API + gRPC/Event-Driven
158053,High,30,Daily,14,High,High,Kubernetes Deployment,Kubernetes Orchestration Deployment,REST API + gRPC/Event-Driven
113200,High,42,Daily,11,High,High,Kubernetes Deployment,Kubernetes Orchestration Deployment,REST API + gRPC/Event-Driven
8729,Medium,14,Monthly,8,Medium,Low,Containerized App,Docker Container Deployment,REST API
175622,High,25,Daily,11,High,High,Kubernetes Deployment,Kubernetes Orchestration Deployment,REST API + gRPC/Event-Driven
135406,High,22,Daily,12,High,High,Kubernetes Deployment,Kubernetes Orchestration Deployment,REST API + gRPC/Event-Driven
31143,High,25,Weekly,9,High,High,Microservices,Microservices with Docker,REST API + gRPC
86048,High,20,Daily,22,High,High,Kubernetes Deployment,Kubernetes Orchestration Deployment,REST API + gRPC/Event-Driven
52208,High,36,Daily,20,High,High,Kubernetes Deployment,Kubernetes Orchestration Deployment,REST API + gRPC/Event-Driven
102117,High,33,Daily,18,High,High,Kubernetes Deployment,Kubernetes Orchestration Deployment,REST API + gRPC/Event-Driven
16939,Low,11,Monthly,3,High,Medium,Containerized App,Docker Container Deployment,REST API
85165,High,35,Daily,19,High,High,Kubernetes Deployment,Kubernetes Orchestration Deployment,REST API + gRPC/Event-Driven
16370,Low,12,Monthly,5,Medium,Medium,Containerized App,Docker Container Deployment,REST API
3053,Low,5,Monthly,2,Medium,Low,Monolithic,Single Server Deployment,REST API
28990,Medium,24,Daily,10,Medium,Medium,Microservices,Microservices with Docker,REST API + gRPC
46737,Medium,25,Weekly,12,Medium,High,Microservices,Microservices with Docker,REST API + gRPC
3002,Low,2,Monthly,1,Medium,Low,Monolithic,Single Server Deployment,REST API
11978,Medium,15,Weekly,7,Medium,Low,Containerized App,Docker Container Deployment,REST API
15900,Medium,7,Weekly,6,High,Low,Containerized App,Docker Container Deployment,REST API
39658,Medium,23,Weekly,13,Medium,Medium,Microservices,Microservices with Docker,REST API + gRPC
11579,Medium,7,Weekly,5,High,Low,Containerized App,Docker Container Deployment,REST API
941,Low,5,Monthly,3,Medium,Low,Monolithic,Single Server Deployment,REST API
16258,Medium,14,Weekly,4,High,Low,Containerized App,Docker Container Deployment,REST API
4798,Low,3,Monthly,1,Low,Low,Monolithic,Single Server Deployment,REST API
6927,Medium,10,Weekly,7,High,Medium,Containerized App,Docker Container Deployment,REST API
14089,Medium,11,Monthly,3,Medium,Low,Containerized App,Docker Container Deployment,REST API
3376,Low,5,Monthly,2,Medium,Low,Monolithic,Single Server Deployment,REST API
2368,Low,4,Monthly,3,Medium,Low,Monolithic,Single Server Deployment,REST API
2148,Low,5,Monthly,1,Low,Low,Monolithic,Single Server Deployment,REST API
4878,Low,4,Monthly,1,Low,Low,Monolithic,Single Server Deployment,REST API
6818,Medium,15,Weekly,4,Medium,Low,Containerized App,Docker Container Deployment,REST API
134938,High,33,Daily,12,High,High,Kubernetes Deployment,Kubernetes Orchestration Deployment,REST API + gRPC/Event-Driven
48714,Medium,20,Weekly,13,High,High,Microservices,Microservices with Docker,REST API + gRPC
27838,Medium,28,Weekly,9,Medium,High,Microservices,Microservices with Docker,REST API + gRPC
38165,High,26,Weekly,14,Medium,Medium,Microservices,Microservices with Docker,REST API + gRPC
4086,Low,4,Monthly,2,Low,Low,Monolithic,Single Server Deployment,REST API
96645,High,33,Daily,15,High,High,Kubernetes Deployment,Kubernetes Orchestration Deployment,REST API + gRPC/Event-Driven
8162,Low,10,Monthly,4,High,Low,Containerized App,Docker Container Deployment,REST API
36950,High,27,Daily,14,High,Medium,Microservices,Microservices with Docker,REST API + gRPC
91510,High,41,Daily,12,High,High,Kubernetes Deployment,Kubernetes Orchestration Deployment,REST API + gRPC/Event-Driven
3409,Low,5,Monthly,3,Low,Low,Monolithic,Single Server Deployment,REST API
18187,Low,9,Monthly,7,High,Medium,Containerized App,Docker Container Deployment,REST API
41466,High,23,Weekly,10,Medium,Medium,Microservices,Microservices with Docker,REST API + gRPC
14920,Medium,8,Weekly,4,Medium,Low,Containerized App,Docker Container Deployment,REST API
9539,Low,9,Monthly,4,High,Medium,Containerized App,Docker Container Deployment,REST API
38366,High,24,Weekly,10,High,High,Microservices,Microservices with Docker,REST API + gRPC
429,Low,3,Monthly,1,Medium,Low,Monolithic,Single Server Deployment,REST API
24159,Medium,23,Daily,9,Medium,High,Microservices,Microservices with Docker,REST API + gRPC
74612,High,40,Daily,15,High,High,Kubernetes Deployment,Kubernetes Orchestration Deployment,REST API + gRPC/Event-Driven
11355,Low,8,Monthly,7,Medium,Low,Containerized App,Docker Container Deployment,REST API
2007,Low,2,Monthly,1,Low,Low,Monolithic,Single Server Deployment,REST API
12240,Medium,10,Monthly,4,Medium,Low,Containerized App,Docker Container Deployment,REST API
7426,Medium,6,Monthly,5,High,Medium,Containerized App,Docker Container Deployment,REST API
1317,Low,2,Monthly,1,Low,Low,Monolithic,Single Server Deployment,REST API
16410,Low,14,Weekly,3,Medium,Medium,Containerized App,Docker Container Deployment,REST API
44012,Medium,24,Weekly,10,Medium,Medium,Microservices,Microservices with Docker,REST API + gRPC
44924,Medium,29,Weekly,15,High,High,Microservices,Microservices with Docker,REST API + gRPC
38244,Medium,30,Daily,9,High,High,Microservices,Microservices with Docker,REST API + gRPC
101664,High,26,Daily,13,High,High,Kubernetes Deployment,Kubernetes Orchestration Deployment,REST API + gRPC/Event-Driven
16803,Medium,7,Monthly,7,High,Medium,Containerized App,Docker Container Deployment,REST API
11877,Low,10,Monthly,6,High,Low,Containerized App,Docker Container Deployment,REST API
44049,High,29,Weekly,12,Medium,Medium,Microservices,Microservices with Docker,REST API + gRPC
3233,Low,2,Monthly,2,Low,Low,Monolithic,Single Server Deployment,REST API
1261,Low,4,Monthly,1,Medium,Low,Monolithic,Single Server Deployment,REST API
18608,Low,7,Weekly,5,High,Low,Containerized App,Docker Container Deployment,REST API
9872,Medium,14,Monthly,6,High,Low,Containerized App,Docker Container Deployment,REST API
12248,Low,7,Weekly,3,Medium,Low,Containerized App,Docker Container Deployment,REST API
3647,Low,4,Monthly,1,Medium,Low,Monolithic,Single Server Deployment,REST API
27257,Medium,21,Daily,14,High,Medium,Microservices,Microservices with Docker,REST API + gRPC
132703,High,39,Daily,24,High,High,Kubernetes Deployment,Kubernetes Orchestration Deployment,REST API + gRPC/Event-Driven
34101,Medium,18,Weekly,12,High,Medium,Microservices,Microservices with Docker,REST API + gRPC
13034,Low,13,Monthly,3,High,Low,Containerized App,Docker Container Deployment,REST API
1185,Low,4,Monthly,1,Low,Low,Monolithic,Single Server Deployment,REST API
5630,Low,7,Monthly,3,High,Low,Containerized App,Docker Container Deployment,REST API
162019,High,28,Daily,11,High,High,Kubernetes Deployment,Kubernetes Orchestration Deployment,REST API + gRPC/Event-Driven
47972,Medium,18,Weekly,11,High,Medium,Microservices,Microservices with Docker,REST API + gRPC
4820,Low,2,Monthly,3,Medium,Low,Monolithic,Single Server Deployment,REST API
26528,Medium,19,Weekly,13,High,High,Microservices,Microservices with Docker,REST API + gRPC
99354,High,32,Daily,10,High,High,Kubernetes Deployment,Kubernetes Orchestration Deployment,REST API + gRPC/Event-Driven
63564,High,35,Daily,16,High,High,Kubernetes Deployment,Kubernetes Orchestration Deployment,REST API + gRPC/Event-Driven
3224,Low,4,Monthly,1,Medium,Low,Monolithic,Single Server Deployment,REST API
5288,Medium,7,Weekly,5,Medium,Low,Containerized App,Docker Container Deployment,REST API
45683,Medium,26,Weekly,9,High,High,Microservices,Microservices with Docker,REST API + gRPC
45980,High,30,Weekly,11,Medium,High,Microservices,Microservices with Docker,REST API + gRPC
196835,High,45,Daily,21,High,High,Kubernetes Deployment,Kubernetes Orchestration Deployment,REST API + gRPC/Event-Driven
16277,Low,11,Weekly,5,High,Medium,Containerized App,Docker Container Deployment,REST API
13545,Medium,15,Monthly,5,Medium,Low,Containerized App,Docker Container Deployment,REST API
48453,High,19,Daily,9,High,High,Microservices,Microservices with Docker,REST API + gRPC
16033,Low,10,Weekly,4,High,Low,Containerized App,Docker Container Deployment,REST API
83378,High,41,Daily,17,High,High,Kubernetes Deployment,Kubernetes Orchestration Deployment,REST API + gRPC/Event-Driven
10716,Medium,8,Monthly,7,High,Low,Containerized App,Docker Container Deployment,REST API
39011,High,27,Daily,11,High,High,Microservices,Microservices with Docker,REST API + gRPC
11779,Low,9,Weekly,7,Medium,Medium,Containerized App,Docker Container Deployment,REST API
4083,Low,3,Monthly,1,Low,Low,Monolithic,Single Server Deployment,REST API
782,Low,5,Monthly,3,Medium,Low,Monolithic,Single Server Deployment,REST API
26677,Medium,22,Weekly,12,High,High,Microservices,Microservices with Docker,REST API + gRPC
101935,High,39,Daily,23,High,High,Kubernetes Deployment,Kubernetes Orchestration Deployment,REST API + gRPC/Event-Driven
75608,High,41,Daily,24,High,High,Kubernetes Deployment,Kubernetes Orchestration Deployment,REST API + gRPC/Event-Driven
41023,High,21,Weekly,10,Medium,High,Microservices,Microservices with Docker,REST API + gRPC
149202,High,39,Daily,16,High,High,Kubernetes Deployment,Kubernetes Orchestration Deployment,REST API + gRPC/Event-Driven
2768,Low,3,Monthly,1,Medium,Low,Monolithic,Single Server Deployment,REST API
4939,Low,3,Monthly,3,Medium,Low,Monolithic,Single Server Deployment,REST API
14016,Low,15,Weekly,7,High,Medium,Containerized App,Docker Container Deployment,REST API
15594,Medium,12,Weekly,8,Medium,Low,Containerized App,Docker Container Deployment,REST API
178421,High,41,Daily,20,High,High,Kubernetes Deployment,Kubernetes Orchestration Deployment,REST API + gRPC/Event-Driven
151478,High,34,Daily,15,High,High,Kubernetes Deployment,Kubernetes Orchestration Deployment,REST API + gRPC/Event-Driven
14943,Medium,12,Weekly,4,High,Low,Containerized App,Docker Container Deployment,REST API
1841,Low,5,Monthly,2,Low,Low,Monolithic,Single Server Deployment,REST API
179850,High,44,Daily,11,High,High,Kubernetes Deployment,Kubernetes Orchestration Deployment,REST API + gRPC/Event-Driven
76031,High,22,Daily,15,High,High,Kubernetes Deployment,Kubernetes Orchestration Deployment,REST API + gRPC/Event-Driven
13549,Medium,7,Monthly,7,Medium,Low,Containerized App,Docker Container Deployment,REST API
170814,High,45,Daily,23,High,High,Kubernetes Deployment,Kubernetes Orchestration Deployment,REST API + gRPC/Event-Driven
2192,Low,3,Monthly,1,Medium,Low,Monolithic,Single Server Deployment,REST API
4803,Low,3,Monthly,2,Low,Low,Monolithic,Single Server Deployment,REST API
2130,Low,4,Monthly,2,Low,Low,Monolithic,Single Server Deployment,REST API
16303,Medium,13,Weekly,6,High,Medium,Containerized App,Docker Container Deployment,REST API
58635,High,22,Daily,19,High,High,Kubernetes Deployment,Kubernetes Orchestration Deployment,REST API + gRPC/Event-Driven
10385,Low,7,Weekly,3,High,Low,Containerized App,Docker Container Deployment,REST API
6566,Medium,15,Weekly,7,High,Low,Containerized App,Docker Container Deployment,REST API
550,Low,3,Monthly,3,Low,Low,Monolithic,Single Server Deployment,REST API
171056,High,41,Daily,17,High,High,Kubernetes Deployment,Kubernetes Orchestration Deployment,REST API + gRPC/Event-Driven
279,Low,5,Monthly,2,Low,Low,Monolithic,Single Server Deployment,REST API
80884,High,24,Daily,21,High,High,Kubernetes Deployment,Kubernetes Orchestration Deployment,REST API + gRPC/Event-Driven
16144,Medium,13,Weekly,7,Medium,Low,Containerized App,Docker Container Deployment,REST API
46339,High,29,Weekly,9,High,Medium,Microservices,Microservices with Docker,REST API + gRPC
560,Low,3,Monthly,1,Medium,Low,Monolithic,Single Server Deployment,REST API
11935,Medium,7,Weekly,3,High,Medium,Containerized App,Docker Container Deployment,REST API
143272,High,30,Daily,10,High,High,Kubernetes Deployment,Kubernetes Orchestration Deployment,REST API + gRPC/Event-Driven
8455,Medium,11,Weekly,8,High,Medium,Containerized App,Docker Container Deployment,REST API
34285,Medium,22,Daily,10,High,Medium,Microservices,Microservices with Docker,REST API + gRPC
1206,Low,2,Monthly,1,Low,Low,Monolithic,Single Server Deployment,REST API
2825,Low,5,Monthly,1,Low,Low,Monolithic,Single Server Deployment,REST API
690,Low,2,Monthly,3,Low,Low,Monolithic,Single Server Deployment,REST API
38532,High,20,Daily,9,Medium,Medium,Microservices,Microservices with Docker,REST API + gRPC
42722,Medium,30,Daily,11,Medium,High,Microservices,Microservices with Docker,REST API + gRPC
97165,High,31,Daily,19,High,High,Kubernetes Deployment,Kubernetes Orchestration Deployment,REST API + gRPC/Event-Driven
60695,High,39,Daily,19,High,High,Kubernetes Deployment,Kubernetes Orchestration Deployment,REST API + gRPC/Event-Driven
48736,Medium,16,Daily,12,Medium,High,Microservices,Microservices with Docker,REST API + gRPC
70521,High,22,Daily,13,High,High,Kubernetes Deployment,Kubernetes Orchestration Deployment,REST API + gRPC/Event-Driven
35897,High,26,Weekly,11,High,Medium,Microservices,Microservices with Docker,REST API + gRPC
23998,Medium,20,Daily,11,High,Medium,Microservices,Microservices with Docker,REST API + gRPC
4624,Low,5,Monthly,1,Low,Low,Monolithic,Single Server Deployment,REST API
4737,Low,5,Monthly,2,Low,Low,Monolithic,Single Server Deployment,REST API
135727,High,50,Daily,22,High,High,Kubernetes Deployment,Kubernetes Orchestration Deployment,REST API + gRPC/Event-Driven
3449,Low,4,Monthly,1,Low,Low,Monolithic,Single Server Deployment,REST API
24364,Medium,21,Weekly,12,High,High,Microservices,Microservices with Docker,REST API + gRPC
137569,High,38,Daily,16,High,High,Kubernetes Deployment,Kubernetes Orchestration Deployment,REST API + gRPC/Event-Driven
28367,High,21,Daily,12,High,High,Microservices,Microservices with Docker,REST API + gRPC
131488,High,30,Daily,20,High,High,Kubernetes Deployment,Kubernetes Orchestration Deployment,REST API + gRPC/Event-Driven
30245,High,26,Daily,15,High,High,Microservices,Microservices with Docker,REST API + gRPC
133473,High,20,Daily,14,High,High,Kubernetes Deployment,Kubernetes Orchestration Deployment,REST API + gRPC/Event-Driven
13647,Medium,6,Weekly,7,High,Low,Containerized App,Docker Container Deployment,REST API
4732,Low,2,Monthly,2,Low,Low,Monolithic,Single Server Deployment,REST API
31264,Medium,17,Daily,14,High,Medium,Microservices,Microservices with Docker,REST API + gRPC
36626,Medium,30,Daily,11,High,Medium,Microservices,Microservices with Docker,REST API + gRPC
78767,High,49,Daily,13,High,High,Kubernetes Deployment,Kubernetes Orchestration Deployment,REST API + gRPC/Event-Driven
42095,Medium,19,Weekly,11,High,High,Microservices,Microservices with Docker,REST API + gRPC
80143,High,32,Daily,19,High,High,Kubernetes Deployment,Kubernetes Orchestration Deployment,REST API + gRPC/Event-Driven
15919,Medium,8,Monthly,4,Medium,Low,Containerized App,Docker Container Deployment,REST API
43542,Medium,21,Daily,13,High,Medium,Microservices,Microservices with Docker,REST API + gRPC
12356,Medium,11,Monthly,5,High,Low,Containerized App,Docker Container Deployment,REST API
794,Low,4,Monthly,3,Medium,Low,Monolithic,Single Server Deployment,REST API
2821,Low,5,Monthly,2,Medium,Low,Monolithic,Single Server Deployment,REST API
37706,High,20,Daily,14,High,Medium,Microservices,Microservices with Docker,REST API + gRPC
360,Low,2,Monthly,1,Low,Low,Monolithic,Single Server Deployment,REST API
29543,Medium,19,Weekly,12,High,Medium,Microservices,Microservices with Docker,REST API + gRPC
41224,High,24,Daily,13,Medium,High,Microservices,Microservices with Docker,REST API + gRPC
2660,Low,4,Monthly,3,Medium,Low,Monolithic,Single Server Deployment,REST API
4564,Low,5,Monthly,1,Medium,Low,Monolithic,Single Server Deployment,REST API
24773,High,24,Daily,10,High,High,Microservices,Microservices with Docker,REST API + gRPC
160,Low,4,Monthly,3,Medium,Low,Monolithic,Single Server Deployment,REST API
8234,Medium,7,Monthly,6,High,Low,Containerized App,Docker Container Deployment,REST API
24131,High,16,Weekly,9,Medium,High,Microservices,Microservices with Docker,REST API + gRPC
4810,Low,3,Monthly,2,Medium,Low,Monolithic,Single Server Deployment,REST API
17574,Medium,10,Weekly,5,High,Low,Containerized App,Docker Container Deployment,REST API
3356,Low,2,Monthly,2,Medium,Low,Monolithic,Single Server Deployment,REST API
165961,High,44,Daily,23,High,High,Kubernetes Deployment,Kubernetes Orchestration Deployment,REST API + gRPC/Event-Driven
3372,Low,4,Monthly,3,Medium,Low,Monolithic,Single Server Deployment,REST API
10249,Low,13,Monthly,5,High,Medium,Containerized App,Docker Container Deployment,REST API
12928,Low,8,Monthly,5,Medium,Medium,Containerized App,Docker Container Deployment,REST API
107850,High,45,Daily,25,High,High,Kubernetes Deployment,Kubernetes Orchestration Deployment,REST API + gRPC/Event-Driven
9501,Medium,11,Weekly,3,High,Medium,Containerized App,Docker Container Deployment,REST API
9510,Low,6,Monthly,5,High,Low,Containerized App,Docker Container Deployment,REST API
7536,Low,11,Monthly,7,Medium,Medium,Containerized App,Docker Container Deployment,REST API
5636,Medium,10,Weekly,8,Medium,Medium,Containerized App,Docker Container Deployment,REST API
144693,High,22,Daily,11,High,High,Kubernetes Deployment,Kubernetes Orchestration Deployment,REST API + gRPC/Event-Driven
37956,High,27,Daily,13,High,High,Microservices,Microservices with Docker,REST API + gRPC
1965,Low,2,Monthly,1,Medium,Low,Monolithic,Single Server Deployment,REST API
132611,High,31,Daily,16,High,High,Kubernetes Deployment,Kubernetes Orchestration Deployment,REST API + gRPC/Event-Driven
15215,Medium,6,Weekly,4,Medium,Low,Containerized App,Docker Container Deployment,REST API
9334,Low,11,Monthly,6,High,Low,Containerized App,Docker Container Deployment,REST API
113889,High,34,Daily,10,High,High,Kubernetes Deployment,Kubernetes Orchestration Deployment,REST API + gRPC/Event-Driven
4761,Low,3,Monthly,3,Low,Low,Monolithic,Single Server Deployment,REST API
7122,Low,6,Monthly,7,Medium,Medium,Containerized App,Docker Container Deployment,REST API
19519,Low,13,Weekly,5,Medium,Medium,Containerized App,Docker Container Deployment,REST API
112135,High,34,Daily,21,High,High,Kubernetes Deployment,Kubernetes Orchestration Deployment,REST API + gRPC/Event-Driven
104714,High,40,Daily,10,High,High,Kubernetes Deployment,Kubernetes Orchestration Deployment,REST API + gRPC/Event-Driven
8963,Medium,9,Weekly,3,High,Low,Containerized App,Docker Container Deployment,REST API
4291,Low,4,Monthly,3,Medium,Low,Monolithic,Single Server Deployment,REST API
15024,Medium,6,Weekly,6,High,Low,Containerized App,Docker Container Deployment,REST API
3865,Low,2,Monthly,1,Low,Low,Monolithic,Single Server Deployment,REST API
20582,High,27,Daily,9,High,High,Microservices,Microservices with Docker,REST API + gRPC
13462,Medium,15,Weekly,8,High,Low,Containerized App,Docker Container Deployment,REST API
31256,High,28,Weekly,15,High,High,Microservices,Microservices with Docker,REST API + gRPC
110997,High,45,Daily,25,High,High,Kubernetes Deployment,Kubernetes Orchestration Deployment,REST API + gRPC/Event-Driven
14577,Medium,7,Monthly,3,Medium,Low,Containerized App,Docker Container Deployment,REST API
160917,High,27,Daily,25,High,High,Kubernetes Deployment,Kubernetes Orchestration Deployment,REST API + gRPC/Event-Driven
29491,Medium,20,Weekly,10,High,Medium,Microservices,Microservices with Docker,REST API + gRPC
20788,High,26,Daily,14,High,Medium,Microservices,Microservices with Docker,REST API + gRPC
114458,High,31,Daily,22,High,High,Kubernetes Deployment,Kubernetes Orchestration Deployment,REST API + gRPC/Event-Driven
1128,Low,3,Monthly,1,Low,Low,Monolithic,Single Server Deployment,REST API
31621,Medium,21,Weekly,11,Medium,Medium,Microservices,Microservices with Docker,REST API + gRPC
83780,High,26,Daily,16,High,High,Kubernetes Deployment,Kubernetes Orchestration Deployment,REST API + gRPC/Event-Driven
8245,Medium,8,Monthly,6,Medium,Low,Containerized App,Docker Container Deployment,REST API
3727,Low,5,Monthly,3,Medium,Low,Monolithic,Single Server Deployment,REST API
178325,High,33,Daily,21,High,High,Kubernetes Deployment,Kubernetes Orchestration Deployment,REST API + gRPC/Event-Driven
4908,Low,5,Monthly,1,Medium,Low,Monolithic,Single Server Deployment,REST API
579,Low,2,Monthly,3,Medium,Low,Monolithic,Single Server Deployment,REST API
3743,Low,4,Monthly,2,Low,Low,Monolithic,Single Server Deployment,REST API
98809,High,40,Daily,11,High,High,Kubernetes Deployment,Kubernetes Orchestration Deployment,REST API + gRPC/Event-Driven
14996,Low,11,Monthly,5,Medium,Medium,Containerized App,Docker Container Deployment,REST API
17656,Medium,6,Monthly,5,Medium,Medium,Containerized App,Docker Container Deployment,REST API
112224,High,42,Daily,16,High,High,Kubernetes Deployment,Kubernetes Orchestration Deployment,REST API + gRPC/Event-Driven
45648,Medium,25,Daily,15,Medium,Medium,Microservices,Microservices with Docker,REST API + gRPC
511,Low,3,Monthly,1,Medium,Low,Monolithic,Single Server Deployment,REST API
89989,High,34,Daily,24,High,High,Kubernetes Deployment,Kubernetes Orchestration Deployment,REST API + gRPC/Event-Driven
27617,High,21,Weekly,14,Medium,Medium,Microservices,Microservices with Docker,REST API + gRPC
964,Low,4,Monthly,3,Medium,Low,Monolithic,Single Server Deployment,REST API
1410,Low,2,Monthly,1,Medium,Low,Monolithic,Single Server Deployment,REST API
139955,High,28,Daily,24,High,High,Kubernetes Deployment,Kubernetes Orchestration Deployment,REST API + gRPC/Event-Driven
124209,High,36,Daily,19,High,High,Kubernetes Deployment,Kubernetes Orchestration Deployment,REST API + gRPC/Event-Driven
16726,Medium,13,Weekly,7,High,Low,Containerized App,Docker Container Deployment,REST API
41786,Medium,16,Daily,12,Medium,Medium,Microservices,Microservices with Docker,REST API + gRPC
48497,High,16,Weekly,11,High,High,Microservices,Microservices with Docker,REST API + gRPC
121595,High,44,Daily,25,High,High,Kubernetes Deployment,Kubernetes Orchestration Deployment,REST API + gRPC/Event-Driven
7464,Medium,15,Weekly,3,High,Low,Containerized App,Docker Container Deployment,REST API
199226,High,41,Daily,22,High,High,Kubernetes Deployment,Kubernetes Orchestration Deployment,REST API + gRPC/Event-Driven
10148,Medium,8,Monthly,5,High,Low,Containerized App,Docker Container Deployment,REST API
187937,High,33,Daily,18,High,High,Kubernetes Deployment,Kubernetes Orchestration Deployment,REST API + gRPC/Event-Driven
38491,Medium,25,Weekly,12,High,Medium,Microservices,Microservices with Docker,REST API + gRPC
180021,High,31,Daily,13,High,High,Kubernetes Deployment,Kubernetes Orchestration Deployment,REST API + gRPC/Event-Driven
17206,Medium,14,Weekly,5,Medium,Medium,Containerized App,Docker Container Deployment,REST API
2575,Low,5,Monthly,3,Low,Low,Monolithic,Single Server Deployment,REST API
730,Low,2,Monthly,1,Medium,Low,Monolithic,Single Server Deployment,REST API
47635,Medium,30,Weekly,9,Medium,High,Microservices,Microservices with Docker,REST API + gRPC
43536,High,20,Weekly,13,Medium,High,Microservices,Microservices with Docker,REST API + gRPC
33298,Medium,17,Daily,10,High,High,Microservices,Microservices with Docker,REST API + gRPC
43778,High,16,Weekly,10,High,High,Microservices,Microservices with Docker,REST API + gRPC
54109,High,23,Daily,24,High,High,Kubernetes Deployment,Kubernetes Orchestration Deployment,REST API + gRPC/Event-Driven
29223,Medium,29,Daily,9,Medium,Medium,Microservices,Microservices with Docker,REST API + gRPC
58152,High,50,Daily,23,High,High,Kubernetes Deployment,Kubernetes Orchestration Deployment,REST API + gRPC/Event-Driven
3686,Low,5,Monthly,3,Low,Low,Monolithic,Single Server Deployment,REST API
16817,Low,14,Monthly,7,Medium,Low,Containerized App,Docker Container Deployment,REST API
8607,Low,10,Weekly,3,Medium,Low,Containerized App,Docker Container Deployment,REST API
21522,High,30,Weekly,11,Medium,Medium,Microservices,Microservices with Docker,REST API + gRPC
40673,High,22,Daily,10,High,High,Microservices,Microservices with Docker,REST API + gRPC
3822,Low,5,Monthly,1,Medium,Low,Monolithic,Single Server Deployment,REST API
30981,Medium,25,Weekly,13,Medium,Medium,Microservices,Microservices with Docker,REST API + gRPC
596,Low,5,Monthly,3,Medium,Low,Monolithic,Single Server Deployment,REST API
3218,Low,3,Monthly,1,Medium,Low,Monolithic,Single Server Deployment,REST API
598,Low,5,Monthly,2,Medium,Low,Monolithic,Single Server Deployment,REST API
10055,Low,7,Monthly,7,Medium,Low,Containerized App,Docker Container Deployment,REST API
20156,Medium,23,Weekly,14,Medium,High,Microservices,Microservices with Docker,REST API + gRPC
3781,Low,4,Monthly,2,Medium,Low,Monolithic,Single Server Deployment,REST API
57599,High,23,Daily,25,High,High,Kubernetes Deployment,Kubernetes Orchestration Deployment,REST API + gRPC/Event-Driven
37667,High,25,Weekly,9,Medium,High,Microservices,Microservices with Docker,REST API + gRPC
13408,Medium,10,Monthly,4,High,Medium,Containerized App,Docker Container Deployment,REST API
39526,Medium,21,Weekly,14,High,High,Microservices,Microservices with Docker,REST API + gRPC
49057,Medium,25,Daily,12,High,Medium,Microservices,Microservices with Docker,REST API + gRPC
40445,High,18,Daily,9,Medium,High,Microservices,Microservices with Docker,REST API + gRPC
19090,Medium,6,Monthly,5,Medium,Medium,Containerized App,Docker Container Deployment,REST API
47543,High,24,Daily,14,High,Medium,Microservices,Microservices with Docker,REST API + gRPC
16699,Low,13,Monthly,7,Medium,Low,Containerized App,Docker Container Deployment,REST API
32554,Medium,30,Weekly,14,Medium,High,Microservices,Microservices with Docker,REST API + gRPC
182782,High,24,Daily,13,High,High,Kubernetes Deployment,Kubernetes Orchestration Deployment,REST API + gRPC/Event-Driven
48349,Medium,21,Weekly,11,High,High,Microservices,Microservices with Docker,REST API + gRPC
5348,Low,7,Weekly,3,High,Low,Containerized App,Docker Container Deployment,REST API
9940,Medium,9,Monthly,3,Medium,Low,Containerized App,Docker Container Deployment,REST API
24639,Medium,19,Daily,13,Medium,High,Microservices,Microservices with Docker,REST API + gRPC
195051,High,37,Daily,11,High,High,Kubernetes Deployment,Kubernetes Orchestration Deployment,REST API + gRPC/Event-Driven
7980,Medium,11,Weekly,6,High,Medium,Containerized App,Docker Container Deployment,REST API
25871,High,29,Weekly,14,High,High,Microservices,Microservices with Docker,REST API + gRPC
658,Low,5,Monthly,3,Low,Low,Monolithic,Single Server Deployment,REST API
41778,High,23,Daily,14,Medium,High,Microservices,Microservices with Docker,REST API + gRPC
4635,Low,4,Monthly,3,Medium,Low,Monolithic,Single Server Deployment,REST API
174728,High,32,Daily,13,High,High,Kubernetes Deployment,Kubernetes Orchestration Deployment,REST API + gRPC/Event-Driven
10744,Medium,12,Weekly,3,High,Medium,Containerized App,Docker Container Deployment,REST API
7034,Medium,8,Weekly,7,High,Low,Containerized App,Docker Container Deployment,REST API
1626,Low,4,Monthly,1,Low,Low,Monolithic,Single Server Deployment,REST API
71371,High,36,Daily,18,High,High,Kubernetes Deployment,Kubernetes Orchestration Deployment,REST API + gRPC/Event-Driven
169662,High,40,Daily,15,High,High,Kubernetes Deployment,Kubernetes Orchestration Deployment,REST API + gRPC/Event-Driven
30788,Medium,23,Daily,11,Medium,High,Microservices,Microservices with Docker,REST API + gRPC
87917,High,29,Daily,24,High,High,Kubernetes Deployment,Kubernetes Orchestration Deployment,REST API + gRPC/Event-Driven
9752,Medium,6,Monthly,8,High,Low,Containerized App,Docker Container Deployment,REST API
152945,High,28,Daily,19,High,High,Kubernetes Deployment,Kubernetes Orchestration Deployment,REST API + gRPC/Event-Driven
49487,High,22,Weekly,12,Medium,High,Microservices,Microservices with Docker,REST API + gRPC
33433,Medium,25,Weekly,11,High,Medium,Microservices,Microservices with Docker,REST API + gRPC
163275,High,48,Daily,14,High,High,Kubernetes Deployment,Kubernetes Orchestration Deployment,REST API + gRPC/Event-Driven
15188,Medium,10,Weekly,3,Medium,Medium,Containerized App,Docker Container Deployment,REST API
160956,High,44,Daily,24,High,High,Kubernetes Deployment,Kubernetes Orchestration Deployment,REST API + gRPC/Event-Driven
36378,High,21,Daily,10,High,Medium,Microservices,Microservices with Docker,REST API + gRPC
2919,Low,2,Monthly,2,Low,Low,Monolithic,Single Server Deployment,REST API
3806,Low,4,Monthly,1,Medium,Low,Monolithic,Single Server Deployment,REST API
46529,High,30,Daily,11,Medium,Medium,Microservices,Microservices with Docker,REST API + gRPC
2925,Low,2,Monthly,2,Low,Low,Monolithic,Single Server Deployment,REST API
85672,High,31,Daily,13,High,High,Kubernetes Deployment,Kubernetes Orchestration Deployment,REST API + gRPC/Event-Driven
4582,Low,5,Monthly,1,Medium,Low,Monolithic,Single Server Deployment,REST API
18070,Medium,14,Monthly,5,High,Low,Containerized App,Docker Container Deployment,REST API
404,Low,4,Monthly,2,Low,Low,Monolithic,Single Server Deployment,REST API
736,Low,2,Monthly,2,Medium,Low,Monolithic,Single Server Deployment,REST API
19790,Low,15,Weekly,3,High,Low,Containerized App,Docker Container Deployment,REST API
33671,Medium,22,Daily,10,Medium,Medium,Microservices,Microservices with Docker,REST API + gRPC
831,Low,3,Monthly,2,Low,Low,Monolithic,Single Server Deployment,REST API
72815,High,20,Daily,22,High,High,Kubernetes Deployment,Kubernetes Orchestration Deployment,REST API + gRPC/Event-Driven
90950,High,48,Daily,22,High,High,Kubernetes Deployment,Kubernetes Orchestration Deployment,REST API + gRPC/Event-Driven
155622,High,38,Daily,16,High,High,Kubernetes Deployment,Kubernetes Orchestration Deployment,REST API + gRPC/Event-Driven
101827,High,25,Daily,16,High,High,Kubernetes Deployment,Kubernetes Orchestration Deployment,REST API + gRPC/Event-Driven
3659,Low,2,Monthly,2,Low,Low,Monolithic,Single Server Deployment,REST API
90120,High,35,Daily,14,High,High,Kubernetes Deployment,Kubernetes Orchestration Deployment,REST API + gRPC/Event-Driven
4224,Low,2,Monthly,1,Medium,Low,Monolithic,Single Server Deployment,REST API
31773,High,16,Weekly,15,Medium,Medium,Microservices,Microservices with Docker,REST API + gRPC
5919,Low,8,Monthly,8,High,Medium,Containerized App,Docker Container Deployment,REST API
24632,Medium,21,Weekly,12,Medium,Medium,Microservices,Microservices with Docker,REST API + gRPC
11575,Low,9,Monthly,3,Medium,Low,Containerized App,Docker Container Deployment,REST API
196930,High,46,Daily,21,High,High,Kubernetes Deployment,Kubernetes Orchestration Deployment,REST API + gRPC/Event-Driven
40477,Medium,23,Weekly,14,Medium,High,Microservices,Microservices with Docker,REST API + gRPC
35028,Medium,21,Daily,15,Medium,High,Microservices,Microservices with Docker,REST API + gRPC
166252,High,44,Daily,25,High,High,Kubernetes Deployment,Kubernetes Orchestration Deployment,REST API + gRPC/Event-Driven
12560,Medium,14,Monthly,3,High,Low,Containerized App,Docker Container Deployment,REST API
23394,High,25,Weekly,10,Medium,Medium,Microservices,Microservices with Docker,REST API + gRPC
16127,Medium,6,Weekly,5,High,Low,Containerized App,Docker Container Deployment,REST API
45899,High,19,Weekly,14,Medium,Medium,Microservices,Microservices with Docker,REST API + gRPC
18275,Low,15,Weekly,8,High,Low,Containerized App,Docker Container Deployment,REST API
10745,Medium,13,Weekly,4,Medium,Medium,Containerized App,Docker Container Deployment,REST API
41810,High,26,Daily,14,High,High,Microservices,Microservices with Docker,REST API + gRPC
9525,Low,13,Monthly,6,Medium,Low,Containerized App,Docker Container Deployment,REST API
86466,High,38,Daily,14,High,High,Kubernetes Deployment,Kubernetes Orchestration Deployment,REST API + gRPC/Event-Driven
4816,Low,5,Monthly,2,Low,Low,Monolithic,Single Server Deployment,REST API
25236,Medium,25,Weekly,12,Medium,Medium,Microservices,Microservices with Docker,REST API + gRPC
7088,Medium,12,Monthly,5,Medium,Low,Containerized App,Docker Container Deployment,REST API
18952,Medium,7,Weekly,3,High,Medium,Containerized App,Docker Container Deployment,REST API
7933,Low,13,Weekly,3,High,Low,Containerized App,Docker Container Deployment,REST API
40937,Medium,16,Weekly,15,High,Medium,Microservices,Microservices with Docker,REST API + gRPC
39832,Medium,19,Weekly,9,High,High,Microservices,Microservices with Docker,REST API + gRPC
45930,Medium,20,Weekly,12,High,High,Microservices,Microservices with Docker,REST API + gRPC
86164,High,32,Daily,10,High,High,Kubernetes Deployment,Kubernetes Orchestration Deployment,REST API + gRPC/Event-Driven
41599,High,30,Weekly,13,High,Medium,Microservices,Microservices with Docker,REST API + gRPC
29774,Medium,28,Daily,15,High,High,Microservices,Microservices with Docker,REST API + gRPC
2953,Low,3,Monthly,2,Medium,Low,Monolithic,Single Server Deployment,REST API
13334,Medium,7,Weekly,3,High,Medium,Containerized App,Docker Container Deployment,REST API
39654,High,22,Daily,12,Medium,Medium,Microservices,Microservices with Docker,REST API + gRPC
14325,Low,8,Weekly,3,Medium,Medium,Containerized App,Docker Container Deployment,REST API
4793,Low,3,Monthly,2,Medium,Low,Monolithic,Single Server Deployment,REST API
147448,High,21,Daily,17,High,High,Kubernetes Deployment,Kubernetes Orchestration Deployment,REST API + gRPC/Event-Driven
124504,High,37,Daily,19,High,High,Kubernetes Deployment,Kubernetes Orchestration Deployment,REST API + gRPC/Event-Driven
2281,Low,5,Monthly,2,Low,Low,Monolithic,Single Server Deployment,REST API
196602,High,22,Daily,20,High,High,Kubernetes Deployment,Kubernetes Orchestration Deployment,REST API + gRPC/Event-Driven
103452,High,21,Daily,11,High,High,Kubernetes Deployment,Kubernetes Orchestration Deployment,REST API + gRPC/Event-Driven
85096,High,42,Daily,22,High,High,Kubernetes Deployment,Kubernetes Orchestration Deployment,REST API + gRPC/Event-Driven
12828,Low,11,Monthly,8,Medium,Medium,Containerized App,Docker Container Deployment,REST API
35289,Medium,20,Daily,15,High,High,Microservices,Microservices with Docker,REST API + gRPC
10287,Low,15,Monthly,7,High,Medium,Containerized App,Docker Container Deployment,REST API
28212,Medium,29,Daily,13,Medium,High,Microservices,Microservices with Docker,REST API + gRPC
5573,Low,15,Weekly,5,Medium,Medium,Containerized App,Docker Container Deployment,REST API
559,Low,4,Monthly,2,Low,Low,Monolithic,Single Server Deployment,REST API
9778,Medium,8,Weekly,5,High,Low,Containerized App,Docker Container Deployment,REST API
16773,Low,8,Weekly,7,Medium,Medium,Containerized App,Docker Container Deployment,REST API
18472,Low,14,Weekly,4,Medium,Medium,Containerized App,Docker Container Deployment,REST API
30988,Medium,18,Weekly,10,High,Medium,Microservices,Microservices with Docker,REST API + gRPC
71681,High,34,Daily,24,High,High,Kubernetes Deployment,Kubernetes Orchestration Deployment,REST API + gRPC/Event-Driven
1792,Low,3,Monthly,2,Low,Low,Monolithic,Single Server Deployment,REST API
49534,High,26,Daily,11,Medium,High,Microservices,Microservices with Docker,REST API + gRPC
14723,Low,14,Weekly,3,Medium,Medium,Containerized App,Docker Container Deployment,REST API
2435,Low,2,Monthly,1,Medium,Low,Monolithic,Single Server Deployment,REST API
1645,Low,3,Monthly,3,Medium,Low,Monolithic,Single Server Deployment,REST API
1418,Low,3,Monthly,1,Medium,Low,Monolithic,Single Server Deployment,REST API
3193,Low,3,Monthly,1,Medium,Low,Monolithic,Single Server Deployment,REST API
26557,Medium,30,Weekly,13,High,High,Microservices,Microservices with Docker,REST API + gRPC
14180,Medium,12,Monthly,4,High,Low,Containerized App,Docker Container Deployment,REST API
4801,Low,2,Monthly,1,Low,Low,Monolithic,Single Server Deployment,REST API
10165,Low,11,Weekly,6,Medium,Medium,Containerized App,Docker Container Deployment,REST API
28774,Medium,22,Weekly,12,Medium,High,Microservices,Microservices with Docker,REST API + gRPC
995,Low,3,Monthly,3,Low,Low,Monolithic,Single Server Deployment,REST API
1292,Low,3,Monthly,3,Medium,Low,Monolithic,Single Server Deployment,REST API
158060,High,44,Daily,24,High,High,Kubernetes Deployment,Kubernetes Orchestration Deployment,REST API + gRPC/Event-Driven
4105,Low,2,Monthly,2,Low,Low,Monolithic,Single Server Deployment,REST API
60103,High,20,Daily,25,High,High,Kubernetes Deployment,Kubernetes Orchestration Deployment,REST API + gRPC/Event-Driven
17893,Low,11,Weekly,6,High,Medium,Containerized App,Docker Container Deployment,REST API
5405,Low,13,Monthly,5,Medium,Medium,Containerized App,Docker Container Deployment,REST API
164,Low,5,Monthly,2,Medium,Low,Monolithic,Single Server Deployment,REST API
79815,High,31,Daily,12,High,High,Kubernetes Deployment,Kubernetes Orchestration Deployment,REST API + gRPC/Event-Driven
177361,High,48,Daily,18,High,High,Kubernetes Deployment,Kubernetes Orchestration Deployment,REST API + gRPC/Event-Driven
46585,Medium,18,Weekly,10,Medium,High,Microservices,Microservices with Docker,REST API + gRPC
39133,Medium,18,Weekly,10,High,High,Microservices,Microservices with Docker,REST API + gRPC
3173,Low,5,Monthly,1,Low,Low,Monolithic,Single Server Deployment,REST API
145357,High,21,Daily,19,High,High,Kubernetes Deployment,Kubernetes Orchestration Deployment,REST API + gRPC/Event-Driven
117009,High,20,Daily,23,High,High,Kubernetes Deployment,Kubernetes Orchestration Deployment,REST API + gRPC/Event-Driven
9940,Medium,7,Monthly,8,Medium,Low,Containerized App,Docker Container Deployment,REST API
31518,Medium,18,Daily,10,Medium,Medium,Microservices,Microservices with Docker,REST API + gRPC
150408,High,49,Daily,11,High,High,Kubernetes Deployment,Kubernetes Orchestration Deployment,REST API + gRPC/Event-Driven
24971,Medium,22,Weekly,11,High,High,Microservices,Microservices with Docker,REST API + gRPC
24111,High,27,Daily,12,High,High,Microservices,Microservices with Docker,REST API + gRPC
20752,Medium,17,Daily,14,Medium,High,Microservices,Microservices with Docker,REST API + gRPC
5660,Medium,14,Weekly,3,Medium,Low,Containerized App,Docker Container Deployment,REST API
138488,High,30,Daily,19,High,High,Kubernetes Deployment,Kubernetes Orchestration Deployment,REST API + gRPC/Event-Driven
2659,Low,4,Monthly,1,Low,Low,Monolithic,Single Server Deployment,REST API
121690,High,38,Daily,22,High,High,Kubernetes Deployment,Kubernetes Orchestration Deployment,REST API + gRPC/Event-Driven
48011,Medium,17,Weekly,15,Medium,Medium,Microservices,Microservices with Docker,REST API + gRPC
3982,Low,4,Monthly,3,Low,Low,Monolithic,Single Server Deployment,REST API
11494,Medium,6,Monthly,7,High,Low,Containerized App,Docker Container Deployment,REST API
17842,Medium,6,Weekly,5,Medium,Low,Containerized App,Docker Container Deployment,REST API
28009,Medium,21,Daily,10,Medium,Medium,Microservices,Microservices with Docker,REST API + gRPC
20372,Medium,22,Daily,13,Medium,Medium,Microservices,Microservices with Docker,REST API + gRPC
117264,High,44,Daily,15,High,High,Kubernetes Deployment,Kubernetes Orchestration Deployment,REST API + gRPC/Event-Driven
2070,Low,5,Monthly,1,Low,Low,Monolithic,Single Server Deployment,REST API
3882,Low,4,Monthly,2,Medium,Low,Monolithic,Single Server Deployment,REST API
86016,High,33,Daily,21,High,High,Kubernetes Deployment,Kubernetes Orchestration Deployment,REST API + gRPC/Event-Driven
6913,Low,12,Weekly,8,Medium,Low,Containerized App,Docker Container Deployment,REST API
2310,Low,3,Monthly,3,Low,Low,Monolithic,Single Server Deployment,REST API
155612,High,34,Daily,10,High,High,Kubernetes Deployment,Kubernetes Orchestration Deployment,REST API + gRPC/Event-Driven
32656,High,20,Daily,13,High,Medium,Microservices,Microservices with Docker,REST API + gRPC
48666,High,20,Daily,9,Medium,Medium,Microservices,Microservices with Docker,REST API + gRPC
89454,High,21,Daily,13,High,High,Kubernetes Deployment,Kubernetes Orchestration Deployment,REST API + gRPC/Event-Driven
138739,High,38,Daily,21,High,High,Kubernetes Deployment,Kubernetes Orchestration Deployment,REST API + gRPC/Event-Driven
7093,Low,7,Monthly,8,High,Low,Containerized App,Docker Container Deployment,REST API
40201,High,26,Daily,14,High,High,Microservices,Microservices with Docker,REST API + gRPC
26884,High,27,Weekly,12,Medium,Medium,Microservices,Microservices with Docker,REST API + gRPC
35703,Medium,29,Daily,12,High,High,Microservices,Microservices with Docker,REST API + gRPC
25484,High,28,Daily,10,Medium,Medium,Microservices,Microservices with Docker,REST API + gRPC
198730,High,42,Daily,21,High,High,Kubernetes Deployment,Kubernetes Orchestration Deployment,REST API + gRPC/Event-Driven
49340,High,21,Daily,11,Medium,Medium,Microservices,Microservices with Docker,REST API + gRPC
1397,Low,4,Monthly,3,Low,Low,Monolithic,Single Server Deployment,REST API
17048,Low,11,Monthly,8,Medium,Medium,Containerized App,Docker Container Deployment,REST API
6330,Low,8,Weekly,8,Medium,Medium,Containerized App,Docker Container Deployment,REST API
39947,High,27,Weekly,10,High,Medium,Microservices,Microservices with Docker,REST API + gRPC
839,Low,3,Monthly,2,Low,Low,Monolithic,Single Server Deployment,REST API
174146,High,50,Daily,11,High,High,Kubernetes Deployment,Kubernetes Orchestration Deployment,REST API + gRPC/Event-Driven
44697,Medium,19,Weekly,10,High,Medium,Microservices,Microservices with Docker,REST API + gRPC
44568,High,21,Daily,13,Medium,High,Microservices,Microservices with Docker,REST API + gRPC
3430,Low,2,Monthly,3,Medium,Low,Monolithic,Single Server Deployment,REST API
12130,Medium,7,Weekly,3,High,Low,Containerized App,Docker Container Deployment,REST API
3212,Low,2,Monthly,2,Medium,Low,Monolithic,Single Server Deployment,REST API
139571,High,42,Daily,18,High,High,Kubernetes Deployment,Kubernetes Orchestration Deployment,REST API + gRPC/Event-Driven
2236,Low,4,Monthly,3,Low,Low,Monolithic,Single Server Deployment,REST API
791,Low,5,Monthly,2,Low,Low,Monolithic,Single Server Deployment,REST API
47679,High,30,Daily,13,High,Medium,Microservices,Microservices with Docker,REST API + gRPC
705,Low,5,Monthly,2,Medium,Low,Monolithic,Single Server Deployment,REST API
185181,High,42,Daily,25,High,High,Kubernetes Deployment,Kubernetes Orchestration Deployment,REST API + gRPC/Event-Driven
24392,Medium,23,Weekly,11,High,High,Microservices,Microservices with Docker,REST API + gRPC
43477,High,18,Daily,12,High,High,Microservices,Microservices with Docker,REST API + gRPC
64066,High,40,Daily,25,High,High,Kubernetes Deployment,Kubernetes Orchestration Deployment,REST API + gRPC/Event-Driven
2734,Low,3,Monthly,1,Low,Low,Monolithic,Single Server Deployment,REST API
7456,Medium,11,Monthly,3,High,Medium,Containerized App,Docker Container Deployment,REST API
565,Low,5,Monthly,3,Medium,Low,Monolithic,Single Server Deployment,REST API
64214,High,41,Daily,15,High,High,Kubernetes Deployment,Kubernetes Orchestration Deployment,REST API + gRPC/Event-Driven
58228,High,21,Daily,18,High,High,Kubernetes Deployment,Kubernetes Orchestration Deployment,REST API + gRPC/Event-Driven
11215,Low,12,Monthly,8,High,Low,Containerized App,Docker Container Deployment,REST API
163434,High,44,Daily,25,High,High,Kubernetes Deployment,Kubernetes Orchestration Deployment,REST API + gRPC/Event-Driven
36103,High,20,Weekly,10,High,Medium,Microservices,Microservices with Docker,REST API + gRPC
29735,Medium,26,Daily,10,High,High,Microservices,Microservices with Docker,REST API + gRPC
76682,High,49,Daily,23,High,High,Kubernetes Deployment,Kubernetes Orchestration Deployment,REST API + gRPC/Event-Driven
100770,High,34,Daily,15,High,High,Kubernetes Deployment,Kubernetes Orchestration Deployment,REST API + gRPC/Event-Driven
14603,Low,11,Monthly,5,High,Medium,Containerized App,Docker Container Deployment,REST API
39403,Medium,18,Daily,12,High,High,Microservices,Microservices with Docker,REST API + gRPC
27442,High,16,Weekly,11,High,High,Microservices,Microservices with Docker,REST API + gRPC
39543,High,21,Daily,12,Medium,High,Microservices,Microservices with Docker,REST API + gRPC
16389,Medium,6,Monthly,7,Medium,Medium,Containerized App,Docker Container Deployment,REST API
1895,Low,3,Monthly,2,Low,Low,Monolithic,Single Server Deployment,REST API
17959,Medium,11,Monthly,4,High,Medium,Containerized App,Docker Container Deployment,REST API
132001,High,47,Daily,14,High,High,Kubernetes Deployment,Kubernetes Orchestration Deployment,REST API + gRPC/Event-Driven
175818,High,49,Daily,21,High,High,Kubernetes Deployment,Kubernetes Orchestration Deployment,REST API + gRPC/Event-Driven
133784,High,28,Daily,19,High,High,Kubernetes Deployment,Kubernetes Orchestration Deployment,REST API + gRPC/Event-Driven
20782,Medium,22,Weekly,9,Medium,Medium,Microservices,Microservices with Docker,REST API + gRPC
1564,Low,4,Monthly,3,Medium,Low,Monolithic,Single Server Deployment,REST API
35061,Medium,21,Weekly,11,High,Medium,Microservices,Microservices with Docker,REST API + gRPC
46127,High,27,Weekly,13,Medium,Medium,Microservices,Microservices with Docker,REST API + gRPC
2520,Low,5,Monthly,1,Low,Low,Monolithic,Single Server Deployment,REST API
15576,Medium,13,Monthly,3,High,Low,Containerized App,Docker Container Deployment,REST API
2642,Low,5,Monthly,2,Low,Low,Monolithic,Single Server Deployment,REST API
47314,High,17,Weekly,13,Medium,High,Microservices,Microservices with Docker,REST API + gRPC
15188,Medium,8,Weekly,4,High,Medium,Containerized App,Docker Container Deployment,REST API
17834,Low,11,Monthly,6,Medium,Low,Containerized App,Docker Container Deployment,REST API
2034,Low,4,Monthly,1,Medium,Low,Monolithic,Single Server Deployment,REST API
46696,High,29,Daily,12,Medium,Medium,Microservices,Microservices with Docker,REST API + gRPC
2291,Low,5,Monthly,1,Low,Low,Monolithic,Single Server Deployment,REST API
9012,Medium,7,Monthly,8,Medium,Medium,Containerized App,Docker Container Deployment,REST API
9128,Low,10,Weekly,7,Medium,Low,Containerized App,Docker Container Deployment,REST API
13862,Medium,11,Monthly,3,High,Medium,Containerized App,Docker Container Deployment,REST API
2465,Low,3,Monthly,1,Low,Low,Monolithic,Single Server Deployment,REST API
8769,Low,6,Monthly,3,High,Medium,Containerized App,Docker Container Deployment,REST API
62036,High,42,Daily,13,High,High,Kubernetes Deployment,Kubernetes Orchestration Deployment,REST API + gRPC/Event-Driven
35864,High,22,Daily,12,High,High,Microservices,Microservices with Docker,REST API + gRPC
33447,High,30,Daily,13,Medium,Medium,Microservices,Microservices with Docker,REST API + gRPC
15544,Low,9,Weekly,3,High,Low,Containerized App,Docker Container Deployment,REST API
374,Low,3,Monthly,2,Low,Low,Monolithic,Single Server Deployment,REST API
150797,High,49,Daily,14,High,High,Kubernetes Deployment,Kubernetes Orchestration Deployment,REST API + gRPC/Event-Driven
6754,Medium,15,Weekly,4,High,Low,Containerized App,Docker Container Deployment,REST API
43536,Medium,17,Daily,12,High,High,Microservices,Microservices with Docker,REST API + gRPC
42105,High,28,Daily,9,Medium,Medium,Microservices,Microservices with Docker,REST API + gRPC
2652,Low,5,Monthly,2,Medium,Low,Monolithic,Single Server Deployment,REST API
46979,Medium,22,Daily,14,High,Medium,Microservices,Microservices with Docker,REST API + gRPC
36823,High,24,Weekly,11,High,Medium,Microservices,Microservices with Docker,REST API + gRPC
167657,High,24,Daily,15,High,High,Kubernetes Deployment,Kubernetes Orchestration Deployment,REST API + gRPC/Event-Driven
48134,Medium,18,Daily,12,High,Medium,Microservices,Microservices with Docker,REST API + gRPC
8913,Low,9,Monthly,5,Medium,Medium,Containerized App,Docker Container Deployment,REST API
13009,Medium,10,Monthly,6,Medium,Medium,Containerized App,Docker Container Deployment,REST API
42901,Medium,27,Weekly,10,High,Medium,Microservices,Microservices with Docker,REST API + gRPC
27160,Medium,30,Daily,15,High,Medium,Microservices,Microservices with Docker,REST API + gRPC
46873,Medium,18,Weekly,13,Medium,High,Microservices,Microservices with Docker,REST API + gRPC
802,Low,2,Monthly,2,Low,Low,Monolithic,Single Server Deployment,REST API
199170,High,39,Daily,20,High,High,Kubernetes Deployment,Kubernetes Orchestration Deployment,REST API + gRPC/Event-Driven
196519,High,41,Daily,18,High,High,Kubernetes Deployment,Kubernetes Orchestration Deployment,REST API + gRPC/Event-Driven
192351,High,41,Daily,12,High,High,Kubernetes Deployment,Kubernetes Orchestration Deployment,REST API + gRPC/Event-Driven
145632,High,46,Daily,23,High,High,Kubernetes Deployment,Kubernetes Orchestration Deployment,REST API + gRPC/Event-Driven
19746,Medium,13,Weekly,8,Medium,Low,Containerized App,Docker Container Deployment,REST API
1994,Low,5,Monthly,3,Low,Low,Monolithic,Single Server Deployment,REST API
20354,High,20,Weekly,9,High,Medium,Microservices,Microservices with Docker,REST API + gRPC
35455,Medium,30,Daily,15,High,Medium,Microservices,Microservices with Docker,REST API + gRPC
2911,Low,3,Monthly,3,Medium,Low,Monolithic,Single Server Deployment,REST API
2712,Low,3,Monthly,1,Medium,Low,Monolithic,Single Server Deployment,REST API
133661,High,25,Daily,24,High,High,Kubernetes Deployment,Kubernetes Orchestration Deployment,REST API + gRPC/Event-Driven
3637,Low,4,Monthly,2,Medium,Low,Monolithic,Single Server Deployment,REST API
2695,Low,4,Monthly,3,Medium,Low,Monolithic,Single Server Deployment,REST API
2265,Low,5,Monthly,1,Low,Low,Monolithic,Single Server Deployment,REST API
26222,Medium,21,Daily,13,Medium,High,Microservices,Microservices with Docker,REST API + gRPC
63043,High,22,Daily,18,High,High,Kubernetes Deployment,Kubernetes Orchestration Deployment,REST API + gRPC/Event-Driven
1003,Low,2,Monthly,2,Medium,Low,Monolithic,Single Server Deployment,REST API
134132,High,40,Daily,22,High,High,Kubernetes Deployment,Kubernetes Orchestration Deployment,REST API + gRPC/Event-Driven
9138,Low,12,Weekly,3,Medium,Low,Containerized App,Docker Container Deployment,REST API
2449,Low,3,Monthly,1,Medium,Low,Monolithic,Single Server Deployment,REST API
3560,Low,4,Monthly,3,Low,Low,Monolithic,Single Server Deployment,REST API
503,Low,5,Monthly,2,Medium,Low,Monolithic,Single Server Deployment,REST API
24880,Medium,17,Weekly,13,Medium,High,Microservices,Microservices with Docker,REST API + gRPC
1947,Low,4,Monthly,3,Medium,Low,Monolithic,Single Server Deployment,REST API
67653,High,30,Daily,23,High,High,Kubernetes Deployment,Kubernetes Orchestration Deployment,REST API + gRPC/Event-Driven
20228,Medium,17,Daily,14,Medium,Medium,Microservices,Microservices with Docker,REST API + gRPC
63954,High,21,Daily,17,High,High,Kubernetes Deployment,Kubernetes Orchestration Deployment,REST API + gRPC/Event-Driven
19539,Low,10,Weekly,4,High,Low,Containerized App,Docker Container Deployment,REST API
69188,High,49,Daily,16,High,High,Kubernetes Deployment,Kubernetes Orchestration Deployment,REST API + gRPC/Event-Driven
45361,Medium,25,Weekly,9,Medium,Medium,Microservices,Microservices with Docker,REST API + gRPC
38203,Medium,28,Weekly,10,High,Medium,Microservices,Microservices with Docker,REST API + gRPC
25998,Medium,22,Daily,15,High,High,Microservices,Microservices with Docker,REST API + gRPC
12785,Medium,6,Weekly,4,Medium,Low,Containerized App,Docker Container Deployment,REST API
45071,High,24,Weekly,11,High,High,Microservices,Microservices with Docker,REST API + gRPC
7175,Medium,11,Weekly,8,Medium,Medium,Containerized App,Docker Container Deployment,REST API
109303,High,45,Daily,22,High,High,Kubernetes Deployment,Kubernetes Orchestration Deployment,REST API + gRPC/Event-Driven
1187,Low,3,Monthly,1,Medium,Low,Monolithic,Single Server Deployment,REST API
25681,Medium,21,Weekly,10,Medium,Medium,Microservices,Microservices with Docker,REST API + gRPC
14235,Low,12,Monthly,5,High,Medium,Containerized App,Docker Container Deployment,REST API
42314,High,20,Daily,10,Medium,Medium,Microservices,Microservices with Docker,REST API + gRPC
16007,Medium,11,Monthly,5,Medium,Low,Containerized App,Docker Container Deployment,REST API
107947,High,34,Daily,13,High,High,Kubernetes Deployment,Kubernetes Orchestration Deployment,REST API + gRPC/Event-Driven
4777,Low,2,Monthly,3,Medium,Low,Monolithic,Single Server Deployment,REST API
12323,Medium,13,Monthly,5,Medium,Low,Containerized App,Docker Container Deployment,REST API
14724,Medium,7,Monthly,3,Medium,Low,Containerized App,Docker Container Deployment,REST API
4127,Low,5,Monthly,3,Medium,Low,Monolithic,Single Server Deployment,REST API
4994,Low,2,Monthly,1,Medium,Low,Monolithic,Single Server Deployment,REST API
4590,Low,5,Monthly,2,Low,Low,Monolithic,Single Server Deployment,REST API
31544,High,23,Weekly,13,High,High,Microservices,Microservices with Docker,REST API + gRPC
444,Low,4,Monthly,3,Low,Low,Monolithic,Single Server Deployment,REST API
2431,Low,4,Monthly,2,Medium,Low,Monolithic,Single Server Deployment,REST API
3530,Low,3,Monthly,2,Low,Low,Monolithic,Single Server Deployment,REST API
160474,High,50,Daily,15,High,High,Kubernetes Deployment,Kubernetes Orchestration Deployment,REST API + gRPC/Event-Driven
526,Low,4,Monthly,1,Medium,Low,Monolithic,Single Server Deployment,REST API
304,Low,3,Monthly,2,Low,Low,Monolithic,Single Server Deployment,REST API
24730,High,25,Weekly,9,Medium,High,Microservices,Microservices with Docker,REST API + gRPC
17887,Medium,15,Weekly,6,High,Medium,Containerized App,Docker Container Deployment,REST API
5491,Low,8,Weekly,6,Medium,Medium,Containerized App,Docker Container Deployment,REST API
43221,High,28,Daily,12,High,Medium,Microservices,Microservices with Docker,REST API + gRPC
14432,Medium,6,Weekly,8,High,Medium,Containerized App,Docker Container Deployment,REST API
82558,High,43,Daily,21,High,High,Kubernetes Deployment,Kubernetes Orchestration Deployment,REST API + gRPC/Event-Driven
853,Low,2,Monthly,3,Low,Low,Monolithic,Single Server Deployment,REST API
1606,Low,2,Monthly,1,Low,Low,Monolithic,Single Server Deployment,REST API
6592,Low,9,Monthly,8,High,Low,Containerized App,Docker Container Deployment,REST API
159361,High,35,Daily,16,High,High,Kubernetes Deployment,Kubernetes Orchestration Deployment,REST API + gRPC/Event-Driven
8487,Low,14,Monthly,8,High,Medium,Containerized App,Docker Container Deployment,REST API
21061,Medium,25,Daily,14,High,Medium,Microservices,Microservices with Docker,REST API + gRPC
131554,High,32,Daily,24,High,High,Kubernetes Deployment,Kubernetes Orchestration Deployment,REST API + gRPC/Event-Driven
3208,Low,2,Monthly,2,Medium,Low,Monolithic,Single Server Deployment,REST API
23876,Medium,20,Daily,9,Medium,High,Microservices,Microservices with Docker,REST API + gRPC
29845,Medium,22,Weekly,10,Medium,Medium,Microservices,Microservices with Docker,REST API + gRPC
3179,Low,3,Monthly,1,Low,Low,Monolithic,Single Server Deployment,REST API
6512,Medium,6,Weekly,4,High,Low,Containerized App,Docker Container Deployment,REST API
18567,Low,11,Weekly,8,Medium,Low,Containerized App,Docker Container Deployment,REST API
63733,High,22,Daily,15,High,High,Kubernetes Deployment,Kubernetes Orchestration Deployment,REST API + gRPC/Event-Driven
16306,Low,7,Monthly,7,High,Medium,Containerized App,Docker Container Deployment,REST API
3652,Low,3,Monthly,2,Medium,Low,Monolithic,Single Server Deployment,REST API
113318,High,30,Daily,21,High,High,Kubernetes Deployment,Kubernetes Orchestration Deployment,REST API + gRPC/Event-Driven
86682,High,36,Daily,12,High,High,Kubernetes Deployment,Kubernetes Orchestration Deployment,REST API + gRPC/Event-Driven
37223,High,16,Weekly,15,High,Medium,Microservices,Microservices with Docker,REST API + gRPC
100517,High,49,Daily,13,High,High,Kubernetes Deployment,Kubernetes Orchestration Deployment,REST API + gRPC/Event-Driven
25236,Medium,20,Weekly,11,Medium,Medium,Microservices,Microservices with Docker,REST API + gRPC
738,Low,3,Monthly,3,Low,Low,Monolithic,Single Server Deployment,REST API
149110,High,34,Daily,25,High,High,Kubernetes Deployment,Kubernetes Orchestration Deployment,REST API + gRPC/Event-Driven
3696,Low,2,Monthly,1,Medium,Low,Monolithic,Single Server Deployment,REST API
58698,High,47,Daily,18,High,High,Kubernetes Deployment,Kubernetes Orchestration Deployment,REST API + gRPC/Event-Driven
16949,Medium,15,Monthly,8,High,Low,Containerized App,Docker Container Deployment,REST API
82040,High,34,Daily,17,High,High,Kubernetes Deployment,Kubernetes Orchestration Deployment,REST API + gRPC/Event-Driven
14268,Low,14,Monthly,8,Medium,Medium,Containerized App,Docker Container Deployment,REST API
21605,Medium,29,Daily,11,High,Medium,Microservices,Microservices with Docker,REST API + gRPC
48210,Medium,26,Daily,12,High,High,Microservices,Microservices with Docker,REST API + gRPC
5026,Low,7,Weekly,7,High,Medium,Containerized App,Docker Container Deployment,REST API
544,Low,3,Monthly,2,Low,Low,Monolithic,Single Server Deployment,REST API
15109,Low,12,Weekly,4,Medium,Low,Containerized App,Docker Container Deployment,REST API
4221,Low,4,Monthly,2,Low,Low,Monolithic,Single Server Deployment,REST API
19726,Medium,10,Monthly,8,Medium,Medium,Containerized App,Docker Container Deployment,REST API
11506,Low,9,Monthly,8,Medium,Low,Containerized App,Docker Container Deployment,REST API
32273,High,26,Weekly,12,Medium,High,Microservices,Microservices with Docker,REST API + gRPC
16537,Low,9,Monthly,4,Medium,Low,Containerized App,Docker Container Deployment,REST API
57239,High,43,Daily,25,High,High,Kubernetes Deployment,Kubernetes Orchestration Deployment,REST API + gRPC/Event-Driven
198004,High,43,Daily,11,High,High,Kubernetes Deployment,Kubernetes Orchestration Deployment,REST API + gRPC/Event-Driven
35079,Medium,19,Daily,9,High,Medium,Microservices,Microservices with Docker,REST API + gRPC
9694,Low,15,Monthly,5,Medium,Medium,Containerized App,Docker Container Deployment,REST API
27660,Medium,21,Daily,10,Medium,Medium,Microservices,Microservices with Docker,REST API + gRPC
3327,Low,2,Monthly,1,Medium,Low,Monolithic,Single Server Deployment,REST API
142744,High,36,Daily,23,High,High,Kubernetes Deployment,Kubernetes Orchestration Deployment,REST API + gRPC/Event-Driven
10153,Medium,15,Monthly,6,Medium,Medium,Containerized App,Docker Container Deployment,REST API
40520,Medium,21,Weekly,11,Medium,Medium,Microservices,Microservices with Docker,REST API + gRPC
8344,Medium,12,Weekly,5,High,Low,Containerized App,Docker Container Deployment,REST API
3400,Low,4,Monthly,3,Medium,Low,Monolithic,Single Server Deployment,REST API
3112,Low,4,Monthly,1,Low,Low,Monolithic,Single Server Deployment,REST API
10680,Medium,15,Weekly,5,Medium,Low,Containerized App,Docker Container Deployment,REST API
41630,High,24,Weekly,10,High,High,Microservices,Microservices with Docker,REST API + gRPC
28317,High,22,Weekly,15,Medium,High,Microservices,Microservices with Docker,REST API + gRPC
150755,High,25,Daily,19,High,High,Kubernetes Deployment,Kubernetes Orchestration Deployment,REST API + gRPC/Event-Driven
2450,Low,5,Monthly,3,Low,Low,Monolithic,Single Server Deployment,REST API
34009,High,17,Weekly,12,Medium,High,Microservices,Microservices with Docker,REST API + gRPC
101377,High,39,Daily,18,High,High,Kubernetes Deployment,Kubernetes Orchestration Deployment,REST API + gRPC/Event-Driven
130353,High,40,Daily,25,High,High,Kubernetes Deployment,Kubernetes Orchestration Deployment,REST API + gRPC/Event-Driven
197453,High,27,Daily,18,High,High,Kubernetes Deployment,Kubernetes Orchestration Deployment,REST API + gRPC/Event-Driven
24965,Medium,19,Daily,14,Medium,Medium,Microservices,Microservices with Docker,REST API + gRPC
2710,Low,5,Monthly,2,Medium,Low,Monolithic,Single Server Deployment,REST API
137605,High,29,Daily,23,High,High,Kubernetes Deployment,Kubernetes Orchestration Deployment,REST API + gRPC/Event-Driven
44811,Medium,20,Weekly,15,High,High,Microservices,Microservices with Docker,REST API + gRPC
4118,Low,5,Monthly,1,Medium,Low,Monolithic,Single Server Deployment,REST API
164450,High,49,Daily,18,High,High,Kubernetes Deployment,Kubernetes Orchestration Deployment,REST API + gRPC/Event-Driven
7797,Medium,13,Weekly,8,High,Low,Containerized App,Docker Container Deployment,REST API
42529,High,17,Weekly,15,High,Medium,Microservices,Microservices with Docker,REST API + gRPC
21943,Medium,21,Daily,13,High,Medium,Microservices,Microservices with Docker,REST API + gRPC
36371,Medium,22,Daily,11,Medium,Medium,Microservices,Microservices with Docker,REST API + gRPC
19222,Low,13,Weekly,7,Medium,Low,Containerized App,Docker Container Deployment,REST API
78449,High,46,Daily,20,High,High,Kubernetes Deployment,Kubernetes Orchestration Deployment,REST API + gRPC/Event-Driven
13175,Low,13,Weekly,4,High,Low,Containerized App,Docker Container Deployment,REST API
42659,Medium,30,Daily,15,Medium,High,Microservices,Microservices with Docker,REST API + gRPC
7594,Low,7,Weekly,3,Medium,Low,Containerized App,Docker Container Deployment,REST API
6794,Medium,7,Weekly,4,Medium,Low,Containerized App,Docker Container Deployment,REST API
18264,Low,6,Weekly,7,Medium,Low,Containerized App,Docker Container Deployment,REST API
38082,High,21,Weekly,10,Medium,High,Microservices,Microservices with Docker,REST API + gRPC
100126,High,44,Daily,17,High,High,Kubernetes Deployment,Kubernetes Orchestration Deployment,REST API + gRPC/Event-Driven
149239,High,27,Daily,13,High,High,Kubernetes Deployment,Kubernetes Orchestration Deployment,REST API + gRPC/Event-Driven
14752,Low,14,Monthly,5,High,Medium,Containerized App,Docker Container Deployment,REST API
97286,High,20,Daily,10,High,High,Kubernetes Deployment,Kubernetes Orchestration Deployment,REST API + gRPC/Event-Driven
40420,High,18,Weekly,9,High,Medium,Microservices,Microservices with Docker,REST API + gRPC
3421,Low,2,Monthly,1,Medium,Low,Monolithic,Single Server Deployment,REST API
47069,High,26,Weekly,12,High,Medium,Microservices,Microservices with Docker,REST API + gRPC
2215,Low,3,Monthly,3,Medium,Low,Monolithic,Single Server Deployment,REST API
6842,Medium,13,Weekly,7,High,Low,Containerized App,Docker Container Deployment,REST API
178960,High,49,Daily,19,High,High,Kubernetes Deployment,Kubernetes Orchestration Deployment,REST API + gRPC/Event-Driven
18326,Low,13,Weekly,3,High,Low,Containerized App,Docker Container Deployment,REST API
11102,Low,6,Monthly,8,High,Medium,Containerized App,Docker Container Deployment,REST API
20411,Medium,26,Daily,12,Medium,Medium,Microservices,Microservices with Docker,REST API + gRPC
8635,Medium,6,Monthly,3,Medium,Low,Containerized App,Docker Container Deployment,REST API
2811,Low,5,Monthly,2,Low,Low,Monolithic,Single Server Deployment,REST API
17018,Low,6,Weekly,4,Medium,Medium,Containerized App,Docker Container Deployment,REST API
181536,High,37,Daily,20,High,High,Kubernetes Deployment,Kubernetes Orchestration Deployment,REST API + gRPC/Event-Driven
8899,Medium,8,Weekly,6,High,Medium,Containerized App,Docker Container Deployment,REST API
864,Low,4,Monthly,2,Low,Low,Monolithic,Single Server Deployment,REST API
1204,Low,2,Monthly,3,Medium,Low,Monolithic,Single Server Deployment,REST API
17936,Low,12,Weekly,3,High,Medium,Containerized App,Docker Container Deployment,REST API
2376,Low,4,Monthly,1,Medium,Low,Monolithic,Single Server Deployment,REST API
21902,High,23,Daily,15,Medium,High,Microservices,Microservices with Docker,REST API + gRPC
4884,Low,3,Monthly,1,Low,Low,Monolithic,Single Server Deployment,REST API
11000,Medium,8,Weekly,8,Medium,Low,Containerized App,Docker Container Deployment,REST API
15369,Medium,13,Monthly,3,High,Medium,Containerized App,Docker Container Deployment,REST API
4548,Low,2,Monthly,1,Medium,Low,Monolithic,Single Server Deployment,REST API
1821,Low,5,Monthly,3,Medium,Low,Monolithic,Single Server Deployment,REST API
2443,Low,4,Monthly,1,Medium,Low,Monolithic,Single Server Deployment,REST API
6921,Medium,9,Monthly,7,High,Low,Containerized App,Docker Container Deployment,REST API
3431,Low,3,Monthly,1,Medium,Low,Monolithic,Single Server Deployment,REST API
95383,High,33,Daily,16,High,High,Kubernetes Deployment,Kubernetes Orchestration Deployment,REST API + gRPC/Event-Driven
113821,High,42,Daily,23,High,High,Kubernetes Deployment,Kubernetes Orchestration Deployment,REST API + gRPC/Event-Driven
168120,High,26,Daily,17,High,High,Kubernetes Deployment,Kubernetes Orchestration Deployment,REST API + gRPC/Event-Driven
40307,Medium,20,Daily,13,Medium,Medium,Microservices,Microservices with Docker,REST API + gRPC
14124,Low,8,Weekly,3,Medium,Low,Containerized App,Docker Container Deployment,REST API
60366,High,31,Daily,10,High,High,Kubernetes Deployment,Kubernetes Orchestration Deployment,REST API + gRPC/Event-Driven
19770,Low,10,Monthly,5,Medium,Low,Containerized App,Docker Container Deployment,REST API
1867,Low,2,Monthly,1,Medium,Low,Monolithic,Single Server Deployment,REST API
13083,Medium,6,Weekly,5,High,Medium,Containerized App,Docker Container Deployment,REST API
6000,Low,10,Monthly,8,High,Low,Containerized App,Docker Container Deployment,REST API
13109,Medium,12,Monthly,7,High,Medium,Containerized App,Docker Container Deployment,REST API
43181,Medium,20,Daily,13,High,Medium,Microservices,Microservices with Docker,REST API + gRPC
31066,Medium,27,Weekly,9,High,Medium,Microservices,Microservices with Docker,REST API + gRPC
16686,Medium,8,Monthly,6,Medium,Medium,Containerized App,Docker Container Deployment,REST API
30835,Medium,22,Weekly,9,High,High,Microservices,Microservices with Docker,REST API + gRPC
1069,Low,2,Monthly,3,Low,Low,Monolithic,Single Server Deployment,REST API
11101,Low,6,Monthly,5,High,Medium,Containerized App,Docker Container Deployment,REST API
42241,Medium,16,Weekly,14,Medium,Medium,Microservices,Microservices with Docker,REST API + gRPC
23858,High,17,Daily,15,Medium,Medium,Microservices,Microservices with Docker,REST API + gRPC
41917,High,29,Daily,10,High,Medium,Microservices,Microservices with Docker,REST API + gRPC
46850,Medium,17,Weekly,10,Medium,Medium,Microservices,Microservices with Docker,REST API + gRPC
6459,Medium,6,Monthly,8,Medium,Medium,Containerized App,Docker Container Deployment,REST API
7563,Low,12,Monthly,4,Medium,Medium,Containerized App,Docker Container Deployment,REST API
48396,High,22,Daily,11,Medium,High,Microservices,Microservices with Docker,REST API + gRPC
34753,High,18,Weekly,11,High,Medium,Microservices,Microservices with Docker,REST API + gRPC
4107,Low,5,Monthly,1,Medium,Low,Monolithic,Single Server Deployment,REST API
9323,Low,8,Monthly,7,High,Medium,Containerized App,Docker Container Deployment,REST API
14948,Medium,7,Monthly,4,High,Low,Containerized App,Docker Container Deployment,REST API
131429,High,37,Daily,23,High,High,Kubernetes Deployment,Kubernetes Orchestration Deployment,REST API + gRPC/Event-Driven
96851,High,46,Daily,16,High,High,Kubernetes Deployment,Kubernetes Orchestration Deployment,REST API + gRPC/Event-Driven
3495,Low,3,Monthly,3,Medium,Low,Monolithic,Single Server Deployment,REST API
2971,Low,4,Monthly,1,Low,Low,Monolithic,Single Server Deployment,REST API
17834,Low,8,Weekly,5,High,Low,Containerized App,Docker Container Deployment,REST API
156105,High,33,Daily,19,High,High,Kubernetes Deployment,Kubernetes Orchestration Deployment,REST API + gRPC/Event-Driven
265,Low,4,Monthly,2,Medium,Low,Monolithic,Single Server Deployment,REST API
46676,High,25,Weekly,11,High,High,Microservices,Microservices with Docker,REST API + gRPC
155305,High,22,Daily,23,High,High,Kubernetes Deployment,Kubernetes Orchestration Deployment,REST API + gRPC/Event-Driven
33713,High,25,Daily,11,High,Medium,Microservices,Microservices with Docker,REST API + gRPC
2569,Low,3,Monthly,1,Medium,Low,Monolithic,Single Server Deployment,REST API
7382,Low,10,Monthly,3,High,Medium,Containerized App,Docker Container Deployment,REST API
19448,Medium,12,Weekly,5,Medium,Medium,Containerized App,Docker Container Deployment,REST API
44533,Medium,22,Daily,11,High,Medium,Microservices,Microservices with Docker,REST API + gRPC
1627,Low,3,Monthly,3,Medium,Low,Monolithic,Single Server Deployment,REST API
4632,Low,5,Monthly,3,Medium,Low,Monolithic,Single Server Deployment,REST API
11979,Low,13,Weekly,4,Medium,Low,Containerized App,Docker Container Deployment,REST API
111,Low,2,Monthly,2,Medium,Low,Monolithic,Single Server Deployment,REST API
6160,Medium,15,Monthly,7,High,Low,Containerized App,Docker Container Deployment,REST API
16330,Medium,11,Monthly,4,High,Medium,Containerized App,Docker Container Deployment,REST API
94931,High,36,Daily,10,High,High,Kubernetes Deployment,Kubernetes Orchestration Deployment,REST API + gRPC/Event-Driven
8941,Low,14,Monthly,4,Medium,Medium,Containerized App,Docker Container Deployment,REST API
84964,High,35,Daily,14,High,High,Kubernetes Deployment,Kubernetes Orchestration Deployment,REST API + gRPC/Event-Driven
152839,High,28,Daily,19,High,High,Kubernetes Deployment,Kubernetes Orchestration Deployment,REST API + gRPC/Event-Driven
20475,High,21,Daily,15,Medium,High,Microservices,Microservices with Docker,REST API + gRPC
57770,High,29,Daily,14,High,High,Kubernetes Deployment,Kubernetes Orchestration Deployment,REST API + gRPC/Event-Driven
22880,Medium,23,Daily,14,High,High,Microservices,Microservices with Docker,REST API + gRPC
8141,Medium,11,Weekly,7,High,Low,Containerized App,Docker Container Deployment,REST API
20803,High,24,Daily,14,High,High,Microservices,Microservices with Docker,REST API + gRPC
151891,High,38,Daily,15,High,High,Kubernetes Deployment,Kubernetes Orchestration Deployment,REST API + gRPC/Event-Driven
47069,High,17,Weekly,15,Medium,High,Microservices,Microservices with Docker,REST API + gRPC
522,Low,2,Monthly,2,Medium,Low,Monolithic,Single Server Deployment,REST API
36604,Medium,16,Weekly,11,Medium,High,Microservices,Microservices with Docker,REST API + gRPC
199887,High,20,Daily,12,High,High,Kubernetes Deployment,Kubernetes Orchestration Deployment,REST API + gRPC/Event-Driven
5545,Low,6,Weekly,6,Medium,Medium,Containerized App,Docker Container Deployment,REST API
163968,High,32,Daily,21,High,High,Kubernetes Deployment,Kubernetes Orchestration Deployment,REST API + gRPC/Event-Driven
17136,Medium,13,Monthly,4,High,Medium,Containerized App,Docker Container Deployment,REST API
10790,Low,7,Weekly,8,High,Medium,Containerized App,Docker Container Deployment,REST API
49306,Medium,29,Weekly,13,Medium,Medium,Microservices,Microservices with Docker,REST API + gRPC
134728,High,26,Daily,25,High,High,Kubernetes Deployment,Kubernetes Orchestration Deployment,REST API + gRPC/Event-Driven
8955,Medium,13,Monthly,6,Medium,Medium,Containerized App,Docker Container Deployment,REST API
39556,High,21,Weekly,11,Medium,Medium,Microservices,Microservices with Docker,REST API + gRPC
43587,Medium,18,Weekly,11,High,High,Microservices,Microservices with Docker,REST API + gRPC
11189,Low,13,Weekly,6,High,Low,Containerized App,Docker Container Deployment,REST API
46217,Medium,22,Weekly,12,Medium,Medium,Microservices,Microservices with Docker,REST API + gRPC
18453,Medium,6,Weekly,3,High,Medium,Containerized App,Docker Container Deployment,REST API
46440,High,26,Weekly,11,High,High,Microservices,Microservices with Docker,REST API + gRPC
97090,High,47,Daily,19,High,High,Kubernetes Deployment,Kubernetes Orchestration Deployment,REST API + gRPC/Event-Driven
36914,Medium,17,Daily,9,High,Medium,Microservices,Microservices with Docker,REST API + gRPC
14381,Medium,13,Weekly,4,High,Low,Containerized App,Docker Container Deployment,REST API
15848,Medium,10,Weekly,3,High,Medium,Containerized App,Docker Container Deployment,REST API
84498,High,39,Daily,11,High,High,Kubernetes Deployment,Kubernetes Orchestration Deployment,REST API + gRPC/Event-Driven
47539,Medium,18,Weekly,13,High,Medium,Microservices,Microservices with Docker,REST API + gRPC
14760,Medium,7,Monthly,4,High,Medium,Containerized App,Docker Container Deployment,REST API
3128,Low,5,Monthly,2,Low,Low,Monolithic,Single Server Deployment,REST API
38763,High,23,Weekly,10,High,High,Microservices,Microservices with Docker,REST API + gRPC
15084,Low,15,Weekly,4,Medium,Medium,Containerized App,Docker Container Deployment,REST API
10248,Low,12,Weekly,8,High,Low,Containerized App,Docker Container Deployment,REST API
50068,High,39,Daily,11,High,High,Kubernetes Deployment,Kubernetes Orchestration Deployment,REST API + gRPC/Event-Driven
65846,High,38,Daily,17,High,High,Kubernetes Deployment,Kubernetes Orchestration Deployment,REST API + gRPC/Event-Driven
857,Low,3,Monthly,1,Medium,Low,Monolithic,Single Server Deployment,REST API
2769,Low,2,Monthly,2,Medium,Low,Monolithic,Single Server Deployment,REST API
27992,Medium,23,Weekly,11,High,High,Microservices,Microservices with Docker,REST API + gRPC
49625,Medium,25,Daily,9,High,Medium,Microservices,Microservices with Docker,REST API + gRPC
21452,Medium,25,Daily,12,High,Medium,Microservices,Microservices with Docker,REST API + gRPC
17602,Medium,6,Weekly,7,High,Low,Containerized App,Docker Container Deployment,REST API
29717,High,18,Weekly,10,High,Medium,Microservices,Microservices with Docker,REST API + gRPC
107336,High,45,Daily,25,High,High,Kubernetes Deployment,Kubernetes Orchestration Deployment,REST API + gRPC/Event-Driven
27466,Medium,21,Weekly,13,High,Medium,Microservices,Microservices with Docker,REST API + gRPC
16386,Low,6,Weekly,3,Medium,Medium,Containerized App,Docker Container Deployment,REST API
128,Low,2,Monthly,2,Medium,Low,Monolithic,Single Server Deployment,REST API
22195,Medium,26,Daily,14,Medium,High,Microservices,Microservices with Docker,REST API + gRPC
29181,High,30,Weekly,9,Medium,High,Microservices,Microservices with Docker,REST API + gRPC
10077,Medium,11,Monthly,7,High,Low,Containerized App,Docker Container Deployment,REST API
4024,Low,3,Monthly,1,Medium,Low,Monolithic,Single Server Deployment,REST API
23089,Medium,28,Daily,14,Medium,High,Microservices,Microservices with Docker,REST API + gRPC
1717,Low,5,Monthly,2,Medium,Low,Monolithic,Single Server Deployment,REST API
3773,Low,3,Monthly,3,Medium,Low,Monolithic,Single Server Deployment,REST API
982,Low,5,Monthly,1,Low,Low,Monolithic,Single Server Deployment,REST API
4632,Low,2,Monthly,2,Medium,Low,Monolithic,Single Server Deployment,REST API
2872,Low,2,Monthly,1,Medium,Low,Monolithic,Single Server Deployment,REST API
13102,Low,9,Monthly,4,High,Low,Containerized App,Docker Container Deployment,REST API
24897,Medium,27,Weekly,9,Medium,Medium,Microservices,Microservices with Docker,REST API + gRPC
4287,Low,5,Monthly,3,Low,Low,Monolithic,Single Server Deployment,REST API
1340,Low,5,Monthly,3,Medium,Low,Monolithic,Single Server Deployment,REST API
114506,High,26,Daily,18,High,High,Kubernetes Deployment,Kubernetes Orchestration Deployment,REST API + gRPC/Event-Driven
153209,High,45,Daily,18,High,High,Kubernetes Deployment,Kubernetes Orchestration Deployment,REST API + gRPC/Event-Driven
41085,High,23,Daily,15,Medium,High,Microservices,Microservices with Docker,REST API + gRPC
13557,Medium,6,Weekly,7,Medium,Medium,Containerized App,Docker Container Deployment,REST API
43172,Medium,28,Daily,9,High,Medium,Microservices,Microservices with Docker,REST API + gRPC
4750,Low,3,Monthly,3,Low,Low,Monolithic,Single Server Deployment,REST API
1940,Low,3,Monthly,1,Low,Low,Monolithic,Single Server Deployment,REST API
20143,Medium,17,Weekly,15,Medium,Medium,Microservices,Microservices with Docker,REST API + gRPC
73227,High,36,Daily,19,High,High,Kubernetes Deployment,Kubernetes Orchestration Deployment,REST API + gRPC/Event-Driven
120426,High,40,Daily,23,High,High,Kubernetes Deployment,Kubernetes Orchestration Deployment,REST API + gRPC/Event-Driven
161916,High,32,Daily,25,High,High,Kubernetes Deployment,Kubernetes Orchestration Deployment,REST API + gRPC/Event-Driven
4990,Low,4,Monthly,2,Low,Low,Monolithic,Single Server Deployment,REST API
46889,High,29,Weekly,14,Medium,High,Microservices,Microservices with Docker,REST API + gRPC
28640,Medium,24,Weekly,15,High,High,Microservices,Microservices with Docker,REST API + gRPC
141184,High,48,Daily,25,High,High,Kubernetes Deployment,Kubernetes Orchestration Deployment,REST API + gRPC/Event-Driven
97613,High,30,Daily,22,High,High,Kubernetes Deployment,Kubernetes Orchestration Deployment,REST API + gRPC/Event-Driven
54171,High,31,Daily,10,High,High,Kubernetes Deployment,Kubernetes Orchestration Deployment,REST API + gRPC/Event-Driven
134765,High,38,Daily,23,High,High,Kubernetes Deployment,Kubernetes Orchestration Deployment,REST API + gRPC/Event-Driven
27480,Medium,28,Weekly,12,High,Medium,Microservices,Microservices with Docker,REST API + gRPC
135077,High,30,Daily,20,High,High,Kubernetes Deployment,Kubernetes Orchestration Deployment,REST API + gRPC/Event-Driven
4047,Low,4,Monthly,3,Medium,Low,Monolithic,Single Server Deployment,REST API
4535,Low,5,Monthly,3,Low,Low,Monolithic,Single Server Deployment,REST API
46205,Medium,21,Weekly,13,Medium,High,Microservices,Microservices with Docker,REST API + gRPC
20636,High,21,Daily,11,Medium,High,Microservices,Microservices with Docker,REST API + gRPC
25538,Medium,30,Daily,9,Medium,Medium,Microservices,Microservices with Docker,REST API + gRPC
2005,Low,2,Monthly,3,Low,Low,Monolithic,Single Server Deployment,REST API
11093,Low,14,Monthly,3,High,Low,Containerized App,Docker Container Deployment,REST API
45427,High,19,Weekly,10,High,High,Microservices,Microservices with Docker,REST API + gRPC
18513,Medium,11,Weekly,8,High,Low,Containerized App,Docker Container Deployment,REST API
64193,High,41,Daily,17,High,High,Kubernetes Deployment,Kubernetes Orchestration Deployment,REST API + gRPC/Event-Driven
176002,High,32,Daily,11,High,High,Kubernetes Deployment,Kubernetes Orchestration Deployment,REST API + gRPC/Event-Driven
9277,Medium,8,Monthly,6,Medium,Medium,Containerized App,Docker Container Deployment,REST API
12070,Medium,10,Monthly,3,Medium,Low,Containerized App,Docker Container Deployment,REST API
128404,High,43,Daily,18,High,High,Kubernetes Deployment,Kubernetes Orchestration Deployment,REST API + gRPC/Event-Driven
31020,High,28,Weekly,10,Medium,High,Microservices,Microservices with Docker,REST API + gRPC
12142,Low,13,Monthly,8,High,Low,Containerized App,Docker Container Deployment,REST API
25909,Medium,23,Weekly,13,High,Medium,Microservices,Microservices with Docker,REST API + gRPC
28091,High,19,Weekly,13,Medium,High,Microservices,Microservices with Docker,REST API + gRPC
1510,Low,4,Monthly,1,Low,Low,Monolithic,Single Server Deployment,REST API
52812,High,46,Daily,18,High,High,Kubernetes Deployment,Kubernetes Orchestration Deployment,REST API + gRPC/Event-Driven
59063,High,43,Daily,20,High,High,Kubernetes Deployment,Kubernetes Orchestration Deployment,REST API + gRPC/Event-Driven
74745,High,35,Daily,17,High,High,Kubernetes Deployment,Kubernetes Orchestration Deployment,REST API + gRPC/Event-Driven
185990,High,25,Daily,12,High,High,Kubernetes Deployment,Kubernetes Orchestration Deployment,REST API + gRPC/Event-Driven
1982,Low,5,Monthly,3,Low,Low,Monolithic,Single Server Deployment,REST API
13047,Low,8,Monthly,5,Medium,Medium,Containerized App,Docker Container Deployment,REST API
3444,Low,3,Monthly,2,Medium,Low,Monolithic,Single Server Deployment,REST API
8533,Low,8,Weekly,6,High,Low,Containerized App,Docker Container Deployment,REST API
12588,Low,7,Weekly,3,High,Low,Containerized App,Docker Container Deployment,REST API
34703,High,22,Daily,10,Medium,High,Microservices,Microservices with Docker,REST API + gRPC
1462,Low,5,Monthly,2,Medium,Low,Monolithic,Single Server Deployment,REST API
3812,Low,4,Monthly,1,Low,Low,Monolithic,Single Server Deployment,REST API
12832,Medium,14,Monthly,6,Medium,Low,Containerized App,Docker Container Deployment,REST API
46739,High,25,Daily,13,Medium,Medium,Microservices,Microservices with Docker,REST API + gRPC
34039,High,18,Weekly,9,Medium,High,Microservices,Microservices with Docker,REST API + gRPC
48402,Medium,28,Daily,9,Medium,High,Microservices,Microservices with Docker,REST API + gRPC
3435,Low,2,Monthly,3,Low,Low,Monolithic,Single Server Deployment,REST API
72517,High,36,Daily,20,High,High,Kubernetes Deployment,Kubernetes Orchestration Deployment,REST API + gRPC/Event-Driven
141649,High,49,Daily,21,High,High,Kubernetes Deployment,Kubernetes Orchestration Deployment,REST API + gRPC/Event-Driven
829,Low,2,Monthly,3,Medium,Low,Monolithic,Single Server Deployment,REST API
8392,Medium,13,Monthly,8,High,Low,Containerized App,Docker Container Deployment,REST API
22314,High,22,Daily,11,High,Medium,Microservices,Microservices with Docker,REST API + gRPC
192383,High,28,Daily,10,High,High,Kubernetes Deployment,Kubernetes Orchestration Deployment,REST API + gRPC/Event-Driven
9217,Low,12,Weekly,8,Medium,Low,Containerized App,Docker Container Deployment,REST API
9865,Low,14,Monthly,8,High,Medium,Containerized App,Docker Container Deployment,REST API
35255,Medium,16,Weekly,14,High,High,Microservices,Microservices with Docker,REST API + gRPC
34017,High,25,Weekly,9,Medium,Medium,Microservices,Microservices with Docker,REST API + gRPC
36076,High,29,Weekly,11,High,Medium,Microservices,Microservices with Docker,REST API + gRPC
13188,Medium,13,Weekly,7,Medium,Low,Containerized App,Docker Container Deployment,REST API
42161,High,16,Weekly,12,High,Medium,Microservices,Microservices with Docker,REST API + gRPC
94488,High,45,Daily,14,High,High,Kubernetes Deployment,Kubernetes Orchestration Deployment,REST API + gRPC/Event-Driven
2544,Low,2,Monthly,2,Medium,Low,Monolithic,Single Server Deployment,REST API
10464,Low,10,Weekly,8,High,Low,Containerized App,Docker Container Deployment,REST API
28978,Medium,24,Daily,10,High,High,Microservices,Microservices with Docker,REST API + gRPC
828,Low,5,Monthly,1,Medium,Low,Monolithic,Single Server Deployment,REST API
30147,High,23,Daily,11,Medium,High,Microservices,Microservices with Docker,REST API + gRPC
1408,Low,5,Monthly,3,Medium,Low,Monolithic,Single Server Deployment,REST API
11568,Medium,12,Weekly,6,High,Medium,Containerized App,Docker Container Deployment,REST API
35840,Medium,26,Daily,14,High,High,Microservices,Microservices with Docker,REST API + gRPC
25680,High,16,Weekly,13,Medium,Medium,Microservices,Microservices with Docker,REST API + gRPC
156964,High,26,Daily,17,High,High,Kubernetes Deployment,Kubernetes Orchestration Deployment,REST API + gRPC/Event-Driven
137921,High,38,Daily,15,High,High,Kubernetes Deployment,Kubernetes Orchestration Deployment,REST API + gRPC/Event-Driven
36264,High,16,Weekly,12,Medium,Medium,Microservices,Microservices with Docker,REST API + gRPC
16947,Low,11,Monthly,5,High,Low,Containerized App,Docker Container Deployment,REST API
178,Low,4,Monthly,1,Medium,Low,Monolithic,Single Server Deployment,REST API
34154,High,18,Weekly,9,Medium,Medium,Microservices,Microservices with Docker,REST API + gRPC
393,Low,2,Monthly,2,Medium,Low,Monolithic,Single Server Deployment,REST API
19360,Medium,6,Monthly,3,High,Medium,Containerized App,Docker Container Deployment,REST API
1038,Low,3,Monthly,2,Low,Low,Monolithic,Single Server Deployment,REST API
16984,Low,9,Monthly,6,High,Low,Containerized App,Docker Container Deployment,REST API
824,Low,2,Monthly,2,Medium,Low,Monolithic,Single Server Deployment,REST API
19914,Low,13,Weekly,5,High,Medium,Containerized App,Docker Container Deployment,REST API
133270,High,28,Daily,22,High,High,Kubernetes Deployment,Kubernetes Orchestration Deployment,REST API + gRPC/Event-Driven
168512,High,39,Daily,25,High,High,Kubernetes Deployment,Kubernetes Orchestration Deployment,REST API + gRPC/Event-Driven
46829,High,26,Daily,12,Medium,High,Microservices,Microservices with Docker,REST API + gRPC
5698,Medium,8,Weekly,6,High,Low,Containerized App,Docker Container Deployment,REST API
6827,Low,13,Monthly,5,High,Medium,Containerized App,Docker Container Deployment,REST API
839,Low,5,Monthly,2,Low,Low,Monolithic,Single Server Deployment,REST API
46481,Medium,16,Weekly,12,High,Medium,Microservices,Microservices with Docker,REST API + gRPC
4830,Low,4,Monthly,1,Medium,Low,Monolithic,Single Server Deployment,REST API
122851,High,43,Daily,15,High,High,Kubernetes Deployment,Kubernetes Orchestration Deployment,REST API + gRPC/Event-Driven
22632,High,16,Weekly,10,Medium,High,Microservices,Microservices with Docker,REST API + gRPC
4117,Low,4,Monthly,3,Low,Low,Monolithic,Single Server Deployment,REST API
8242,Medium,8,Monthly,5,Medium,Medium,Containerized App,Docker Container Deployment,REST API
3725,Low,5,Monthly,3,Medium,Low,Monolithic,Single Server Deployment,REST API
8549,Low,11,Monthly,6,High,Low,Containerized App,Docker Container Deployment,REST API
17839,Medium,15,Weekly,5,High,Low,Containerized App,Docker Container Deployment,REST API
167367,High,42,Daily,10,High,High,Kubernetes Deployment,Kubernetes Orchestration Deployment,REST API + gRPC/Event-Driven
185405,High,27,Daily,24,High,High,Kubernetes Deployment,Kubernetes Orchestration Deployment,REST API + gRPC/Event-Driven
7361,Medium,6,Monthly,8,High,Low,Containerized App,Docker Container Deployment,REST API
861,Low,4,Monthly,2,Low,Low,Monolithic,Single Server Deployment,REST API
10927,Low,9,Monthly,5,High,Low,Containerized App,Docker Container Deployment,REST API
797,Low,3,Monthly,1,Medium,Low,Monolithic,Single Server Deployment,REST API
4834,Low,2,Monthly,3,Low,Low,Monolithic,Single Server Deployment,REST API
39255,Medium,20,Weekly,13,Medium,Medium,Microservices,Microservices with Docker,REST API + gRPC
1941,Low,4,Monthly,1,Medium,Low,Monolithic,Single Server Deployment,REST API
83956,High,32,Daily,15,High,High,Kubernetes Deployment,Kubernetes Orchestration Deployment,REST API + gRPC/Event-Driven
2074,Low,3,Monthly,3,Medium,Low,Monolithic,Single Server Deployment,REST API
33341,High,19,Weekly,15,Medium,Medium,Microservices,Microservices with Docker,REST API + gRPC
4371,Low,4,Monthly,2,Low,Low,Monolithic,Single Server Deployment,REST API
155709,High,31,Daily,19,High,High,Kubernetes Deployment,Kubernetes Orchestration Deployment,REST API + gRPC/Event-Driven
17237,Medium,14,Weekly,6,Medium,Medium,Containerized App,Docker Container Deployment,REST API
158922,High,35,Daily,23,High,High,Kubernetes Deployment,Kubernetes Orchestration Deployment,REST API + gRPC/Event-Driven
690,Low,3,Monthly,1,Medium,Low,Monolithic,Single Server Deployment,REST API
58508,High,46,Daily,25,High,High,Kubernetes Deployment,Kubernetes Orchestration Deployment,REST API + gRPC/Event-Driven
191569,High,20,Daily,23,High,High,Kubernetes Deployment,Kubernetes Orchestration Deployment,REST API + gRPC/Event-Driven
18054,Medium,15,Weekly,7,High,Medium,Containerized App,Docker Container Deployment,REST API
164781,High,28,Daily,11,High,High,Kubernetes Deployment,Kubernetes Orchestration Deployment,REST API + gRPC/Event-Driven
808,Low,4,Monthly,2,Medium,Low,Monolithic,Single Server Deployment,REST API
6170,Medium,10,Monthly,3,High,Medium,Containerized App,Docker Container Deployment,REST API
15693,Low,7,Weekly,3,Medium,Low,Containerized App,Docker Container Deployment,REST API
1004,Low,5,Monthly,3,Medium,Low,Monolithic,Single Server Deployment,REST API
51278,High,41,Daily,19,High,High,Kubernetes Deployment,Kubernetes Orchestration Deployment,REST API + gRPC/Event-Driven
3814,Low,4,Monthly,1,Medium,Low,Monolithic,Single Server Deployment,REST API
17196,Medium,6,Monthly,7,Medium,Medium,Containerized App,Docker Container Deployment,REST API
51158,High,35,Daily,13,High,High,Kubernetes Deployment,Kubernetes Orchestration Deployment,REST API + gRPC/Event-Driven
37953,High,29,Daily,11,Medium,High,Microservices,Microservices with Docker,REST API + gRPC
32705,High,28,Weekly,10,Medium,High,Microservices,Microservices with Docker,REST API + gRPC
2352,Low,4,Monthly,2,Low,Low,Monolithic,Single Server Deployment,REST API
15973,Low,15,Monthly,8,High,Low,Containerized App,Docker Container Deployment,REST API
59530,High,43,Daily,17,High,High,Kubernetes Deployment,Kubernetes Orchestration Deployment,REST API + gRPC/Event-Driven
33115,Medium,18,Weekly,14,Medium,Medium,Microservices,Microservices with Docker,REST API + gRPC
4965,Low,2,Monthly,3,Low,Low,Monolithic,Single Server Deployment,REST API
81920,High,50,Daily,17,High,High,Kubernetes Deployment,Kubernetes Orchestration Deployment,REST API + gRPC/Event-Driven
58407,High,24,Daily,18,High,High,Kubernetes Deployment,Kubernetes Orchestration Deployment,REST API + gRPC/Event-Driven
39776,High,19,Weekly,15,Medium,High,Microservices,Microservices with Docker,REST API + gRPC
124165,High,50,Daily,10,High,High,Kubernetes Deployment,Kubernetes Orchestration Deployment,REST API + gRPC/Event-Driven
1029,Low,5,Monthly,1,Low,Low,Monolithic,Single Server Deployment,REST API
164220,High,20,Daily,20,High,High,Kubernetes Deployment,Kubernetes Orchestration Deployment,REST API + gRPC/Event-Driven
19995,Low,7,Monthly,4,Medium,Medium,Containerized App,Docker Container Deployment,REST API
21390,High,17,Daily,13,Medium,Medium,Microservices,Microservices with Docker,REST API + gRPC
6226,Low,14,Weekly,6,Medium,Low,Containerized App,Docker Container Deployment,REST API
1370,Low,4,Monthly,1,Low,Low,Monolithic,Single Server Deployment,REST API
7839,Low,6,Weekly,7,High,Medium,Containerized App,Docker Container Deployment,REST API
155438,High,21,Daily,12,High,High,Kubernetes Deployment,Kubernetes Orchestration Deployment,REST API + gRPC/Event-Driven
122137,High,45,Daily,11,High,High,Kubernetes Deployment,Kubernetes Orchestration Deployment,REST API + gRPC/Event-Driven
3971,Low,2,Monthly,3,Medium,Low,Monolithic,Single Server Deployment,REST API
158289,High,45,Daily,12,High,High,Kubernetes Deployment,Kubernetes Orchestration Deployment,REST API + gRPC/Event-Driven
4118,Low,4,Monthly,1,Medium,Low,Monolithic,Single Server Deployment,REST API
19201,Medium,12,Weekly,8,Medium,Low,Containerized App,Docker Container Deployment,REST API
21959,Medium,27,Daily,10,Medium,High,Microservices,Microservices with Docker,REST API + gRPC
3042,Low,3,Monthly,1,Medium,Low,Monolithic,Single Server Deployment,REST API
112605,High,25,Daily,16,High,High,Kubernetes Deployment,Kubernetes Orchestration Deployment,REST API + gRPC/Event-Driven
19124,Medium,11,Monthly,4,Medium,Low,Containerized App,Docker Container Deployment,REST API
172325,High,35,Daily,10,High,High,Kubernetes Deployment,Kubernetes Orchestration Deployment,REST API + gRPC/Event-Driven
36755,High,25,Daily,10,Medium,High,Microservices,Microservices with Docker,REST API + gRPC
159062,High,30,Daily,24,High,High,Kubernetes Deployment,Kubernetes Orchestration Deployment,REST API + gRPC/Event-Driven
2161,Low,2,Monthly,1,Low,Low,Monolithic,Single Server Deployment,REST API
30637,High,26,Weekly,15,Medium,High,Microservices,Microservices with Docker,REST API + gRPC
30880,Medium,26,Weekly,9,High,Medium,Microservices,Microservices with Docker,REST API + gRPC
94455,High,27,Daily,23,High,High,Kubernetes Deployment,Kubernetes Orchestration Deployment,REST API + gRPC/Event-Driven
3211,Low,5,Monthly,2,Medium,Low,Monolithic,Single Server Deployment,REST API
14423,Low,12,Weekly,6,High,Low,Containerized App,Docker Container Deployment,REST API
197934,High,42,Daily,21,High,High,Kubernetes Deployment,Kubernetes Orchestration Deployment,REST API + gRPC/Event-Driven
4606,Low,4,Monthly,2,Medium,Low,Monolithic,Single Server Deployment,REST API
147967,High,32,Daily,19,High,High,Kubernetes Deployment,Kubernetes Orchestration Deployment,REST API + gRPC/Event-Driven
170568,High,37,Daily,21,High,High,Kubernetes Deployment,Kubernetes Orchestration Deployment,REST API + gRPC/Event-Driven
26142,Medium,25,Weekly,14,Medium,High,Microservices,Microservices with Docker,REST API + gRPC
203,Low,5,Monthly,2,Low,Low,Monolithic,Single Server Deployment,REST API
35226,Medium,19,Weekly,11,High,High,Microservices,Microservices with Docker,REST API + gRPC
43385,High,28,Weekly,15,Medium,Medium,Microservices,Microservices with Docker,REST API + gRPC
1830,Low,2,Monthly,3,Low,Low,Monolithic,Single Server Deployment,REST API
17972,Medium,15,Monthly,6,Medium,Low,Containerized App,Docker Container Deployment,REST API
5724,Medium,10,Monthly,8,Medium,Medium,Containerized App,Docker Container Deployment,REST API
15871,Medium,14,Weekly,7,Medium,Medium,Containerized App,Docker Container Deployment,REST API
16649,Low,6,Monthly,6,High,Medium,Containerized App,Docker Container Deployment,REST API
45923,High,27,Weekly,10,High,High,Microservices,Microservices with Docker,REST API + gRPC
42769,High,30,Weekly,14,Medium,Medium,Microservices,Microservices with Docker,REST API + gRPC
73410,High,35,Daily,18,High,High,Kubernetes Deployment,Kubernetes Orchestration Deployment,REST API + gRPC/Event-Driven
5213,Medium,8,Weekly,8,High,Medium,Containerized App,Docker Container Deployment,REST API
21760,Medium,17,Daily,13,Medium,High,Microservices,Microservices with Docker,REST API + gRPC
5378,Medium,10,Monthly,7,Medium,Medium,Containerized App,Docker Container Deployment,REST API
2600,Low,3,Monthly,1,Low,Low,Monolithic,Single Server Deployment,REST API
181816,High,42,Daily,16,High,High,Kubernetes Deployment,Kubernetes Orchestration Deployment,REST API + gRPC/Event-Driven
10360,Low,14,Weekly,5,High,Low,Containerized App,Docker Container Deployment,REST API
17201,Low,13,Weekly,6,High,Medium,Containerized App,Docker Container Deployment,REST API
54763,High,48,Daily,17,High,High,Kubernetes Deployment,Kubernetes Orchestration Deployment,REST API + gRPC/Event-Driven
2180,Low,5,Monthly,2,Low,Low,Monolithic,Single Server Deployment,REST API
18606,Low,8,Weekly,5,High,Low,Containerized App,Docker Container Deployment,REST API
39201,Medium,18,Daily,12,Medium,Medium,Microservices,Microservices with Docker,REST API + gRPC
460,Low,2,Monthly,2,Medium,Low,Monolithic,Single Server Deployment,REST API
34515,High,23,Daily,13,Medium,Medium,Microservices,Microservices with Docker,REST API + gRPC
1773,Low,2,Monthly,2,Medium,Low,Monolithic,Single Server Deployment,REST API
39260,Medium,18,Daily,10,Medium,High,Microservices,Microservices with Docker,REST API + gRPC
20707,Medium,16,Weekly,12,High,Medium,Microservices,Microservices with Docker,REST API + gRPC
19554,Low,6,Weekly,7,Medium,Low,Containerized App,Docker Container Deployment,REST API
646,Low,4,Monthly,3,Medium,Low,Monolithic,Single Server Deployment,REST API
17102,Medium,12,Monthly,3,High,Medium,Containerized App,Docker Container Deployment,REST API
167197,High,48,Daily,16,High,High,Kubernetes Deployment,Kubernetes Orchestration Deployment,REST API + gRPC/Event-Driven
188468,High,29,Daily,19,High,High,Kubernetes Deployment,Kubernetes Orchestration Deployment,REST API + gRPC/Event-Driven
36566,High,24,Daily,12,Medium,Medium,Microservices,Microservices with Docker,REST API + gRPC
3248,Low,5,Monthly,3,Medium,Low,Monolithic,Single Server Deployment,REST API
5670,Low,6,Weekly,4,High,Medium,Containerized App,Docker Container Deployment,REST API
171024,High,33,Daily,18,High,High,Kubernetes Deployment,Kubernetes Orchestration Deployment,REST API + gRPC/Event-Driven
3504,Low,5,Monthly,2,Low,Low,Monolithic,Single Server Deployment,REST API
13770,Medium,6,Weekly,7,Medium,Medium,Containerized App,Docker Container Deployment,REST API
171351,High,32,Daily,20,High,High,Kubernetes Deployment,Kubernetes Orchestration Deployment,REST API + gRPC/Event-Driven
14885,Medium,10,Weekly,3,Medium,Low,Containerized App,Docker Container Deployment,REST API
100851,High,22,Daily,16,High,High,Kubernetes Deployment,Kubernetes Orchestration Deployment,REST API + gRPC/Event-Driven
33097,High,28,Daily,14,Medium,Medium,Microservices,Microservices with Docker,REST API + gRPC
67663,High,38,Daily,14,High,High,Kubernetes Deployment,Kubernetes Orchestration Deployment,REST API + gRPC/Event-Driven
12550,Medium,12,Weekly,7,High,Medium,Containerized App,Docker Container Deployment,REST API
24907,High,20,Daily,9,High,High,Microservices,Microservices with Docker,REST API + gRPC
17987,Low,12,Monthly,5,High,Medium,Containerized App,Docker Container Deployment,REST API
72804,High,25,Daily,23,High,High,Kubernetes Deployment,Kubernetes Orchestration Deployment,REST API + gRPC/Event-Driven
36898,Medium,17,Weekly,11,Medium,High,Microservices,Microservices with Docker,REST API + gRPC
155216,High,24,Daily,13,High,High,Kubernetes Deployment,Kubernetes Orchestration Deployment,REST API + gRPC/Event-Driven
9832,Medium,12,Monthly,7,High,Low,Containerized App,Docker Container Deployment,REST API
22286,Medium,21,Weekly,14,High,High,Microservices,Microservices with Docker,REST API + gRPC
12172,Medium,15,Weekly,3,Medium,Low,Containerized App,Docker Container Deployment,REST API
139984,High,40,Daily,20,High,High,Kubernetes Deployment,Kubernetes Orchestration Deployment,REST API + gRPC/Event-Driven
4979,Low,5,Monthly,2,Low,Low,Monolithic,Single Server Deployment,REST API
187333,High,34,Daily,24,High,High,Kubernetes Deployment,Kubernetes Orchestration Deployment,REST API + gRPC/Event-Driven
115484,High,33,Daily,23,High,High,Kubernetes Deployment,Kubernetes Orchestration Deployment,REST API + gRPC/Event-Driven
21423,High,24,Daily,13,Medium,Medium,Microservices,Microservices with Docker,REST API + gRPC
2444,Low,3,Monthly,3,Medium,Low,Monolithic,Single Server Deployment,REST API
22250,Medium,19,Daily,14,Medium,High,Microservices,Microservices with Docker,REST API + gRPC
15605,Low,10,Weekly,6,High,Low,Containerized App,Docker Container Deployment,REST API
36282,High,27,Daily,10,High,Medium,Microservices,Microservices with Docker,REST API + gRPC
33169,Medium,19,Weekly,12,High,Medium,Microservices,Microservices with Docker,REST API + gRPC
196696,High,37,Daily,16,High,High,Kubernetes Deployment,Kubernetes Orchestration Deployment,REST API + gRPC/Event-Driven
121777,High,28,Daily,25,High,High,Kubernetes Deployment,Kubernetes Orchestration Deployment,REST API + gRPC/Event-Driven
107235,High,41,Daily,16,High,High,Kubernetes Deployment,Kubernetes Orchestration Deployment,REST API + gRPC/Event-Driven
2111,Low,4,Monthly,2,Medium,Low,Monolithic,Single Server Deployment,REST API
46678,High,27,Daily,15,Medium,Medium,Microservices,Microservices with Docker,REST API + gRPC
65487,High,49,Daily,14,High,High,Kubernetes Deployment,Kubernetes Orchestration Deployment,REST API + gRPC/Event-Driven
13379,Medium,15,Weekly,5,High,Medium,Containerized App,Docker Container Deployment,REST API
161774,High,41,Daily,15,High,High,Kubernetes Deployment,Kubernetes Orchestration Deployment,REST API + gRPC/Event-Driven
44337,High,21,Daily,15,Medium,Medium,Microservices,Microservices with Docker,REST API + gRPC
3150,Low,5,Monthly,2,Low,Low,Monolithic,Single Server Deployment,REST API
11040,Medium,8,Weekly,8,High,Low,Containerized App,Docker Container Deployment,REST API
471,Low,2,Monthly,1,Medium,Low,Monolithic,Single Server Deployment,REST API
2231,Low,3,Monthly,1,Medium,Low,Monolithic,Single Server Deployment,REST API
2674,Low,2,Monthly,2,Low,Low,Monolithic,Single Server Deployment,REST API
10533,Low,12,Weekly,4,High,Low,Containerized App,Docker Container Deployment,REST API
5281,Low,13,Weekly,4,Medium,Low,Containerized App,Docker Container Deployment,REST API
3824,Low,4,Monthly,2,Medium,Low,Monolithic,Single Server Deployment,REST API
48448,High,21,Daily,14,High,High,Microservices,Microservices with Docker,REST API + gRPC
902,Low,3,Monthly,3,Medium,Low,Monolithic,Single Server Deployment,REST API
1991,Low,2,Monthly,2,Low,Low,Monolithic,Single Server Deployment,REST API
52117,High,45,Daily,17,High,High,Kubernetes Deployment,Kubernetes Orchestration Deployment,REST API + gRPC/Event-Driven
101242,High,25,Daily,25,High,High,Kubernetes Deployment,Kubernetes Orchestration Deployment,REST API + gRPC/Event-Driven
130969,High,48,Daily,19,High,High,Kubernetes Deployment,Kubernetes Orchestration Deployment,REST API + gRPC/Event-Driven
7301,Medium,7,Monthly,4,High,Low,Containerized App,Docker Container Deployment,REST API
4477,Low,5,Monthly,3,Low,Low,Monolithic,Single Server Deployment,REST API
1844,Low,5,Monthly,2,Medium,Low,Monolithic,Single Server Deployment,REST API
57868,High,48,Daily,17,High,High,Kubernetes Deployment,Kubernetes Orchestration Deployment,REST API + gRPC/Event-Driven
19066,Medium,12,Weekly,4,High,Medium,Containerized App,Docker Container Deployment,REST API
7906,Medium,12,Monthly,8,High,Low,Containerized App,Docker Container Deployment,REST API
20990,Medium,27,Weekly,9,Medium,High,Microservices,Microservices with Docker,REST API + gRPC
3361,Low,3,Monthly,3,Low,Low,Monolithic,Single Server Deployment,REST API
13970,Medium,13,Monthly,7,Medium,Medium,Containerized App,Docker Container Deployment,REST API
3156,Low,5,Monthly,2,Low,Low,Monolithic,Single Server Deployment,REST API
58646,High,39,Daily,16,High,High,Kubernetes Deployment,Kubernetes Orchestration Deployment,REST API + gRPC/Event-Driven
132467,High,26,Daily,24,High,High,Kubernetes Deployment,Kubernetes Orchestration Deployment,REST API + gRPC/Event-Driven
5493,Medium,8,Monthly,4,Medium,Low,Containerized App,Docker Container Deployment,REST API
4427,Low,2,Monthly,2,Medium,Low,Monolithic,Single Server Deployment,REST API
78958,High,43,Daily,24,High,High,Kubernetes Deployment,Kubernetes Orchestration Deployment,REST API + gRPC/Event-Driven
4964,Low,5,Monthly,2,Low,Low,Monolithic,Single Server Deployment,REST API
16418,Medium,11,Weekly,7,High,Medium,Containerized App,Docker Container Deployment,REST API
6117,Medium,15,Weekly,5,Medium,Low,Containerized App,Docker Container Deployment,REST API
46697,High,30,Daily,14,High,High,Microservices,Microservices with Docker,REST API + gRPC
4391,Low,2,Monthly,2,Low,Low,Monolithic,Single Server Deployment,REST API
39443,Medium,29,Weekly,15,High,Medium,Microservices,Microservices with Docker,REST API + gRPC
41577,Medium,21,Daily,10,High,High,Microservices,Microservices with Docker,REST API + gRPC
17088,Medium,13,Monthly,8,High,Medium,Containerized App,Docker Container Deployment,REST API
2276,Low,3,Monthly,1,Low,Low,Monolithic,Single Server Deployment,REST API
6844,Medium,12,Monthly,6,Medium,Low,Containerized App,Docker Container Deployment,REST API
49928,Medium,23,Weekly,12,Medium,High,Microservices,Microservices with Docker,REST API + gRPC
78505,High,32,Daily,24,High,High,Kubernetes Deployment,Kubernetes Orchestration Deployment,REST API + gRPC/Event-Driven
27798,Medium,20,Daily,15,Medium,High,Microservices,Microservices with Docker,REST API + gRPC
1855,Low,3,Monthly,2,Low,Low,Monolithic,Single Server Deployment,REST API
35554,High,18,Weekly,9,Medium,High,Microservices,Microservices with Docker,REST API + gRPC
19352,Medium,6,Weekly,8,High,Low,Containerized App,Docker Container Deployment,REST API
885,Low,4,Monthly,1,Low,Low,Monolithic,Single Server Deployment,REST API
27296,High,24,Daily,14,High,Medium,Microservices,Microservices with Docker,REST API + gRPC
49271,High,17,Weekly,11,High,Medium,Microservices,Microservices with Docker,REST API + gRPC
27976,High,21,Weekly,15,High,Medium,Microservices,Microservices with Docker,REST API + gRPC
19229,Low,11,Monthly,6,Medium,Low,Containerized App,Docker Container Deployment,REST API
114309,High,44,Daily,25,High,High,Kubernetes Deployment,Kubernetes Orchestration Deployment,REST API + gRPC/Event-Driven
177945,High,39,Daily,21,High,High,Kubernetes Deployment,Kubernetes Orchestration Deployment,REST API + gRPC/Event-Driven
44824,High,21,Daily,15,Medium,Medium,Microservices,Microservices with Docker,REST API + gRPC
2977,Low,5,Monthly,1,Medium,Low,Monolithic,Single Server Deployment,REST API
38385,Medium,29,Daily,12,Medium,Medium,Microservices,Microservices with Docker,REST API + gRPC
111718,High,27,Daily,20,High,High,Kubernetes Deployment,Kubernetes Orchestration Deployment,REST API + gRPC/Event-Driven
30055,High,26,Weekly,11,Medium,High,Microservices,Microservices with Docker,REST API + gRPC
22696,Medium,19,Weekly,9,High,Medium,Microservices,Microservices with Docker,REST API + gRPC
15271,Low,8,Monthly,5,Medium,Medium,Containerized App,Docker Container Deployment,REST API
1906,Low,4,Monthly,1,Medium,Low,Monolithic,Single Server Deployment,REST API
135453,High,35,Daily,19,High,High,Kubernetes Deployment,Kubernetes Orchestration Deployment,REST API + gRPC/Event-Driven
8553,Low,10,Monthly,4,Medium,Medium,Containerized App,Docker Container Deployment,REST API
15160,Medium,12,Monthly,4,Medium,Low,Containerized App,Docker Container Deployment,REST API
3912,Low,2,Monthly,2,Medium,Low,Monolithic,Single Server Deployment,REST API
107160,High,21,Daily,10,High,High,Kubernetes Deployment,Kubernetes Orchestration Deployment,REST API + gRPC/Event-Driven
146230,High,22,Daily,15,High,High,Kubernetes Deployment,Kubernetes Orchestration Deployment,REST API + gRPC/Event-Driven
17720,Low,9,Weekly,3,Medium,Medium,Containerized App,Docker Container Deployment,REST API
13544,Low,9,Monthly,4,Medium,Medium,Containerized App,Docker Container Deployment,REST API
2277,Low,2,Monthly,3,Low,Low,Monolithic,Single Server Deployment,REST API
30707,Medium,24,Weekly,11,High,Medium,Microservices,Microservices with Docker,REST API + gRPC
128530,High,34,Daily,21,High,High,Kubernetes Deployment,Kubernetes Orchestration Deployment,REST API + gRPC/Event-Driven
24376,High,19,Daily,14,High,Medium,Microservices,Microservices with Docker,REST API + gRPC
2748,Low,5,Monthly,3,Low,Low,Monolithic,Single Server Deployment,REST API
32679,High,28,Weekly,13,High,Medium,Microservices,Microservices with Docker,REST API + gRPC
12017,Medium,6,Monthly,7,High,Low,Containerized App,Docker Container Deployment,REST API
17785,Low,6,Monthly,3,Medium,Medium,Containerized App,Docker Container Deployment,REST API
169559,High,45,Daily,12,High,High,Kubernetes Deployment,Kubernetes Orchestration Deployment,REST API + gRPC/Event-Driven
24467,Medium,30,Weekly,11,High,High,Microservices,Microservices with Docker,REST API + gRPC
18974,Medium,9,Weekly,4,Medium,Low,Containerized App,Docker Container Deployment,REST API
15376,Low,8,Monthly,4,Medium,Low,Containerized App,Docker Container Deployment,REST API
2597,Low,4,Monthly,2,Medium,Low,Monolithic,Single Server Deployment,REST API
967,Low,2,Monthly,1,Medium,Low,Monolithic,Single Server Deployment,REST API
30983,Medium,17,Daily,13,High,High,Microservices,Microservices with Docker,REST API + gRPC
43416,High,18,Weekly,10,Medium,High,Microservices,Microservices with Docker,REST API + gRPC
141764,High,35,Daily,20,High,High,Kubernetes Deployment,Kubernetes Orchestration Deployment,REST API + gRPC/Event-Driven
10804,Low,14,Monthly,8,Medium,Medium,Containerized App,Docker Container Deployment,REST API
20837,High,22,Daily,10,Medium,Medium,Microservices,Microservices with Docker,REST API + gRPC
26097,Medium,28,Weekly,11,High,High,Microservices,Microservices with Docker,REST API + gRPC
27701,High,30,Daily,14,Medium,High,Microservices,Microservices with Docker,REST API + gRPC
33701,High,20,Daily,13,High,High,Microservices,Microservices with Docker,REST API + gRPC
4460,Low,4,Monthly,3,Low,Low,Monolithic,Single Server Deployment,REST API
90769,High,35,Daily,17,High,High,Kubernetes Deployment,Kubernetes Orchestration Deployment,REST API + gRPC/Event-Driven
2742,Low,5,Monthly,3,Medium,Low,Monolithic,Single Server Deployment,REST API
26589,High,21,Daily,12,High,High,Microservices,Microservices with Docker,REST API + gRPC
43206,Medium,27,Daily,14,Medium,High,Microservices,Microservices with Docker,REST API + gRPC
11258,Low,11,Weekly,6,High,Low,Containerized App,Docker Container Deployment,REST API
110824,High,39,Daily,21,High,High,Kubernetes Deployment,Kubernetes Orchestration Deployment,REST API + gRPC/Event-Driven
42189,Medium,20,Daily,15,High,High,Microservices,Microservices with Docker,REST API + gRPC
2560,Low,3,Monthly,1,Medium,Low,Monolithic,Single Server Deployment,REST API
45218,Medium,27,Daily,15,Medium,High,Microservices,Microservices with Docker,REST API + gRPC
40890,Medium,24,Daily,10,Medium,Medium,Microservices,Microservices with Docker,REST API + gRPC
176854,High,25,Daily,11,High,High,Kubernetes Deployment,Kubernetes Orchestration Deployment,REST API + gRPC/Event-Driven
13062,Low,7,Monthly,6,Medium,Medium,Containerized App,Docker Container Deployment,REST API
18592,Medium,6,Weekly,4,High,Medium,Containerized App,Docker Container Deployment,REST API
49297,Medium,30,Weekly,12,Medium,Medium,Microservices,Microservices with Docker,REST API + gRPC
92837,High,42,Daily,18,High,High,Kubernetes Deployment,Kubernetes Orchestration Deployment,REST API + gRPC/Event-Driven
11998,Low,11,Weekly,6,High,Low,Containerized App,Docker Container Deployment,REST API
3776,Low,5,Monthly,3,Medium,Low,Monolithic,Single Server Deployment,REST API
2696,Low,4,Monthly,1,Medium,Low,Monolithic,Single Server Deployment,REST API
25301,Medium,25,Weekly,12,Medium,Medium,Microservices,Microservices with Docker,REST API + gRPC
72797,High,24,Daily,24,High,High,Kubernetes Deployment,Kubernetes Orchestration Deployment,REST API + gRPC/Event-Driven
92161,High,30,Daily,16,High,High,Kubernetes Deployment,Kubernetes Orchestration Deployment,REST API + gRPC/Event-Driven
18287,Low,9,Monthly,3,High,Medium,Containerized App,Docker Container Deployment,REST API
48869,High,23,Weekly,11,Medium,High,Microservices,Microservices with Docker,REST API + gRPC
44131,Medium,16,Weekly,12,Medium,Medium,Microservices,Microservices with Docker,REST API + gRPC
36833,High,24,Weekly,13,High,High,Microservices,Microservices with Docker,REST API + gRPC
15883,Medium,14,Weekly,4,High,Medium,Containerized App,Docker Container Deployment,REST API
6087,Low,8,Monthly,5,High,Medium,Containerized App,Docker Container Deployment,REST API
1322,Low,5,Monthly,2,Low,Low,Monolithic,Single Server Deployment,REST API
148293,High,20,Daily,19,High,High,Kubernetes Deployment,Kubernetes Orchestration Deployment,REST API + gRPC/Event-Driven
14328,Low,15,Weekly,3,High,Low,Containerized App,Docker Container Deployment,REST API
13460,Low,12,Weekly,8,Medium,Low,Containerized App,Docker Container Deployment,REST API
38166,High,16,Weekly,13,Medium,Medium,Microservices,Microservices with Docker,REST API + gRPC
18313,Medium,13,Weekly,8,High,Medium,Containerized App,Docker Container Deployment,REST API
13314,Medium,15,Monthly,5,High,Low,Containerized App,Docker Container Deployment,REST API
2172,Low,2,Monthly,1,Medium,Low,Monolithic,Single Server Deployment,REST API
37619,High,21,Weekly,13,High,Medium,Microservices,Microservices with Docker,REST API + gRPC
173147,High,29,Daily,11,High,High,Kubernetes Deployment,Kubernetes Orchestration Deployment,REST API + gRPC/Event-Driven
3575,Low,2,Monthly,1,Medium,Low,Monolithic,Single Server Deployment,REST API
35612,High,23,Daily,11,High,Medium,Microservices,Microservices with Docker,REST API + gRPC
16271,Low,8,Weekly,6,Medium,Low,Containerized App,Docker Container Deployment,REST API
3356,Low,3,Monthly,3,Medium,Low,Monolithic,Single Server Deployment,REST API
120815,High,43,Daily,14,High,High,Kubernetes Deployment,Kubernetes Orchestration Deployment,REST API + gRPC/Event-Driven
178730,High,21,Daily,11,High,High,Kubernetes Deployment,Kubernetes Orchestration Deployment,REST API + gRPC/Event-Driven
175410,High,37,Daily,22,High,High,Kubernetes Deployment,Kubernetes Orchestration Deployment,REST API + gRPC/Event-Driven
182063,High,23,Daily,19,High,High,Kubernetes Deployment,Kubernetes Orchestration Deployment,REST API + gRPC/Event-Driven
2504,Low,5,Monthly,2,Medium,Low,Monolithic,Single Server Deployment,REST API
96965,High,33,Daily,25,High,High,Kubernetes Deployment,Kubernetes Orchestration Deployment,REST API + gRPC/Event-Driven
44742,Medium,19,Weekly,11,Medium,High,Microservices,Microservices with Docker,REST API + gRPC
49046,High,20,Daily,15,High,High,Microservices,Microservices with Docker,REST API + gRPC
363,Low,5,Monthly,3,Low,Low,Monolithic,Single Server Deployment,REST API
79771,High,34,Daily,11,High,High,Kubernetes Deployment,Kubernetes Orchestration Deployment,REST API + gRPC/Event-Driven
17177,Low,12,Weekly,7,Medium,Low,Containerized App,Docker Container Deployment,REST API
4639,Low,4,Monthly,3,Medium,Low,Monolithic,Single Server Deployment,REST API
67622,High,43,Daily,18,High,High,Kubernetes Deployment,Kubernetes Orchestration Deployment,REST API + gRPC/Event-Driven
3661,Low,4,Monthly,1,Low,Low,Monolithic,Single Server Deployment,REST API
138898,High,23,Daily,13,High,High,Kubernetes Deployment,Kubernetes Orchestration Deployment,REST API + gRPC/Event-Driven
148702,High,28,Daily,10,High,High,Kubernetes Deployment,Kubernetes Orchestration Deployment,REST API + gRPC/Event-Driven
20934,Medium,16,Weekly,14,Medium,High,Microservices,Microservices with Docker,REST API + gRPC
26871,Medium,22,Daily,12,High,High,Microservices,Microservices with Docker,REST API + gRPC
3686,Low,2,Monthly,3,Low,Low,Monolithic,Single Server Deployment,REST API
23024,Medium,23,Weekly,11,Medium,High,Microservices,Microservices with Docker,REST API + gRPC
175023,High,29,Daily,16,High,High,Kubernetes Deployment,Kubernetes Orchestration Deployment,REST API + gRPC/Event-Driven
3356,Low,5,Monthly,2,Medium,Low,Monolithic,Single Server Deployment,REST API
43214,High,21,Daily,15,High,Medium,Microservices,Microservices with Docker,REST API + gRPC
127252,High,49,Daily,14,High,High,Kubernetes Deployment,Kubernetes Orchestration Deployment,REST API + gRPC/Event-Driven
4018,Low,5,Monthly,2,Low,Low,Monolithic,Single Server Deployment,REST API
113535,High,46,Daily,22,High,High,Kubernetes Deployment,Kubernetes Orchestration Deployment,REST API + gRPC/Event-Driven
1290,Low,2,Monthly,3,Low,Low,Monolithic,Single Server Deployment,REST API
9093,Low,14,Weekly,4,Medium,Low,Containerized App,Docker Container Deployment,REST API
11201,Low,7,Weekly,4,Medium,Low,Containerized App,Docker Container Deployment,REST API
41994,Medium,30,Daily,11,High,High,Microservices,Microservices with Docker,REST API + gRPC
185738,High,28,Daily,23,High,High,Kubernetes Deployment,Kubernetes Orchestration Deployment,REST API + gRPC/Event-Driven
44199,Medium,28,Daily,11,High,High,Microservices,Microservices with Docker,REST API + gRPC
2879,Low,2,Monthly,2,Low,Low,Monolithic,Single Server Deployment,REST API
17283,Medium,12,Monthly,4,Medium,Medium,Containerized App,Docker Container Deployment,REST API
38206,High,28,Daily,10,High,High,Microservices,Microservices with Docker,REST API + gRPC
15341,Low,11,Weekly,7,High,Medium,Containerized App,Docker Container Deployment,REST API
199210,High,42,Daily,23,High,High,Kubernetes Deployment,Kubernetes Orchestration Deployment,REST API + gRPC/Event-Driven
3412,Low,5,Monthly,3,Low,Low,Monolithic,Single Server Deployment,REST API
37707,Medium,30,Daily,11,High,High,Microservices,Microservices with Docker,REST API + gRPC
8516,Low,11,Weekly,6,High,Low,Containerized App,Docker Container Deployment,REST API
12583,Medium,6,Monthly,3,High,Low,Containerized App,Docker Container Deployment,REST API
25050,High,19,Daily,12,Medium,High,Microservices,Microservices with Docker,REST API + gRPC
67183,High,41,Daily,18,High,High,Kubernetes Deployment,Kubernetes Orchestration Deployment,REST API + gRPC/Event-Driven
13410,Low,14,Monthly,6,Medium,Low,Containerized App,Docker Container Deployment,REST API
98390,High,22,Daily,14,High,High,Kubernetes Deployment,Kubernetes Orchestration Deployment,REST API + gRPC/Event-Driven
42171,Medium,27,Weekly,11,High,Medium,Microservices,Microservices with Docker,REST API + gRPC
33665,Medium,28,Daily,13,Medium,Medium,Microservices,Microservices with Docker,REST API + gRPC
2267,Low,3,Monthly,2,Low,Low,Monolithic,Single Server Deployment,REST API
195749,High,32,Daily,11,High,High,Kubernetes Deployment,Kubernetes Orchestration Deployment,REST API + gRPC/Event-Driven
8799,Low,15,Monthly,7,Medium,Medium,Containerized App,Docker Container Deployment,REST API
56752,High,23,Daily,14,High,High,Kubernetes Deployment,Kubernetes Orchestration Deployment,REST API + gRPC/Event-Driven
70705,High,23,Daily,13,High,High,Kubernetes Deployment,Kubernetes Orchestration Deployment,REST API + gRPC/Event-Driven
18363,Low,9,Weekly,8,Medium,Medium,Containerized App,Docker Container Deployment,REST API
9170,Medium,11,Weekly,8,High,Medium,Containerized App,Docker Container Deployment,REST API
34101,Medium,26,Weekly,12,Medium,Medium,Microservices,Microservices with Docker,REST API + gRPC
44692,High,28,Daily,11,Medium,High,Microservices,Microservices with Docker,REST API + gRPC
129846,High,22,Daily,12,High,High,Kubernetes Deployment,Kubernetes Orchestration Deployment,REST API + gRPC/Event-Driven
21466,High,21,Weekly,9,Medium,High,Microservices,Microservices with Docker,REST API + gRPC
30258,Medium,29,Daily,14,Medium,Medium,Microservices,Microservices with Docker,REST API + gRPC
3498,Low,2,Monthly,2,Medium,Low,Monolithic,Single Server Deployment,REST API
68509,High,48,Daily,15,High,High,Kubernetes Deployment,Kubernetes Orchestration Deployment,REST API + gRPC/Event-Driven
38225,Medium,24,Daily,9,Medium,High,Microservices,Microservices with Docker,REST API + gRPC
39224,High,27,Daily,14,Medium,Medium,Microservices,Microservices with Docker,REST API + gRPC
178179,High,35,Daily,17,High,High,Kubernetes Deployment,Kubernetes Orchestration Deployment,REST API + gRPC/Event-Driven
3677,Low,3,Monthly,1,Low,Low,Monolithic,Single Server Deployment,REST API
9726,Low,14,Weekly,6,Medium,Low,Containerized App,Docker Container Deployment,REST API
9030,Medium,11,Monthly,6,High,Low,Containerized App,Docker Container Deployment,REST API
26300,Medium,21,Daily,13,High,Medium,Microservices,Microservices with Docker,REST API + gRPC
29905,High,19,Daily,9,Medium,High,Microservices,Microservices with Docker,REST API + gRPC
10695,Medium,8,Weekly,6,High,Low,Containerized App,Docker Container Deployment,REST API
3827,Low,4,Monthly,2,Medium,Low,Monolithic,Single Server Deployment,REST API
10331,Low,12,Weekly,6,High,Low,Containerized App,Docker Container Deployment,REST API
12877,Medium,12,Monthly,6,Medium,Low,Containerized App,Docker Container Deployment,REST API
29173,High,16,Daily,15,Medium,High,Microservices,Microservices with Docker,REST API + gRPC
59561,High,36,Daily,14,High,High,Kubernetes Deployment,Kubernetes Orchestration Deployment,REST API + gRPC/Event-Driven
4711,Low,4,Monthly,2,Low,Low,Monolithic,Single Server Deployment,REST API
1581,Low,3,Monthly,3,Medium,Low,Monolithic,Single Server Deployment,REST API
109391,High,34,Daily,16,High,High,Kubernetes Deployment,Kubernetes Orchestration Deployment,REST API + gRPC/Event-Driven
37785,High,28,Weekly,11,High,High,Microservices,Microservices with Docker,REST API + gRPC
199855,High,36,Daily,21,High,High,Kubernetes Deployment,Kubernetes Orchestration Deployment,REST API + gRPC/Event-Driven
14678,Low,14,Weekly,4,High,Medium,Containerized App,Docker Container Deployment,REST API
24448,High,18,Weekly,12,High,Medium,Microservices,Microservices with Docker,REST API + gRPC
2916,Low,3,Monthly,2,Low,Low,Monolithic,Single Server Deployment,REST API
4486,Low,5,Monthly,3,Low,Low,Monolithic,Single Server Deployment,REST API
4174,Low,5,Monthly,1,Low,Low,Monolithic,Single Server Deployment,REST API
143658,High,42,Daily,22,High,High,Kubernetes Deployment,Kubernetes Orchestration Deployment,REST API + gRPC/Event-Driven
103237,High,44,Daily,17,High,High,Kubernetes Deployment,Kubernetes Orchestration Deployment,REST API + gRPC/Event-Driven
126575,High,45,Daily,12,High,High,Kubernetes Deployment,Kubernetes Orchestration Deployment,REST API + gRPC/Event-Driven
4264,Low,3,Monthly,3,Low,Low,Monolithic,Single Server Deployment,REST API
2355,Low,3,Monthly,1,Low,Low,Monolithic,Single Server Deployment,REST API
8158,Medium,12,Weekly,5,High,Low,Containerized App,Docker Container Deployment,REST API
150419,High,33,Daily,10,High,High,Kubernetes Deployment,Kubernetes Orchestration Deployment,REST API + gRPC/Event-Driven
24592,High,29,Weekly,9,High,Medium,Microservices,Microservices with Docker,REST API + gRPC
17221,Medium,13,Weekly,3,Medium,Low,Containerized App,Docker Container Deployment,REST API
38587,Medium,28,Daily,12,Medium,High,Microservices,Microservices with Docker,REST API + gRPC
60924,High,33,Daily,10,High,High,Kubernetes Deployment,Kubernetes Orchestration Deployment,REST API + gRPC/Event-Driven
2810,Low,4,Monthly,1,Low,Low,Monolithic,Single Server Deployment,REST API
3776,Low,4,Monthly,3,Low,Low,Monolithic,Single Server Deployment,REST API
22467,High,24,Weekly,12,Medium,High,Microservices,Microservices with Docker,REST API + gRPC
3651,Low,4,Monthly,3,Medium,Low,Monolithic,Single Server Deployment,REST API
37134,Medium,18,Weekly,11,Medium,Medium,Microservices,Microservices with Docker,REST API + gRPC
86195,High,30,Daily,12,High,High,Kubernetes Deployment,Kubernetes Orchestration Deployment,REST API + gRPC/Event-Driven
183873,High,33,Daily,20,High,High,Kubernetes Deployment,Kubernetes Orchestration Deployment,REST API + gRPC/Event-Driven
42760,Medium,18,Weekly,13,Medium,High,Microservices,Microservices with Docker,REST API + gRPC
4834,Low,5,Monthly,3,Low,Low,Monolithic,Single Server Deployment,REST API
16344,Low,9,Weekly,5,High,Medium,Containerized App,Docker Container Deployment,REST API
45411,High,22,Weekly,14,High,Medium,Microservices,Microservices with Docker,REST API + gRPC
15384,Medium,8,Weekly,7,High,Medium,Containerized App,Docker Container Deployment,REST API
15064,Low,13,Monthly,7,High,Medium,Containerized App,Docker Container Deployment,REST API
4296,Low,4,Monthly,3,Medium,Low,Monolithic,Single Server Deployment,REST API
18304,Medium,13,Weekly,7,High,Medium,Containerized App,Docker Container Deployment,REST API
79162,High,23,Daily,23,High,High,Kubernetes Deployment,Kubernetes Orchestration Deployment,REST API + gRPC/Event-Driven
13387,Low,11,Weekly,8,High,Low,Containerized App,Docker Container Deployment,REST API
4867,Low,2,Monthly,1,Low,Low,Monolithic,Single Server Deployment,REST API
1363,Low,4,Monthly,2,Low,Low,Monolithic,Single Server Deployment,REST API
5603,Low,6,Monthly,4,Medium,Medium,Containerized App,Docker Container Deployment,REST API
108771,High,25,Daily,24,High,High,Kubernetes Deployment,Kubernetes Orchestration Deployment,REST API + gRPC/Event-Driven
3816,Low,2,Monthly,3,Medium,Low,Monolithic,Single Server Deployment,REST API
36218,Medium,18,Daily,15,Medium,Medium,Microservices,Microservices with Docker,REST API + gRPC
2720,Low,4,Monthly,1,Medium,Low,Monolithic,Single Server Deployment,REST API
16988,Low,11,Monthly,8,Medium,Low,Containerized App,Docker Container Deployment,REST API
184071,High,50,Daily,17,High,High,Kubernetes Deployment,Kubernetes Orchestration Deployment,REST API + gRPC/Event-Driven
670,Low,2,Monthly,3,Medium,Low,Monolithic,Single Server Deployment,REST API
101636,High,32,Daily,24,High,High,Kubernetes Deployment,Kubernetes Orchestration Deployment,REST API + gRPC/Event-Driven
29873,High,28,Weekly,15,High,High,Microservices,Microservices with Docker,REST API + gRPC
184825,High,34,Daily,14,High,High,Kubernetes Deployment,Kubernetes Orchestration Deployment,REST API + gRPC/Event-Driven
2700,Low,2,Monthly,3,Low,Low,Monolithic,Single Server Deployment,REST API
177663,High,48,Daily,22,High,High,Kubernetes Deployment,Kubernetes Orchestration Deployment,REST API + gRPC/Event-Driven
10108,Medium,14,Monthly,7,Medium,Low,Containerized App,Docker Container Deployment,REST API
99854,High,26,Daily,20,High,High,Kubernetes Deployment,Kubernetes Orchestration Deployment,REST API + gRPC/Event-Driven
15602,Medium,13,Monthly,6,High,Low,Containerized App,Docker Container Deployment,REST API
8189,Medium,7,Monthly,8,Medium,Medium,Containerized App,Docker Container Deployment,REST API
712,Low,5,Monthly,2,Medium,Low,Monolithic,Single Server Deployment,REST API
5061,Low,9,Weekly,7,Medium,Low,Containerized App,Docker Container Deployment,REST API
15425,Medium,8,Weekly,5,Medium,Medium,Containerized App,Docker Container Deployment,REST API
174,Low,3,Monthly,3,Medium,Low,Monolithic,Single Server Deployment,REST API
10889,Low,7,Monthly,6,Medium,Medium,Containerized App,Docker Container Deployment,REST API
32163,High,24,Daily,14,Medium,Medium,Microservices,Microservices with Docker,REST API + gRPC
135790,High,36,Daily,12,High,High,Kubernetes Deployment,Kubernetes Orchestration Deployment,REST API + gRPC/Event-Driven
14090,Medium,9,Monthly,7,Medium,Medium,Containerized App,Docker Container Deployment,REST API
181748,High,46,Daily,18,High,High,Kubernetes Deployment,Kubernetes Orchestration Deployment,REST API + gRPC/Event-Driven
2842,Low,5,Monthly,3,Low,Low,Monolithic,Single Server Deployment,REST API
11175,Medium,12,Weekly,4,High,Low,Containerized App,Docker Container Deployment,REST API
7413,Low,8,Monthly,4,High,Low,Containerized App,Docker Container Deployment,REST API
15048,Medium,9,Weekly,5,Medium,Medium,Containerized App,Docker Container Deployment,REST API
1289,Low,5,Monthly,1,Medium,Low,Monolithic,Single Server Deployment,REST API
133453,High,42,Daily,18,High,High,Kubernetes Deployment,Kubernetes Orchestration Deployment,REST API + gRPC/Event-Driven
2872,Low,2,Monthly,1,Medium,Low,Monolithic,Single Server Deployment,REST API
94270,High,31,Daily,15,High,High,Kubernetes Deployment,Kubernetes Orchestration Deployment,REST API + gRPC/Event-Driven
2481,Low,5,Monthly,2,Low,Low,Monolithic,Single Server Deployment,REST API
25735,Medium,20,Weekly,13,High,High,Microservices,Microservices with Docker,REST API + gRPC
9588,Medium,6,Weekly,3,Medium,Medium,Containerized App,Docker Container Deployment,REST API
7673,Low,7,Weekly,8,High,Low,Containerized App,Docker Container Deployment,REST API
112486,High,36,Daily,24,High,High,Kubernetes Deployment,Kubernetes Orchestration Deployment,REST API + gRPC/Event-Driven
1342,Low,3,Monthly,3,Medium,Low,Monolithic,Single Server Deployment,REST API
445,Low,5,Monthly,1,Low,Low,Monolithic,Single Server Deployment,REST API
510,Low,2,Monthly,1,Low,Low,Monolithic,Single Server Deployment,REST API
5754,Medium,13,Monthly,5,High,Low,Containerized App,Docker Container Deployment,REST API
147912,High,27,Daily,20,High,High,Kubernetes Deployment,Kubernetes Orchestration Deployment,REST API + gRPC/Event-Driven
11184,Medium,7,Monthly,3,High,Low,Containerized App,Docker Container Deployment,REST API
175872,High,25,Daily,12,High,High,Kubernetes Deployment,Kubernetes Orchestration Deployment,REST API + gRPC/Event-Driven
16581,Medium,6,Weekly,3,High,Low,Containerized App,Docker Container Deployment,REST API
1150,Low,3,Monthly,1,Medium,Low,Monolithic,Single Server Deployment,REST API
4181,Low,5,Monthly,2,Medium,Low,Monolithic,Single Server Deployment,REST API
160118,High,50,Daily,19,High,High,Kubernetes Deployment,Kubernetes Orchestration Deployment,REST API + gRPC/Event-Driven
12074,Medium,8,Monthly,6,High,Low,Containerized App,Docker Container Deployment,REST API
49228,High,21,Daily,13,Medium,Medium,Microservices,Microservices with Docker,REST API + gRPC
166253,High,29,Daily,17,High,High,Kubernetes Deployment,Kubernetes Orchestration Deployment,REST API + gRPC/Event-Driven
32803,Medium,28,Daily,13,High,High,Microservices,Microservices with Docker,REST API + gRPC
14653,Low,9,Weekly,7,High,Low,Containerized App,Docker Container Deployment,REST API
39919,Medium,16,Weekly,15,High,Medium,Microservices,Microservices with Docker,REST API + gRPC
2683,Low,5,Monthly,3,Medium,Low,Monolithic,Single Server Deployment,REST API
110647,High,20,Daily,21,High,High,Kubernetes Deployment,Kubernetes Orchestration Deployment,REST API + gRPC/Event-Driven
33760,High,20,Weekly,11,Medium,Medium,Microservices,Microservices with Docker,REST API + gRPC
43103,Medium,25,Daily,15,Medium,High,Microservices,Microservices with Docker,REST API + gRPC
6848,Medium,14,Monthly,4,High,Low,Containerized App,Docker Container Deployment,REST API
142890,High,42,Daily,21,High,High,Kubernetes Deployment,Kubernetes Orchestration Deployment,REST API + gRPC/Event-Driven
113530,High,43,Daily,24,High,High,Kubernetes Deployment,Kubernetes Orchestration Deployment,REST API + gRPC/Event-Driven
28427,Medium,23,Weekly,9,High,Medium,Microservices,Microservices with Docker,REST API + gRPC
16177,Medium,11,Weekly,4,Medium,Low,Containerized App,Docker Container Deployment,REST API
3112,Low,3,Monthly,2,Low,Low,Monolithic,Single Server Deployment,REST API
67340,High,41,Daily,25,High,High,Kubernetes Deployment,Kubernetes Orchestration Deployment,REST API + gRPC/Event-Driven
4403,Low,4,Monthly,1,Medium,Low,Monolithic,Single Server Deployment,REST API
2059,Low,4,Monthly,2,Low,Low,Monolithic,Single Server Deployment,REST API
130882,High,44,Daily,15,High,High,Kubernetes Deployment,Kubernetes Orchestration Deployment,REST API + gRPC/Event-Driven
7675,Medium,7,Weekly,4,High,Medium,Containerized App,Docker Container Deployment,REST API
14506,Low,14,Weekly,3,Medium,Medium,Containerized App,Docker Container Deployment,REST API
16253,Medium,7,Monthly,4,High,Low,Containerized App,Docker Container Deployment,REST API
168496,High,40,Daily,25,High,High,Kubernetes Deployment,Kubernetes Orchestration Deployment,REST API + gRPC/Event-Driven
20973,High,27,Daily,9,Medium,Medium,Microservices,Microservices with Docker,REST API + gRPC
38059,Medium,17,Weekly,9,High,High,Microservices,Microservices with Docker,REST API + gRPC
24125,Medium,19,Daily,13,High,High,Microservices,Microservices with Docker,REST API + gRPC
3904,Low,3,Monthly,2,Low,Low,Monolithic,Single Server Deployment,REST API
164070,High,45,Daily,15,High,High,Kubernetes Deployment,Kubernetes Orchestration Deployment,REST API + gRPC/Event-Driven
21293,Medium,20,Daily,13,Medium,Medium,Microservices,Microservices with Docker,REST API + gRPC
16683,Low,12,Weekly,5,High,Low,Containerized App,Docker Container Deployment,REST API
8887,Low,15,Weekly,4,Medium,Low,Containerized App,Docker Container Deployment,REST API
43393,High,16,Weekly,12,Medium,Medium,Microservices,Microservices with Docker,REST API + gRPC
35833,High,26,Daily,14,Medium,High,Microservices,Microservices with Docker,REST API + gRPC
34042,High,28,Weekly,10,High,High,Microservices,Microservices with Docker,REST API + gRPC
353,Low,5,Monthly,3,Low,Low,Monolithic,Single Server Deployment,REST API
92973,High,21,Daily,11,High,High,Kubernetes Deployment,Kubernetes Orchestration Deployment,REST API + gRPC/Event-Driven
74355,High,28,Daily,14,High,High,Kubernetes Deployment,Kubernetes Orchestration Deployment,REST API + gRPC/Event-Driven
